$MeshFormat
2.2 0 8
$EndMeshFormat
$PhysicalNames
33
2 2 "Metal1_1_xy"
2 3 "Metal1_1_z"
2 4 "Metal1_2_xy"
2 5 "Metal1_2_z"
2 6 "Metal1_3_xy"
2 7 "Metal1_3_z"
2 8 "Metal1_4_xy"
2 9 "Metal1_4_z"
2 10 "Metal1_5_xy"
2 11 "Metal1_5_z"
2 12 "Metal1_6_xy"
2 13 "Metal1_6_z"
2 14 "Metal2_1_xy"
2 15 "Metal2_1_z"
2 16 "Metal2_2_xy"
2 17 "Metal2_2_z"
2 18 "Metal2_3_xy"
2 19 "Metal2_3_z"
2 26 "RHIGH"
2 27 "RPPD"
2 28 "RSIL"
2 29 "P1"
2 30 "P2"
2 31 "Absorbing_boundary"
2 32 "PEC_boundary"
2 33 "PMC_boundary"
3 1 "Cont"
3 20 "AIR"
3 21 "Passive"
3 22 "SiO2"
3 23 "EPI"
3 24 "Substrate"
3 25 "airbox"
$EndPhysicalNames
$Nodes
2384
1 3.29 5.015 184.15
2 3.29 5.175 184.15
3 4.15 5.175 184.15
4 4.15 5.015 184.15
5 3.29 5.015 184.79
6 3.29 5.175 184.79
7 4.15 5.175 184.79
8 4.15 5.015 184.79
9 3.29 2.79 184.15
10 3.29 2.95 184.15
11 4.15 2.95 184.15
12 4.15 2.79 184.15
13 3.29 2.79 184.79
14 3.29 2.95 184.79
15 4.15 2.95 184.79
16 4.15 2.79 184.79
17 -2.7 16.37 184.15
18 -2.7 16.53 184.15
19 -0.8400000000000001 16.53 184.15
20 -0.8400000000000001 16.37 184.15
21 -2.7 16.37 184.79
22 -2.7 16.53 184.79
23 -0.8400000000000001 16.53 184.79
24 -0.8400000000000001 16.37 184.79
25 -2.7 2.91 184.15
26 -2.7 3.07 184.15
27 -0.8400000000000001 3.07 184.15
28 -0.8400000000000001 2.91 184.15
29 -2.7 2.91 184.79
30 -2.7 3.07 184.79
31 -0.8400000000000001 3.07 184.79
32 -0.8400000000000001 2.91 184.79
33 6.720000000000001 5.885000000000001 184.15
34 6.720000000000001 6.045 184.15
35 8.58 6.045 184.15
36 8.58 5.885000000000001 184.15
37 6.720000000000001 5.885000000000001 184.79
38 6.720000000000001 6.045 184.79
39 8.58 6.045 184.79
40 8.58 5.885000000000001 184.79
41 6.720000000000001 4 184.15
42 6.720000000000001 4.16 184.15
43 8.58 4.16 184.15
44 8.58 4 184.15
45 6.720000000000001 4 184.79
46 6.720000000000001 4.16 184.79
47 8.58 4.16 184.79
48 8.58 4 184.79
49 -3.4 1 185.75
50 -3.4 17.8 185.75
51 0 17.8 185.75
52 0 1 185.75
53 -3.4 1 186.24
54 -3.4 17.8 186.24
55 0 17.8 186.24
56 0 1 186.24
57 2.8 1.4 185.75
58 2.8 6.4 185.75
59 4.8 6.4 185.75
60 4.8 1.4 185.75
61 2.8 1.4 186.24
62 2.8 6.4 186.24
63 4.8 6.4 186.24
64 4.8 1.4 186.24
65 6 1.4 185.75
66 6 7.600000000000001 185.75
67 9.4 7.600000000000001 185.75
68 9.4 1.4 185.75
69 6 1.4 186.24
70 6 7.600000000000001 186.24
71 9.4 7.600000000000001 186.24
72 9.4 1.4 186.24
73 -2.75 1.6 184.79
74 -2.75 1.6 185.21
75 -2.75 3.12 185.21
76 -2.75 3.12 184.79
77 -0.8 1.6 184.79
78 -0.79 3.12 184.79
79 -0.79 2.86 184.79
80 -0.8 2.86 184.79
81 -0.8 1.6 185.21
82 -0.79 3.12 185.21
83 -0.79 2.86 185.21
84 -0.8 2.86 185.21
85 3.24 4.945 184.79
86 3.24 4.945 185.21
87 3.24 6.2 185.21
88 3.24 6.2 184.79
89 4.2 4.945 184.79
90 4.2 6.2 184.79
91 4.2 4.945 185.21
92 4.2 6.2 185.21
93 3.24 1.6 184.79
94 3.24 1.6 185.21
95 3.24 3.02 185.21
96 3.24 3.02 184.79
97 4.2 1.6 184.79
98 4.2 3.02 184.79
99 4.2 1.6 185.21
100 4.2 3.02 185.21
101 6.669999999999999 5.835000000000001 184.79
102 6.669999999999999 5.835000000000001 185.21
103 6.67 7 185.21
104 6.67 7 184.79
105 8.6 7 184.79
106 8.6 6.095000000000001 184.79
107 8.630000000000001 6.095000000000001 184.79
108 8.630000000000001 5.835000000000001 184.79
109 8.630000000000001 5.835000000000001 185.21
110 8.6 7 185.21
111 8.6 6.095000000000001 185.21
112 8.630000000000001 6.095000000000001 185.21
113 6.67 2.2 184.79
114 6.67 2.2 185.21
115 6.67 4.21 185.21
116 6.67 4.21 184.79
117 8.6 2.2 184.79
118 8.630000000000001 4.21 184.79
119 8.630000000000001 3.95 184.79
120 8.6 3.95 184.79
121 8.6 2.2 185.21
122 8.630000000000001 4.21 185.21
123 8.630000000000001 3.95 185.21
124 8.6 3.95 185.21
125 -2.75 16.32 184.79
126 -2.75 16.32 185.21
127 -2.75 17.4 185.21
128 -2.75 17.4 184.79
129 -0.79 16.32 184.79
130 -0.79 16.32 185.21
131 -0.8 17.4 184.79
132 -0.8 16.58 184.79
133 -0.79 16.58 184.79
134 -0.8 17.4 185.21
135 -0.8 16.58 185.21
136 -0.79 16.58 185.21
137 -13.4 -9 199.8803
138 -13.4 -9 399.8803
139 -13.4 27.8 199.8803
140 -13.4 27.8 399.8803
141 19.4 27.8 199.8803
142 19.4 27.8 399.8803
143 19.4 -9 199.8803
144 19.4 -9 399.8803
145 -13.4 -9 199.4803
146 -13.4 27.8 199.4803
147 19.4 27.8 199.4803
148 19.4 -9 199.4803
149 -13.4 -9 183.75
150 -13.4 27.8 183.75
151 19.4 27.8 183.75
152 19.4 -9 183.75
153 -13.4 -9 180
154 -13.4 27.8 180
155 19.4 27.8 180
156 19.4 -9 180
157 -13.4 -9 0
158 -13.4 27.8 0
159 19.4 27.8 0
160 19.4 -9 0
161 -23.4 -19 409.8803
162 -23.4 -19 -10
163 -23.4 37.8 409.8803
164 -23.4 37.8 -10
165 29.4 -19 -10
166 29.4 -19 409.8803
167 29.4 37.8 409.8803
168 29.4 37.8 -10
169 -2.6 17.2 185.21
170 -2.6 17.2 185.75
171 -1 17.2 185.75
172 -1 17.2 185.21
173 -2.6 1.8 185.21
174 -2.6 1.8 185.75
175 -1 1.8 185.75
176 -1 1.8 185.21
177 -0.77 16.6 184.15
178 -2.77 16.6 184.15
179 -0.77 2.84 184.15
180 -2.77 2.84 184.15
181 8.65 6.115 184.15
182 6.65 6.115 184.15
183 8.65 5.685 184.15
184 6.65 5.685 184.15
185 4.22 5.245 184.15
186 3.22 5.245 184.15
187 4.22 4.815 184.15
188 3.22 4.815 184.15
189 8.65 3.93 184.15
190 8.65 4.36 184.15
191 6.65 3.93 184.15
192 6.65 4.36 184.15
193 4.22 2.72 184.15
194 4.22 3.15 184.15
195 3.22 2.72 184.15
196 3.22 3.15 184.15
197 3.719999999886061 5.175 184.15
198 3.72000000011394 5.015 184.15
199 3.29 5.015 184.47
200 3.29 5.175 184.47
201 4.15 5.175 184.47
202 3.719999999886061 5.175 184.79
203 4.15 5.015 184.47
204 3.72000000011394 5.015 184.79
205 3.719999999886061 2.95 184.15
206 3.72000000011394 2.79 184.15
207 3.29 2.79 184.47
208 3.29 2.95 184.47
209 4.15 2.95 184.47
210 3.719999999886061 2.95 184.79
211 4.15 2.79 184.47
212 3.72000000011394 2.79 184.79
213 -2.234995020637712 16.53 184.15
214 -1.770000000182983 16.53 184.15
215 -1.305004979362285 16.53 184.15
216 -1.305004979362288 16.37 184.15
217 -1.769999999817017 16.37 184.15
218 -2.234995020637715 16.37 184.15
219 -2.7 16.37 184.47
220 -2.7 16.53 184.47
221 -0.8400000000000001 16.53 184.47
222 -2.234995020637712 16.53 184.79
223 -1.770000000182983 16.53 184.79
224 -1.305004979362285 16.53 184.79
225 -0.8400000000000001 16.37 184.47
226 -1.305004979362288 16.37 184.79
227 -1.769999999817017 16.37 184.79
228 -2.234995020637715 16.37 184.79
229 -2.234995020637712 3.07 184.15
230 -1.770000000182983 3.07 184.15
231 -1.305004979362285 3.07 184.15
232 -1.305004979362288 2.91 184.15
233 -1.769999999817017 2.91 184.15
234 -2.234995020637715 2.91 184.15
235 -2.7 2.91 184.47
236 -2.7 3.07 184.47
237 -0.8400000000000001 3.07 184.47
238 -2.234995020637712 3.07 184.79
239 -1.770000000182983 3.07 184.79
240 -1.305004979362285 3.07 184.79
241 -0.8400000000000001 2.91 184.47
242 -1.305004979362288 2.91 184.79
243 -1.769999999817017 2.91 184.79
244 -2.234995020637715 2.91 184.79
245 7.185004979362288 6.045 184.15
246 7.649999999817017 6.045 184.15
247 8.114995020637716 6.045 184.15
248 8.114995020637712 5.885000000000001 184.15
249 7.650000000182984 5.885000000000001 184.15
250 7.185004979362286 5.885000000000001 184.15
251 6.720000000000001 5.885000000000001 184.47
252 6.720000000000001 6.045 184.47
253 8.58 6.045 184.47
254 7.185004979362288 6.045 184.79
255 7.649999999817017 6.045 184.79
256 8.114995020637716 6.045 184.79
257 8.58 5.885000000000001 184.47
258 8.114995020637712 5.885000000000001 184.79
259 7.650000000182984 5.885000000000001 184.79
260 7.185004979362286 5.885000000000001 184.79
261 7.185004979362288 4.16 184.15
262 7.649999999817017 4.16 184.15
263 8.114995020637716 4.16 184.15
264 8.114995020637712 4 184.15
265 7.650000000182984 4 184.15
266 7.185004979362286 4 184.15
267 6.720000000000001 4 184.47
268 6.720000000000001 4.16 184.47
269 8.58 4.16 184.47
270 7.185004979362288 4.16 184.79
271 7.649999999817017 4.16 184.79
272 8.114995020637716 4.16 184.79
273 8.58 4 184.47
274 8.114995020637712 4 184.79
275 7.650000000182984 4 184.79
276 7.185004979362286 4 184.79
277 -3.4 1.494414032211245 185.75
278 -3.4 1.988543754800534 185.75
279 -3.4 2.482568773782695 185.75
280 -3.4 2.976524772410146 185.75
281 -3.4 3.47056907099293 185.75
282 -3.4 3.964716799065718 185.75
283 -3.4 4.458963393515926 185.75
284 -3.4 4.953175488878857 185.75
285 -3.4 5.447283375254502 185.75
286 -3.4 5.941286323970227 185.75
287 -3.4 6.435251340198238 185.75
288 -3.4 6.929316471214336 185.75
289 -3.4 7.423484798868073 185.75
290 -3.4 7.917741084369085 185.75
291 -3.4 8.411931319708575 185.75
292 -3.4 8.906017452024347 185.75
293 -3.4 9.400000000000054 185.75
294 -3.4 9.893982547975803 185.75
295 -3.4 10.38806868029156 185.75
296 -3.4 10.88225891563101 185.75
297 -3.4 11.37651520113201 185.75
298 -3.4 11.87068352878572 185.75
299 -3.4 12.36474865980179 185.75
300 -3.4 12.85871367602975 185.75
301 -3.4 13.35271662474546 185.75
302 -3.4 13.84682451112113 185.75
303 -3.4 14.34103660648406 185.75
304 -3.4 14.83528320093429 185.75
305 -3.4 15.32943092900706 185.75
306 -3.4 15.82347522758982 185.75
307 -3.4 16.31743122621728 185.75
308 -3.4 16.81145624519946 185.75
309 -3.4 17.30558596778872 185.75
310 -2.914265845875046 17.8 185.75
311 -2.428552977748986 17.8 185.75
312 -1.942858502418125 17.8 185.75
313 -1.457141497581874 17.8 185.75
314 -0.9714470222510143 17.8 185.75
315 -0.4857341541249554 17.8 185.75
316 0 17.30558596778875 185.75
317 0 16.81145624519947 185.75
318 0 16.31743122621731 185.75
319 0 15.82347522758985 185.75
320 0 15.32943092900707 185.75
321 0 14.83528320093428 185.75
322 0 14.34103660648407 185.75
323 0 13.84682451112114 185.75
324 0 13.3527166247455 185.75
325 0 12.85871367602977 185.75
326 0 12.36474865980176 185.75
327 0 11.87068352878566 185.75
328 0 11.37651520113193 185.75
329 0 10.88225891563091 185.75
330 0 10.38806868029143 185.75
331 0 9.893982547975654 185.75
332 0 9.399999999999947 185.75
333 0 8.906017452024198 185.75
334 0 8.411931319708444 185.75
335 0 7.917741084368995 185.75
336 0 7.423484798867991 185.75
337 0 6.92931647121428 185.75
338 0 6.435251340198215 185.75
339 0 5.941286323970248 185.75
340 0 5.447283375254544 185.75
341 0 4.953175488878873 185.75
342 0 4.458963393515942 185.75
343 0 3.964716799065712 185.75
344 0 3.470569070992937 185.75
345 0 2.97652477241018 185.75
346 0 2.482568773782717 185.75
347 0 1.988543754800544 185.75
348 0 1.494414032211285 185.75
349 -0.485734154124954 1 185.75
350 -0.9714470222510144 1 185.75
351 -1.457141497581875 1 185.75
352 -1.942858502418126 1 185.75
353 -2.428552977748986 1 185.75
354 -2.914265845875045 1 185.75
355 -3.4 1.494414032211245 186.24
356 -3.4 1.988543754800534 186.24
357 -3.4 2.482568773782695 186.24
358 -3.4 2.976524772410146 186.24
359 -3.4 3.47056907099293 186.24
360 -3.4 3.964716799065718 186.24
361 -3.4 4.458963393515926 186.24
362 -3.4 4.953175488878857 186.24
363 -3.4 5.447283375254502 186.24
364 -3.4 5.941286323970227 186.24
365 -3.4 6.435251340198238 186.24
366 -3.4 6.929316471214336 186.24
367 -3.4 7.423484798868073 186.24
368 -3.4 7.917741084369085 186.24
369 -3.4 8.411931319708575 186.24
370 -3.4 8.906017452024347 186.24
371 -3.4 9.400000000000054 186.24
372 -3.4 9.893982547975803 186.24
373 -3.4 10.38806868029156 186.24
374 -3.4 10.88225891563101 186.24
375 -3.4 11.37651520113201 186.24
376 -3.4 11.87068352878572 186.24
377 -3.4 12.36474865980179 186.24
378 -3.4 12.85871367602975 186.24
379 -3.4 13.35271662474546 186.24
380 -3.4 13.84682451112113 186.24
381 -3.4 14.34103660648406 186.24
382 -3.4 14.83528320093429 186.24
383 -3.4 15.32943092900706 186.24
384 -3.4 15.82347522758982 186.24
385 -3.4 16.31743122621728 186.24
386 -3.4 16.81145624519946 186.24
387 -3.4 17.30558596778872 186.24
388 -2.914265845875046 17.8 186.24
389 -2.428552977748986 17.8 186.24
390 -1.942858502418125 17.8 186.24
391 -1.457141497581874 17.8 186.24
392 -0.9714470222510143 17.8 186.24
393 -0.4857341541249554 17.8 186.24
394 0 17.30558596778875 186.24
395 0 16.81145624519947 186.24
396 0 16.31743122621731 186.24
397 0 15.82347522758985 186.24
398 0 15.32943092900707 186.24
399 0 14.83528320093428 186.24
400 0 14.34103660648407 186.24
401 0 13.84682451112114 186.24
402 0 13.3527166247455 186.24
403 0 12.85871367602977 186.24
404 0 12.36474865980176 186.24
405 0 11.87068352878566 186.24
406 0 11.37651520113193 186.24
407 0 10.88225891563091 186.24
408 0 10.38806868029143 186.24
409 0 9.893982547975654 186.24
410 0 9.399999999999947 186.24
411 0 8.906017452024198 186.24
412 0 8.411931319708444 186.24
413 0 7.917741084368995 186.24
414 0 7.423484798867991 186.24
415 0 6.92931647121428 186.24
416 0 6.435251340198215 186.24
417 0 5.941286323970248 186.24
418 0 5.447283375254544 186.24
419 0 4.953175488878873 186.24
420 0 4.458963393515942 186.24
421 0 3.964716799065712 186.24
422 0 3.470569070992937 186.24
423 0 2.97652477241018 186.24
424 0 2.482568773782717 186.24
425 0 1.988543754800544 186.24
426 0 1.494414032211285 186.24
427 -0.485734154124954 1 186.24
428 -0.9714470222510144 1 186.24
429 -1.457141497581875 1 186.24
430 -1.942858502418126 1 186.24
431 -2.428552977748986 1 186.24
432 -2.914265845875045 1 186.24
433 2.8 1.900048447125521 185.75
434 2.8 2.400042780301874 185.75
435 2.8 2.900032794852976 185.75
436 2.8 3.400018494653664 185.75
437 2.8 3.899999999913065 185.75
438 2.8 4.399981505346318 185.75
439 2.8 4.899967205147006 185.75
440 2.8 5.399957219698115 185.75
441 2.8 5.899951552874473 185.75
442 3.300009888733251 6.4 185.75
443 3.799999999788485 6.4 185.75
444 4.299990111266757 6.4 185.75
445 4.8 5.89995155287448 185.75
446 4.8 5.399957219698127 185.75
447 4.8 4.899967205147025 185.75
448 4.8 4.399981505346337 185.75
449 4.8 3.900000000086936 185.75
450 4.8 3.400018494653683 185.75
451 4.8 2.900032794852994 185.75
452 4.8 2.400042780301885 185.75
453 4.8 1.900048447125528 185.75
454 4.29999011126675 1.4 185.75
455 3.800000000211516 1.4 185.75
456 3.300009888733244 1.4 185.75
457 2.8 1.900048447125521 186.24
458 2.8 2.400042780301874 186.24
459 2.8 2.900032794852976 186.24
460 2.8 3.400018494653664 186.24
461 2.8 3.899999999913065 186.24
462 2.8 4.399981505346318 186.24
463 2.8 4.899967205147006 186.24
464 2.8 5.399957219698115 186.24
465 2.8 5.899951552874473 186.24
466 3.300009888733251 6.4 186.24
467 3.799999999788485 6.4 186.24
468 4.299990111266757 6.4 186.24
469 4.8 5.89995155287448 186.24
470 4.8 5.399957219698127 186.24
471 4.8 4.899967205147025 186.24
472 4.8 4.399981505346337 186.24
473 4.8 3.900000000086936 186.24
474 4.8 3.400018494653683 186.24
475 4.8 2.900032794852994 186.24
476 4.8 2.400042780301885 186.24
477 4.8 1.900048447125528 186.24
478 4.29999011126675 1.4 186.24
479 3.800000000211516 1.4 186.24
480 3.300009888733244 1.4 186.24
481 6 1.876957841166607 185.75
482 6 2.353904612020097 185.75
483 6 2.830814374100227 185.75
484 6 3.307696333481775 185.75
485 6 3.784635716634856 185.75
486 6 4.261561299352374 185.75
487 6 4.73843870031918 185.75
488 6 5.215364283365136 185.75
489 6 5.692303666518223 185.75
490 6 6.169185625899758 185.75
491 6 6.646095387979891 185.75
492 6 7.123042158833369 185.75
493 6.485734154124954 7.600000000000001 185.75
494 6.971447022251015 7.600000000000001 185.75
495 7.457141497581875 7.600000000000001 185.75
496 7.942858502418126 7.600000000000001 185.75
497 8.428552977748986 7.600000000000001 185.75
498 8.914265845875045 7.600000000000001 185.75
499 9.4 7.123042158833393 185.75
500 9.4 6.646095387979904 185.75
501 9.4 6.169185625899773 185.75
502 9.4 5.692303666518226 185.75
503 9.4 5.215364283365146 185.75
504 9.4 4.738438700647627 185.75
505 9.4 4.261561299680821 185.75
506 9.4 3.784635716634865 185.75
507 9.4 3.307696333481778 185.75
508 9.4 2.830814374100243 185.75
509 9.4 2.35390461202011 185.75
510 9.4 1.876957841166632 185.75
511 8.914265845875047 1.4 185.75
512 8.428552977748986 1.4 185.75
513 7.942858502418125 1.4 185.75
514 7.457141497581874 1.4 185.75
515 6.971447022251015 1.4 185.75
516 6.485734154124955 1.4 185.75
517 6 1.876957841166607 186.24
518 6 2.353904612020097 186.24
519 6 2.830814374100227 186.24
520 6 3.307696333481775 186.24
521 6 3.784635716634856 186.24
522 6 4.261561299352374 186.24
523 6 4.73843870031918 186.24
524 6 5.215364283365136 186.24
525 6 5.692303666518223 186.24
526 6 6.169185625899758 186.24
527 6 6.646095387979891 186.24
528 6 7.123042158833369 186.24
529 6.485734154124954 7.600000000000001 186.24
530 6.971447022251015 7.600000000000001 186.24
531 7.457141497581875 7.600000000000001 186.24
532 7.942858502418126 7.600000000000001 186.24
533 8.428552977748986 7.600000000000001 186.24
534 8.914265845875045 7.600000000000001 186.24
535 9.4 7.123042158833393 186.24
536 9.4 6.646095387979904 186.24
537 9.4 6.169185625899773 186.24
538 9.4 5.692303666518226 186.24
539 9.4 5.215364283365146 186.24
540 9.4 4.738438700647627 186.24
541 9.4 4.261561299680821 186.24
542 9.4 3.784635716634865 186.24
543 9.4 3.307696333481778 186.24
544 9.4 2.830814374100243 186.24
545 9.4 2.35390461202011 186.24
546 9.4 1.876957841166632 186.24
547 8.914265845875047 1.4 186.24
548 8.428552977748986 1.4 186.24
549 7.942858502418125 1.4 186.24
550 7.457141497581874 1.4 186.24
551 6.971447022251015 1.4 186.24
552 6.485734154124955 1.4 186.24
553 -2.75 1.980005903453768 185.21
554 -2.75 2.359999999894956 185.21
555 -2.75 2.739994096546232 185.21
556 -2.75 2.739994096546232 184.79
557 -2.75 2.360000000105043 184.79
558 -2.75 1.980005903453768 184.79
559 -1.287508907117987 1.6 184.79
560 -1.774999999798908 1.6 184.79
561 -2.26249109288201 1.6 184.79
562 -2.259990075985935 3.12 184.79
563 -1.7699980368843 3.12 184.79
564 -1.280006003935671 3.12 184.79
565 -0.8 2.440002762482378 184.79
566 -0.8 2.02000378775571 184.79
567 -1.287508907117987 1.6 185.21
568 -1.774999999798908 1.6 185.21
569 -2.26249109288201 1.6 185.21
570 -1.280006003935671 3.12 185.21
571 -1.769998036477991 3.12 185.21
572 -2.259990075985934 3.12 185.21
573 -0.8 2.440002762482378 185.21
574 -0.8 2.02000378775571 185.21
575 3.24 5.363334925525484 185.21
576 3.24 5.781665074320299 185.21
577 3.24 5.781665074474517 184.79
578 3.24 5.363334925679702 184.79
579 3.720000000132273 4.945 184.79
580 3.719999999867728 6.2 184.79
581 4.2 5.781665074474517 184.79
582 4.2 5.363334925679702 184.79
583 3.720000000132273 4.945 185.21
584 3.719999999867728 6.2 185.21
585 4.2 5.363334925525484 185.21
586 4.2 5.781665074320299 185.21
587 3.24 2.073335431111158 185.21
588 3.24 2.546664568698525 185.21
589 3.24 2.546664568888843 184.79
590 3.24 2.073335431301476 184.79
591 3.720000000132273 1.6 184.79
592 3.719999999867728 3.02 184.79
593 4.2 2.546664568888843 184.79
594 4.2 2.073335431301476 184.79
595 3.720000000132273 1.6 185.21
596 3.719999999867728 3.02 185.21
597 4.2 2.073335431111158 185.21
598 4.2 2.546664568698525 185.21
599 6.669999999999999 6.223334664349901 185.21
600 6.67 6.611665335517182 185.21
601 6.67 6.6116653356501 184.79
602 6.669999999999999 6.223334664482818 184.79
603 7.152508765531493 7 184.79
604 7.634999999803009 7 184.79
605 8.11749123446851 7 184.79
606 8.6 6.547498534149978 184.79
607 8.13999399606433 5.835000000000001 184.79
608 7.650001963522009 5.835000000000001 184.79
609 7.160009924014065 5.835000000000001 184.79
610 7.160009924014065 5.835000000000001 185.21
611 7.6500019631157 5.835000000000001 185.21
612 8.139993996064328 5.835000000000001 185.21
613 7.152508765531493 7 185.21
614 7.634999999803009 7 185.21
615 8.11749123446851 7 185.21
616 8.6 6.547498534149978 185.21
617 6.67 2.602010712547071 185.21
618 6.67 3.004004305144275 185.21
619 6.67 3.405995694428699 185.21
620 6.67 3.807989287452932 185.21
621 6.67 3.807989287452929 184.79
622 6.67 3.405995694855725 184.79
623 6.67 3.004004305571301 184.79
624 6.67 2.602010712547068 184.79
625 8.117491234468506 2.2 184.79
626 7.635000000196991 2.2 184.79
627 7.15250876553149 2.2 184.79
628 7.160009924014065 4.21 184.79
629 7.650001963115701 4.21 184.79
630 8.139993996064328 4.21 184.79
631 8.6 3.512500457306611 184.79
632 8.6 3.075005274598133 184.79
633 8.6 2.637510076101814 184.79
634 8.117491234468506 2.2 185.21
635 7.635000000196991 2.2 185.21
636 7.15250876553149 2.2 185.21
637 8.13999399606433 4.21 185.21
638 7.650001963522009 4.21 185.21
639 7.160009924014066 4.21 185.21
640 8.6 3.512500457306611 185.21
641 8.6 3.075005274598133 185.21
642 8.6 2.637510076101814 185.21
643 -2.75 16.68000115935185 185.21
644 -2.75 17.0399988405339 185.21
645 -2.75 17.03999884064816 184.79
646 -2.75 16.6800011594661 184.79
647 -2.259990075985935 16.32 184.79
648 -1.7699980368843 16.32 184.79
649 -1.280006003935671 16.32 184.79
650 -1.280006003935671 16.32 185.21
651 -1.769998036477991 16.32 185.21
652 -2.259990075985934 16.32 185.21
653 -2.262491092882013 17.4 184.79
654 -1.775000000201092 17.4 184.79
655 -1.28750890711799 17.4 184.79
656 -0.8 16.98999864264888 184.79
657 -2.262491092882013 17.4 185.21
658 -1.775000000201092 17.4 185.21
659 -1.28750890711799 17.4 185.21
660 -0.8 16.98999864264888 185.21
661 -13.4 -9 220.6614339654116
662 -13.4 -9 248.7657927721949
663 -13.4 -9 286.7751957020191
664 -13.4 -9 338.1758982257076
665 -13.4 27.8 220.6614339654116
666 -13.4 27.8 248.7657927721949
667 -13.4 27.8 286.7751957020191
668 -13.4 27.8 338.1758982257076
669 -13.4 3.424699029445115 199.8803
670 -13.4 15.37530097055485 199.8803
671 19.4 27.8 230.2321889558305
672 19.4 27.8 272.5825506190213
673 19.4 27.8 331.6342075472352
674 2.13357859951965 27.8 199.8803
675 19.4 -9 220.7576239223263
676 19.4 -9 248.9511290468198
677 19.4 -9 287.0252892268151
678 19.4 -9 338.4399446475747
679 19.4 8.453930630630222 199.8803
680 2.903108556333741 -9 199.8803
681 -13.4 3.429374783164411 199.4803
682 -13.4 15.37062521683555 199.4803
683 2.1169795368658 27.8 199.4803
684 19.4 8.436188956269497 199.4803
685 2.899611733208538 -9 199.4803
686 -13.4 0.6677044565014398 183.75
687 -13.4 9.400000000000038 183.75
688 -13.4 18.1322955434986 183.75
689 -3.060949951465092 27.8 183.75
690 6.709852887491229 27.8 183.75
691 19.4 13.50914077554326 183.75
692 19.4 2.631460519856006 183.75
693 8.007028361813429 -9 183.75
694 -2.337432689754529 -9 183.75
695 -13.4 3.571769218206382 180
696 -13.4 15.2349776554853 180
697 -3.015864846032509 27.8 180
698 6.870843095951335 27.8 180
699 19.4 13.70641528928552 180
700 19.4 2.67543560146931 180
701 8.054845853110434 -9 180
702 -2.322443543963843 -9 180
703 -13.4 -9 60.91571488253918
704 -13.4 -9 106.0286761544549
705 -13.4 -9 138.8267593063875
706 -13.4 -9 162.6682680745903
707 -13.4 27.8 60.91571494343243
708 -13.4 27.8 106.02867624302
709 -13.4 27.8 138.8267594030521
710 -13.4 27.8 162.6682681878257
711 19.4 27.8 66.15510365095189
712 19.4 27.8 117.0797023714266
713 19.4 27.8 153.6861788735394
714 19.4 -9 60.63716328252142
715 19.4 -9 105.7264588258578
716 19.4 -9 138.5910407747643
717 19.4 -9 162.5430443948422
718 -23.4 -19 65.9520681220063
719 -23.4 -19 120.9286618432509
720 -23.4 -19 160.7215985677769
721 -23.4 -19 190.0751682499624
722 -23.4 -19 221.8451384676931
723 -23.4 -19 265.6738315309734
724 -23.4 -19 326.2321606792482
725 -23.4 37.8 65.95206816728231
726 -23.4 37.8 120.9286618935376
727 -23.4 37.8 160.7215986073709
728 -23.4 37.8 190.0751682439087
729 -23.4 37.8 221.8451384615574
730 -23.4 37.8 265.6738315253225
731 -23.4 37.8 326.2321606753447
732 29.4 -19 65.81154536066434
733 29.4 -19 120.7844277429671
734 29.4 -19 160.6457352022345
735 29.4 -19 190.1043568766623
736 29.4 -19 221.9779235257621
737 29.4 -19 265.8704236662317
738 29.4 -19 326.4087016712202
739 29.4 37.8 71.66191523206253
740 29.4 37.8 130.7202646072273
741 29.4 37.8 173.4307048637249
742 29.4 37.8 209.1085187351406
743 29.4 37.8 255.8567925162734
744 29.4 37.8 320.4985403434753
745 -2.6 17.2 185.48
746 -2.199993123553819 17.2 185.75
747 -1.800000000076091 17.2 185.75
748 -1.400006876446184 17.2 185.75
749 -1 17.2 185.48
750 -1.400006876446181 17.2 185.21
751 -1.799999999923909 17.2 185.21
752 -2.199993123553816 17.2 185.21
753 -2.6 1.8 185.48
754 -2.199993123553819 1.8 185.75
755 -1.800000000076091 1.8 185.75
756 -1.400006876446184 1.8 185.75
757 -1 1.8 185.48
758 -1.400006876446181 1.8 185.21
759 -1.799999999923909 1.8 185.21
760 -2.199993123553816 1.8 185.21
761 -1.270010766069312 16.6 184.15
762 -1.769999999788484 16.6 184.15
763 -2.269989233930695 16.6 184.15
764 -0.77 3.331832759538708 184.15
765 -0.77 3.8231957302202 184.15
766 -0.77 4.314596845529486 184.15
767 -0.77 4.806033051894882 184.15
768 -0.77 5.297501559525674 184.15
769 -0.77 5.788947438257211 184.15
770 -0.77 6.280356372911157 184.15
771 -0.77 6.771729512685505 184.15
772 -0.77 7.263064584915204 184.15
773 -0.77 7.754381793708728 184.15
774 -0.77 8.245731228119643 184.15
775 -0.77 8.737117507865959 184.15
776 -0.77 9.228540512905504 184.15
777 -0.77 9.720000000000004 184.15
778 -0.77 10.2114594870945 184.15
779 -0.77 10.70288249213405 184.15
780 -0.77 11.19426877188035 184.15
781 -0.77 11.68561820629129 184.15
782 -0.77 12.17693541508479 184.15
783 -0.77 12.66827048731446 184.15
784 -0.77 13.15964362708876 184.15
785 -0.77 13.65105256174272 184.15
786 -0.77 14.1424984404743 184.15
787 -0.77 14.6339669481051 184.15
788 -0.77 15.12540315447049 184.15
789 -0.77 15.61680426977976 184.15
790 -0.77 16.10816724046125 184.15
791 -2.77 16.1081672404613 184.15
792 -2.77 15.6168042697798 184.15
793 -2.77 15.12540315447051 184.15
794 -2.77 14.63396694810512 184.15
795 -2.77 14.14249844047433 184.15
796 -2.77 13.65105256174279 184.15
797 -2.77 13.15964362708885 184.15
798 -2.77 12.6682704873145 184.15
799 -2.77 12.1769354150848 184.15
800 -2.77 11.68561820629127 184.15
801 -2.77 11.19426877188036 184.15
802 -2.77 10.70288249213404 184.15
803 -2.77 10.2114594870945 184.15
804 -2.77 9.719999999999997 184.15
805 -2.77 9.228540512905496 184.15
806 -2.77 8.737117507865952 184.15
807 -2.77 8.245731228119649 184.15
808 -2.77 7.754381793708708 184.15
809 -2.77 7.26306458491521 184.15
810 -2.77 6.771729512685546 184.15
811 -2.77 6.280356372911241 184.15
812 -2.77 5.78894743825728 184.15
813 -2.77 5.297501559525703 184.15
814 -2.77 4.8060330518949 184.15
815 -2.77 4.314596845529509 184.15
816 -2.77 3.823195730220242 184.15
817 -2.77 3.331832759538747 184.15
818 -2.269989233930688 2.84 184.15
819 -1.770000000211516 2.84 184.15
820 -1.270010766069305 2.84 184.15
821 8.149990641761219 6.115 184.15
822 7.650000000211516 6.115 184.15
823 7.150009358238774 6.115 184.15
824 8.149990641761219 5.685 184.15
825 7.650000000211516 5.685 184.15
826 7.150009358238774 5.685 184.15
827 3.720000000143513 5.245 184.15
828 3.720000000143513 4.815 184.15
829 7.150009358238781 3.93 184.15
830 7.649999999788485 3.93 184.15
831 8.149990641761226 3.93 184.15
832 7.150009358238781 4.36 184.15
833 7.649999999788485 4.36 184.15
834 8.149990641761226 4.36 184.15
835 3.719999999856487 2.72 184.15
836 3.719999999856487 3.15 184.15
837 6.65 5.243331536534658 184.15
838 6.65 4.80166846363108 184.15
839 8.65 4.801668463465342 184.15
840 8.65 5.24333153636892 184.15
841 3.22 4.398742974310234 184.15
842 3.22 3.982500000082391 184.15
843 3.22 3.566257025689773 184.15
844 4.22 3.566257025689767 184.15
845 4.22 3.982499999917609 184.15
846 4.22 4.398742974310228 184.15
847 3.29 5.095 184.31
848 3.29 5.095 184.63
849 3.829668452061086 5.175 184.47
850 3.531124412501251 5.175 184.3658479681085
851 3.525953610559109 5.175 184.5892398405426
852 4.15 5.095 184.31
853 4.15 5.095 184.63
854 3.610331547938914 5.015 184.47
855 3.908875587498749 5.015 184.3658479681085
856 3.914046389440891 5.015 184.5892398405426
857 3.29 2.87 184.31
858 3.29 2.87 184.63
859 3.829668452061086 2.95 184.47
860 3.531124412501251 2.95 184.3658479681085
861 3.525953610559109 2.95 184.5892398405426
862 4.15 2.87 184.31
863 4.15 2.87 184.63
864 3.610331547938914 2.79 184.47
865 3.908875587498749 2.79 184.3658479681085
866 3.914046389440891 2.79 184.5892398405426
867 -2.7 16.45 184.63
868 -2.7 16.45 184.31
869 -1.537502489772634 16.53 184.47
870 -2.002497510410348 16.53 184.47
871 -2.383395813652636 16.53 184.47
872 -1.156604186358477 16.53 184.47
873 -0.8400000000000001 16.45 184.31
874 -0.8400000000000001 16.45 184.63
875 -2.002497510227366 16.37 184.47
876 -1.537502489589652 16.37 184.47
877 -1.156604186347364 16.37 184.47
878 -2.383395813641523 16.37 184.47
879 -2.7 2.99 184.31
880 -2.7 2.99 184.63
881 -1.537502489772634 3.07 184.47
882 -2.002497510410348 3.07 184.47
883 -2.383395813652636 3.07 184.47
884 -1.156604186358477 3.07 184.47
885 -0.8400000000000001 2.99 184.31
886 -0.8400000000000001 2.99 184.63
887 -2.002497510227366 2.91 184.47
888 -1.537502489589652 2.91 184.47
889 -1.156604186347364 2.91 184.47
890 -2.383395813641523 2.91 184.47
891 6.720000000000001 5.965 184.31
892 6.720000000000001 5.965000000000001 184.63
893 7.882497510227367 6.045 184.47
894 7.417502489589653 6.045 184.47
895 7.036604186347365 6.045 184.47
896 8.263395813641523 6.045 184.47
897 8.58 5.965 184.31
898 8.58 5.965 184.63
899 7.417502489772635 5.885000000000001 184.47
900 7.882497510410348 5.885000000000001 184.47
901 8.263395813652636 5.885000000000001 184.47
902 7.036604186358478 5.885000000000001 184.47
903 6.720000000000001 4.08 184.31
904 6.720000000000001 4.08 184.63
905 7.882497510227367 4.16 184.47
906 7.417502489589653 4.16 184.47
907 7.036604186347365 4.16 184.47
908 8.263395813641523 4.16 184.47
909 8.58 4.08 184.31
910 8.58 4.08 184.63
911 7.417502489772635 4 184.47
912 7.882497510410348 4 184.47
913 8.263395813652636 4 184.47
914 7.036604186358478 4 184.47
915 -3.4 17.55279298389436 185.995
916 -3.4 1.247207016105623 185.995
917 -3.4 7.670612941618579 185.995
918 -3.4 11.12938705838151 185.995
919 -3.4 14.58815990370917 185.995
920 -3.4 4.211840096290822 185.995
921 -3.4 4.706069441197392 185.995
922 -3.4 14.09393055880259 185.995
923 -3.4 8.164836202038831 185.995
924 -3.4 10.63516379796128 185.995
925 -3.4 7.176400635041205 185.995
926 -3.4 11.62359936495887 185.995
927 -3.4 3.717642935029324 185.995
928 -3.4 15.08235706497068 185.995
929 -3.4 1.74147889350589 185.995
930 -3.4 17.05852110649409 185.995
931 -3.4 13.59977056793329 185.995
932 -3.4 5.20022943206668 185.995
933 -3.4 8.658974385866461 185.995
934 -3.4 10.14102561413368 185.995
935 -3.4 6.682283905706287 185.995
936 -3.4 12.11771609429375 185.995
937 -3.4 3.223546921701538 185.995
938 -3.4 15.57645307829844 185.995
939 -3.4 16.56444373570837 185.995
940 -3.4 2.235556264291615 185.995
941 -3.4 5.694284849612364 185.995
942 -3.4 13.10571515038761 185.995
943 -3.4 9.646991273987929 185.995
944 -3.4 9.1530087260122 185.995
945 -3.4 6.188268832084233 185.995
946 -3.4 12.61173116791577 185.995
947 -3.4 16.07045322690355 185.995
948 -3.4 2.729546773096421 185.995
949 -1.7 17.8 185.995
950 -0.7285873331231358 17.8 185.995
951 -2.67141256230044 17.8 185.995
952 -1.214294121068625 17.8 185.995
953 -2.185705866108438 17.8 185.995
954 -0.242867077062479 17.8 185.995
955 -3.157132922937523 17.8 185.995
956 0 1.247207016105644 185.995
957 0 17.55279298389438 185.995
958 0 11.12938705838142 185.995
959 0 7.670612941618494 185.995
960 0 4.211840096290828 185.995
961 0 14.58815990370918 185.995
962 0 14.09393055880261 185.995
963 0 4.706069441197407 185.995
964 0 10.63516379796117 185.995
965 0 8.164836202038719 185.995
966 0 11.62359936495879 185.995
967 0 7.176400635041135 185.995
968 0 15.08235706497068 185.995
969 0 3.717642935029325 185.995
970 0 17.05852110649411 185.995
971 0 1.741478893505914 185.995
972 0 5.20022943206671 185.995
973 0 13.59977056793332 185.995
974 0 10.14102561413354 185.995
975 0 8.658974385866321 185.995
976 0 12.11771609429371 185.995
977 0 6.682283905706248 185.995
978 0 15.57645307829846 185.995
979 0 3.223546921701558 185.995
980 0 2.235556264291631 185.995
981 0 16.56444373570839 185.995
982 0 13.10571515038763 185.995
983 0 5.694284849612398 185.995
984 0 9.153008726012072 185.995
985 0 9.646991273987801 185.995
986 0 12.61173116791577 185.995
987 0 6.188268832084232 185.995
988 0 2.729546773096448 185.995
989 0 16.07045322690358 185.995
990 -1.7 1 185.995
991 -2.671412609977216 1 185.995
992 -0.728587388278974 1 185.995
993 -2.185705881702212 1 185.995
994 -1.214294114400056 1 185.995
995 -3.157132922937521 1 185.995
996 -0.242867077062477 1 185.995
997 -1.700000000000002 2.550158335014386 186.2399999999999
998 -1.699999999999998 16.24984166498562 186.2399999999999
999 -1.73417924258916 6.254168249249471 186.2399999999999
1000 -1.696076362611294 12.66232217691345 186.2399999999999
1001 -1.7260978582939 9.086773820773454 186.2399999999999
1002 -1.684607571011038 4.190616913576193 186.2399999999999
1003 -1.699999999999998 14.58812784998031 186.2399999999999
1004 -1.668370514007101 11.00412616756595 186.2399999999999
1005 -0.7470103806593613 1.693724753057901 186.2399999999999
1006 -2.652989619340642 17.1062752469421 186.2399999999999
1007 -0.7470103806593485 17.10627524694211 186.2399999999999
1008 -2.652989619340651 1.693724753057884 186.2399999999999
1009 -1.869428526234131 7.67168679969138 186.2399999999999
1010 -0.913891199659023 3.223546921701559 186.2399999999999
1011 -2.486108800340985 3.22354692170154 186.2399999999999
1012 -2.486108800340975 15.57645307829844 186.2399999999999
1013 -0.913891199659017 15.57645307829846 186.2399999999999
1014 -0.9723620531751456 7.133095438829363 186.2399999999999
1015 -0.9795283950387581 8.215898855796045 186.2399999999999
1016 -1.7 1.830638908487801 186.2399999999999
1017 -1.7 16.9693610915122 186.2399999999999
1018 -1.060501354816461 5.203411839565057 186.2399999999999
1019 -2.247144071249759 5.069515605907347 186.2399999999999
1020 -2.353171621478681 13.59979469818279 186.2399999999999
1021 -1.046011506081969 13.59979548334555 186.2399999999999
1022 -2.277423450949772 11.75800839984566 186.2399999999999
1023 -1.100499730691727 11.75500681525452 186.2399999999999
1024 -0.9812476473672282 10.14102561413354 186.2399999999999
1025 -2.282782551314522 10.25154353878474 186.2399999999999
1026 -2.49616480802749 8.658974385866461 186.2399999999999
1027 -2.496168881016378 6.682283905706287 186.2399999999999
1028 -0.7963437136234071 4.213061176027149 186.2399999999999
1029 -2.59790247042618 4.206195049523364 186.2399999999999
1030 -2.907188825400224 2.235556264291615 186.2399999999999
1031 -2.603644228490331 14.58627981652929 186.2399999999999
1032 -0.7963222948790296 14.58627984870642 186.2399999999999
1033 -2.907188825400222 16.56444373570837 186.2399999999999
1034 -2.182416122078831 1.410610280458586 186.2399999999999
1035 -2.182416122078829 17.38938971954141 186.2399999999999
1036 -0.725662272489112 9.153848187234232 186.2399999999999
1037 -0.7520154510198808 6.189970483491104 186.2399999999999
1038 -2.654996989456722 12.63102644204576 186.2399999999999
1039 -0.7392004503623476 12.63149863913926 186.2399999999999
1040 -0.4928111745997745 2.23555626429163 186.2399999999999
1041 -0.4928111745997681 16.56444373570839 186.2399999999999
1042 -1.217583877921172 1.410610280458587 186.2399999999999
1043 -1.217583877921169 17.38938971954141 186.2399999999999
1044 -2.741634356764164 5.829213671290725 186.2399999999999
1045 -2.707227399205003 11.06879607047577 186.2399999999999
1046 -0.6610423045143536 11.0503765669015 186.2399999999999
1047 -2.747870805839203 9.51443936378717 186.2399999999999
1048 -2.681498445498086 7.670612941618579 186.2399999999999
1049 -0.4768132873417332 7.672388793668028 186.2399999999999
1050 -0.4321039846554922 2.729546773096446 186.2399999999999
1051 -0.4321039846554893 16.07045322690358 186.2399999999999
1052 -2.967896015344509 16.07045322690356 186.2399999999999
1053 -2.967896015344509 2.729546773096422 186.2399999999999
1054 -0.4857215580025431 3.717733850661269 186.2399999999999
1055 -2.914277657305775 15.08222326307757 186.2399999999999
1056 -0.4857201641338151 15.08222326517156 186.2399999999999
1057 -2.913904000622095 3.717287023395037 186.2399999999999
1058 -2.881987777223141 4.724711462231195 186.2399999999999
1059 -0.4845819656533312 14.03082078220215 186.2399999999999
1060 -2.915301865895062 14.03082067054316 186.2399999999999
1061 -0.48728054855639 4.769575194748774 186.2399999999999
1062 -0.4493174605885635 8.58674728985654 186.2399999999999
1063 -0.4546169155969799 9.728673621915894 186.2399999999999
1064 -0.488885189312555 12.07534222875984 186.2399999999999
1065 -2.899145454597615 12.08590946169397 186.2399999999999
1066 -0.4548223659815205 6.755001041668829 186.2399999999999
1067 -0.4710942896438979 13.17928226241899 186.2399999999999
1068 -0.4841952546870221 5.631744577678781 186.2399999999999
1069 -2.9244081587405 13.1748760505696 186.2399999999999
1070 -0.3811318285938112 8.16094146867961 186.2399999999999
1071 -0.4506920517662671 11.62489444914038 186.2399999999999
1072 -0.3837531396097131 7.182534338626615 186.2399999999999
1073 -2.96294763998056 11.62359936495887 186.2399999999999
1074 -2.998576329222848 13.60100651103243 186.2399999999999
1075 -0.4236465723341933 5.200609392230407 186.2399999999999
1076 -0.4003375522758394 13.60188793276667 186.2399999999999
1077 -0.369240855580117 10.13952102461091 186.2399999999999
1078 -0.4103397149363763 10.54585465873803 186.2399999999999
1079 -2.934153241047413 5.204779920712526 186.2399999999999
1080 -2.954668997256148 7.176412826016008 186.2399999999999
1081 -2.954666632403252 8.164825350432629 186.2399999999999
1082 -2.957781126609264 10.1251258725946 186.2399999999999
1083 -2.958252275892598 10.57759523213374 186.2399999999999
1084 -2.981779261712258 9.136094988464908 186.2399999999999
1085 -2.979795061026171 6.205178318205833 186.2399999999999
1086 -0.3081861336960789 1.297034696317295 186.2399999999999
1087 -3.091813866303921 17.50296530368271 186.2399999999999
1088 -0.3081861336960763 17.50296530368272 186.2399999999999
1089 -3.091813866303924 1.297034696317283 186.2399999999999
1090 3.78987130445447 3.633017688724986 185.75
1091 3.800079038663603 5.171309233669482 185.75
1092 3.800000000000001 2.594465057997247 185.75
1093 3.378529123229218 5.793749828204836 185.75
1094 4.220425162395546 5.795005366430349 185.75
1095 4.238895808903722 4.742859142840189 185.75
1096 3.492975020736733 4.65702611107493 185.75
1097 3.393743588898812 3.15002564475332 185.75
1098 4.206256411101196 3.150025644753339 185.75
1099 4.216661834439436 1.983331741660981 185.75
1100 3.383338165560564 1.98333174166098 185.75
1101 3.254760112880237 2.650037787577425 185.75
1102 3.233144250463672 3.628980395311546 185.75
1103 3.382106359073639 4.061840148387732 185.75
1104 4.345239887119763 2.65003778757744 185.75
1105 4.354192988105246 3.647414924132243 185.75
1106 4.176647578786957 4.152035189955548 185.75
1107 3.254270522440028 5.167895632275165 185.75
1108 4.355824791359225 5.16842374110991 185.75
1109 3.067026898344279 6.122209622303841 185.75
1110 4.549995055633374 1.650024223562764 185.75
1111 3.050004944366622 1.65002422356276 185.75
1112 4.530103818415576 6.123739229826207 185.75
1113 2.8 6.149975776437237 185.995
1114 2.8 1.65002422356276 185.995
1115 2.8 5.649954386286294 185.995
1116 2.8 2.150045613713697 185.995
1117 2.8 5.149962212422561 185.995
1118 2.8 2.650037787577425 185.995
1119 2.8 3.15002564475332 185.995
1120 2.8 4.649974355246663 185.995
1121 2.8 4.149990752629691 185.995
1122 2.8 3.650009247283364 185.995
1123 3.050004944366625 6.4 185.995
1124 4.549995055633378 6.4 185.995
1125 4.049995055527621 6.4 185.995
1126 3.550004944260868 6.4 185.995
1127 4.8 1.650024223562764 185.995
1128 4.8 6.14997577643724 185.995
1129 4.8 2.150045613713707 185.995
1130 4.8 5.649954386286304 185.995
1131 4.8 2.65003778757744 185.995
1132 4.8 5.149962212422576 185.995
1133 4.8 3.150025644753339 185.995
1134 4.8 4.64997435524668 185.995
1135 4.8 3.65000924737031 185.995
1136 4.8 4.149990752716636 185.995
1137 4.549995055633374 1.4 185.995
1138 3.050004944366622 1.4 185.995
1139 3.55000494447238 1.4 185.995
1140 4.049995055739132 1.4 185.995
1141 3.780279301241745 3.62610364161241 186.24
1142 3.800079038663603 5.171309233669482 186.24
1143 3.804789817584707 2.420933208045458 186.24
1144 3.378529123229218 5.793749828204836 186.24
1145 4.220425162395546 5.795005366430349 186.24
1146 4.225220911827502 4.741181206870327 186.24
1147 3.480399990692036 4.655878602882912 186.24
1148 3.416539263641453 3.119670390491868 186.24
1149 4.206256411101196 3.150025644753339 186.24
1150 4.393506166273993 2.608183832491884 186.24
1151 4.390359556290581 2.139725997213591 186.24
1152 3.216252708834644 2.607960786477837 186.24
1153 3.212966033024421 2.139140812116434 186.24
1154 3.254270522440028 5.167895632275165 186.24
1155 4.355824791359225 5.16842374110991 186.24
1156 4.340288402195023 3.645464636181583 186.24
1157 4.114906298632175 4.151175399801544 186.24
1158 3.234353389119692 3.624701072866929 186.24
1159 3.368323163280942 4.05964003707053 186.24
1160 3.55000494447238 1.800129022120692 186.24
1161 4.054193013055537 1.801062652931802 186.24
1162 3.067026898344279 6.122209622303841 186.24
1163 4.492987813624794 1.705105819178276 186.24
1164 3.107689430908601 1.704869194184407 186.24
1165 4.530103818415576 6.123739229826207 186.24
1166 7.666734723660554 4.329309091558437 185.75
1167 7.153170082844884 6.385808522562607 185.75
1168 8.285798147094809 2.566879262284878 185.75
1169 8.269503646794616 5.22888038712912 185.75
1170 7.17681187189256 3.561964234270983 185.75
1171 6.584758154806879 1.978973766336544 185.75
1172 8.812712448411796 7.009866290551151 185.75
1173 8.369033295422327 3.54893744319714 185.75
1174 6.945913255114728 5.045205093407685 185.75
1175 8.678712817939795 4.446553255228115 185.75
1176 8.846460084399636 1.960082048960925 185.75
1177 7.710027993359779 2.049916834469082 185.75
1178 6.565414334792298 7.032468484344135 185.75
1179 7.7 6.921858589746517 185.75
1180 6.548225852473802 5.869276716155618 185.75
1181 8.804932012106278 5.897335101105941 185.75
1182 6.578878282432786 3.105540551124189 185.75
1183 6.665305427171236 4.137836042627647 185.75
1184 8.837423092636049 3.069255353791011 185.75
1185 8.940802472280252 3.943692286522333 185.75
1186 8.881011687840049 4.976901492006386 185.75
1187 8.19248890818311 7.08696167638568 185.75
1188 7.174420734044903 7.109709035255126 185.75
1189 7.21292182775173 1.89488932170751 185.75
1190 8.242739541004267 1.875375629142977 185.75
1191 6.388508704705371 5.354150888158939 185.75
1192 6.483210241632928 6.429366900894225 185.75
1193 6.484199116299316 3.57953457562789 185.75
1194 6.402220270503791 4.606580442448131 185.75
1195 6.49207136472176 2.58797220101433 185.75
1196 8.918261129515882 6.395513697694094 185.75
1197 6.347328446064777 4.991947881539814 185.75
1198 8.989451772067726 3.530843426725426 185.75
1199 8.950951156693273 5.404521240402695 185.75
1200 8.953936264826099 2.556187130231433 185.75
1201 8.10701079528209 6.247433696471578 185.75
1202 7.296720386369131 2.670627701490594 185.75
1203 6.242867077062477 7.361521079416685 185.75
1204 9.14638789864842 1.651351916840838 185.75
1205 9.157132922937523 7.361521079416697 185.75
1206 6.242867077062478 1.638478920583304 185.75
1207 6 3.546166025058315 185.995
1208 6 5.453833974941679 185.995
1209 6 4.97690637341822 185.995
1210 6 4.023093304165603 185.995
1211 6 6.407646352853384 185.995
1212 6 2.592353956643584 185.995
1213 6 4.499999879026763 185.995
1214 6 5.930743153627253 185.995
1215 6 3.069257822213746 185.995
1216 6 2.115426565162394 185.995
1217 6 6.884573438334562 185.995
1218 6 7.361521079416689 185.995
1219 6 1.638478920583303 185.995
1220 7.7 7.600000000000001 185.995
1221 6.728587262019476 7.600000000000001 185.995
1222 8.67141256598736 7.600000000000001 185.995
1223 8.185705887716299 7.600000000000001 185.995
1224 7.214294103428712 7.600000000000001 185.995
1225 9.157132922937523 7.600000000000001 185.995
1226 6.242867077062477 7.600000000000001 185.995
1227 9.4 5.453833974941686 185.995
1228 9.4 3.546166025058325 185.995
1229 9.4 4.023093596247567 185.995
1230 9.4 4.976906403908933 185.995
1231 9.4 2.592353939535996 185.995
1232 9.4 6.407646052067901 185.995
1233 9.4 4.500000000136506 185.995
1234 9.4 3.069257013733788 185.995
1235 9.4 5.930743012854844 185.995
1236 9.4 6.884573675977178 185.995
1237 9.4 2.115426633167391 185.995
1238 9.4 1.638478920583312 185.995
1239 9.4 7.361521079416697 185.995
1240 7.7 1.4 185.995
1241 6.728587434533896 1.4 185.995
1242 8.6714125644011 1.4 185.995
1243 7.214294123635736 1.4 185.995
1244 8.185705873997746 1.4 185.995
1245 6.242867077062478 1.4 185.995
1246 9.157132922937523 1.4 185.995
1247 7.699999999988621 4.500000000000001 186.24
1248 7.106793997402936 6.291237273234829 186.24
1249 8.293206002587818 2.708762726765172 186.24
1250 6.63025789588563 2.059202218921698 186.24
1251 8.769742104103798 6.940797781078302 186.24
1252 8.102539195573792 5.474669361681461 186.24
1253 7.297460804400814 3.52533063831854 186.24
1254 8.378407779328144 3.672844996900589 186.24
1255 7.02159222065653 5.327155003099412 186.24
1256 8.566721474661261 4.500000000164224 186.24
1257 6.833278525315253 4.499999999835778 186.24
1258 8.841452085459274 1.977121141739398 186.24
1259 7.535056755388839 2.193032117768907 186.24
1260 6.558547914537146 7.022878858260603 186.24
1261 7.864943244598417 6.806967882231094 186.24
1262 8.772088865925888 5.930744646209 186.24
1263 6.627911133987967 3.069255353791001 186.24
1264 6.562576907363951 5.930744646208991 186.24
1265 8.837423092636049 3.069255353791011 186.24
1266 8.881011687793057 4.023098508157843 186.24
1267 6.518988312198084 4.976901491842158 186.24
1268 8.881011687840049 4.976901492006386 186.24
1269 6.518988312151094 4.023098507993615 186.24
1270 6.420631488043712 5.428493818206784 186.24
1271 8.979368511951451 3.571506181793217 186.24
1272 6.492837926458781 3.535651403493252 186.24
1273 8.907162073516631 5.464348596506749 186.24
1274 8.234952428592754 7.216380979134328 186.24
1275 7.165047571403022 1.783619020865673 186.24
1276 8.208225264720609 1.935783197254695 186.24
1277 7.191774735274278 7.064216802745305 186.24
1278 8.954416236136629 2.587971641683187 186.24
1279 6.445583763860807 6.412028358316814 186.24
1280 9.085457742507423 6.421705860291745 186.24
1281 6.314542257468399 2.578294139708256 186.24
1282 6.261070517165525 7.336480254273493 186.24
1283 9.13892948283358 1.663519745726508 186.24
1284 9.121001987494711 7.315959984977924 186.24
1285 6.278998012502647 1.684040015022076 186.24
1286 8.081398061133914 5.022499999963169 184.15
1287 7.210476657419889 5.022500000029219 184.15
1288 8.387746645768591 5.424731565254861 184.15
1289 6.914690631328972 4.627411641667483 184.15
1290 8.387746645768594 4.620268434678712 184.15
1291 6.91469063132897 5.417588358395933 184.15
1292 3.719999999979498 3.731478190352486 184.15
1293 3.719999999999999 4.306576255398089 184.15
1294 3.470000000071757 4.606871487155117 184.15
1295 3.943969179443186 3.366730197802335 184.15
1296 3.970000000071756 4.606871487155114 184.15
1297 3.494675613195526 3.36717801563644 184.15
1298 -2.75 2.910213624696871 185.0000000000049
1299 -2.75 1.809786375303129 184.999999999995
1300 -2.75 2.170002951779406 184.999999999905
1301 -2.75 2.549997048220594 185.000000000095
1302 -2.506245546441005 1.6 185
1303 -1.043754453558994 1.6 185
1304 -2.018745546340459 1.6 185
1305 -1.531254453458448 1.6 185
1306 -0.8 1.810001893877855 185
1307 -0.8 2.230003275119045 185
1308 -0.8 2.650001381241189 185
1309 -2.504995037992967 3.12 185
1310 -1.035003001967835 3.12 185
1311 -2.01499405633354 3.12 185
1312 -1.525002020308408 3.12 185
1313 -0.79 2.99 185
1314 3.24 5.154167462839851 184.9999999999232
1315 3.24 5.990832537160149 185.0000000000768
1316 3.24 5.5725 185
1317 3.72 5.572499999922891 185.21
1318 3.92501457720298 5.975587269346927 185.21
1319 3.51498542279702 5.169412730575964 185.21
1320 3.512435464759038 5.974476098223515 185.21
1321 3.927564535240962 5.170523901699377 185.21
1322 3.480000000066136 4.945 185
1323 3.960000000066136 4.945 185
1324 4.2 5.990832537160149 185.0000000000768
1325 4.2 5.154167462839851 184.9999999999232
1326 4.2 5.5725 185
1327 3.959999999933864 6.2 185
1328 3.479999999933864 6.2 185
1329 3.24 1.836667715603158 185
1330 3.24 2.783332284396842 185
1331 3.24 2.31 185
1332 3.72 2.309999999930948 185.21
1333 3.884373784936913 2.733870391546753 185.21
1334 3.555626215063087 1.886129608364902 185.21
1335 3.560874756960928 2.726106992035165 185.21
1336 3.879125243039072 1.893893007881402 185.21
1337 3.480000000066136 1.6 185
1338 3.960000000066136 1.6 185
1339 4.2 2.783332284396842 185
1340 4.2 1.836667715603158 185
1341 4.2 2.31 185
1342 3.959999999933864 3.02 185
1343 3.479999999933864 3.02 185
1344 6.67 6.049384568168738 184.9999999999513
1345 6.67 6.785615431838186 185.0000000000422
1346 6.67 6.417500000001154 184.9999999999989
1347 7.186966089983263 6.418342368451619 185.21
1348 8.036024862583632 6.438073771209574 185.21
1349 6.917028936519566 6.046887793000113 185.21
1350 6.913961771863064 6.788173147610057 185.21
1351 8.358745617234254 6.773749267074989 185.21
1352 6.915004962007032 5.835 185
1353 8.384996998032165 5.835 185
1354 7.40500594366646 5.835 185
1355 7.894997979691592 5.835 185
1356 6.911254382765747 7 185
1357 8.358745617234256 7 185
1358 7.876245617135759 7 185
1359 7.393754382667251 7 185
1360 8.630000000000001 5.965000000000001 185
1361 8.6 6.773749267074989 185
1362 8.6 6.32124926707499 185
1363 6.67 4.008994643726464 185
1364 6.67 2.401005356273536 185
1365 6.67 2.803005907313535 185
1366 6.67 3.606994112067805 185
1367 6.67 3.205000033246805 185
1368 7.729432249197968 3.232074494652984 185.21
1369 8.064748579025245 3.720696015212453 185.21
1370 7.229535552166766 3.631719974395293 185.21
1371 7.18881755182155 2.828480989560845 185.21
1372 8.055984817295995 2.735697342364632 185.21
1373 6.915004962007033 4.008994643726465 185.21
1374 8.218391885448691 3.293752865952372 185.21
1375 6.917738094603256 2.441446477168852 185.21
1376 8.358745617234254 2.418755038050907 185.21
1377 6.911254382765745 2.2 185
1378 8.358745617234254 2.2 185
1379 7.39375438286424 2.2 185
1380 7.876245617332748 2.2 185
1381 8.6 2.418755038050907 185
1382 8.6 3.731250228653305 185
1383 8.6 2.856257675349974 185
1384 8.6 3.293752865952372 185
1385 6.915004962007033 4.21 185
1386 8.384996998032165 4.21 185
1387 7.40500594366646 4.21 185
1388 7.894997979691592 4.21 185
1389 8.630000000000001 4.08 185
1390 -2.75 17.19376039547865 185.0000000000275
1391 -2.75 16.52623960452968 184.9999999999653
1392 -2.75 16.86000000000139 184.9999999999988
1393 -2.504995037992968 16.32 185
1394 -1.035003001967835 16.32 185
1395 -2.01499405633354 16.32 185
1396 -1.525002020308408 16.32 185
1397 -2.506245546441006 17.4 185
1398 -1.043754453558995 17.4 185
1399 -1.531254453659541 17.4 185
1400 -2.018745546541552 17.4 185
1401 -0.79 16.45 185
1402 -0.8 17.19499932132444 185
1403 -0.8 16.78499932132444 185
1404 -13.4 9.399999999999984 220.3866661330702
1405 -13.4 9.399999999999999 369.0280991128538
1406 -13.4 9.399999999999999 312.4755469638633
1407 -13.4 9.400000000000002 267.770494237107
1408 2.999999999999998 27.8 367.3926764432357
1409 4.133437224120142 27.8 218.2848499489178
1410 -5.13324604409005 27.8 209.6767209785824
1411 19.4 9.400000000000002 367.4586880487025
1412 19.4 9.232632522077342 218.9855862408299
1413 19.4 -0.273034684684891 210.3189619611631
1414 3 -9 369.0941107183206
1415 2.984124414001727 -9 237.276246091343
1416 3 -9 312.6040819505291
1417 3.003694611717656 -9 215.7891719587163
1418 2.893137627971974 -9 267.770494237107
1419 4.548968381601721 9.2677135742021 199.8802999999999
1420 9.775920098797478 18.62196336926498 199.8802999999999
1421 -3.16856399922873 18.0662107233033 199.8802999999999
1422 -2.926751229979219 0.7679804137956836 199.8802999999999
1423 9.882474789542659 0.3158153659581693 199.8802999999999
1424 -5.669269369521245 9.38038094226021 199.8802999999999
1425 2.999999999999999 9.4 399.8803
1426 4.545872614333295 9.264879026006367 199.4803
1427 9.769359699106197 18.62553391340006 199.4803
1428 -3.171772461964193 18.06602652170593 199.4803
1429 -2.928004155707102 0.7683906040981636 199.4803
1430 9.87643340523308 0.3132749302024322 199.4803
1431 -5.670780800667599 9.379859230362085 199.4803
1432 -13.4 -1.681899792773229 191.5219635617557
1433 -13.4 20.5738137064167 191.5103274696417
1434 -13.4 13.79403125264378 189.927969055684
1435 -13.4 5.493421796468002 191.1492178087786
1436 10.79444811140876 27.8 191.5071619843397
1437 -5.56028244073663 27.8 191.3922858178883
1438 2.200009628712813 27.8 189.9759495604456
1439 19.4 19.38633243295319 191.61515
1440 19.4 -2.806515130247089 191.61515
1441 13.70351418090671 -9 191.61515
1442 -7.868716344877271 -9 191.61515
1443 2.969412066343391 11.69872951464024 183.7499999999999
1444 -2.390536698033888 1.973280333990063 183.7499999999999
1445 8.646529998300718 1.799716964220041 183.7499999999999
1446 -5.774807810484803 9.942252999813928 183.7499999999999
1447 -0.04743195251679078 7.272394990080373 183.7499999999999
1448 2.926447734011648 2.662715749760773 183.7499999999999
1449 6.064375888603582 7.42782443367463 183.7499999999999
1450 3.150027916668054 6.733728024700732 183.7499999999999
1451 0.6327577975911129 4.461338213292225 183.7499999999999
1452 -4.104449751802135 5.789357155414029 183.7499999999999
1453 6.114496582017555 3.948228407256785 183.7499999999999
1454 5.434572829033292 0.9166011558198548 183.7499999999999
1455 1.163079571565985 -3.634193325337906 183.7499999999999
1456 8.966966699684821 5.440507508272816 183.7499999999999
1457 0.4518696155052417 1.759247357601806 183.7499999999999
1458 10.6301036600935 12.92774133073191 183.7499999999999
1459 3.191330825136022 -0.4868424941793474 183.7499999999999
1460 -2.922596080919299 19.44272377159085 183.7499999999999
1461 -1.2906437682909 13.52405446757855 183.7499999999999
1462 -7.975280682769113 15.01005266806456 183.7499999999999
1463 2.359427986793859 17.27274662430182 183.7499999999999
1464 -1.876643850784093 10.30014516782093 183.7499999999999
1465 -2.71396203557068 7.803841456962882 183.7499999999999
1466 -2.030932256651846 5.809676923172493 183.7499999999999
1467 3.992605445962706 4.770586023355487 183.7499999999999
1468 4.580562407957173 3.02302449087564 183.7499999999999
1469 -1.168302810984079 8.651830261200505 183.7499999999999
1470 7.03817756491421 5.517483058259357 183.7499999999999
1471 8.044609073018552 3.853093224589767 183.7499999999999
1472 4.992405062942152 5.506767027864935 183.7499999999999
1473 8.01857012789355 6.855236251756514 183.7499999999999
1474 13.1713323650171 7.830649272642889 183.7499999999999
1475 12.77146598411018 3.75140059713617 183.7499999999999
1476 7.024585998208763 1.964969834754088 183.7499999999999
1477 6.712899718334941 11.17356930031943 183.7499999999999
1478 -7.827995054351626 1.962722314353337 183.7499999999999
1479 -5.573085332935851 -2.499972394186333 183.7499999999999
1480 -1.550308889762261 3.924094450080172 183.7499999999999
1481 -3.812644105540657 3.901034808453594 183.7499999999999
1482 1.817068780730052 9.621331247473222 183.7499999999999
1483 -3.870890749014377 11.97860235816671 183.7499999999999
1484 2.012513870646207 4.507031813894166 183.7499999999999
1485 13.79433479313543 -3.414716787157579 183.7499999999999
1486 -0.07397533798157241 16.99468803500259 183.7499999999999
1487 -3.23557905546158 15.71234715046205 183.7499999999999
1488 -3.766966264325173 14.0612571907078 183.7499999999999
1489 0.5214917186413173 20.13234124581125 183.7499999999999
1490 -1.355144306699917 15.12264541525425 183.7499999999999
1491 1.253330283969656 14.17846003643263 183.7499999999999
1492 0.3824537259632974 12.18447221068176 183.7499999999999
1493 4.306571151976094 8.776946714964916 183.7499999999999
1494 -1.483106416907053 7.537107543534537 183.7499999999999
1495 -1.8957936731303 16.75490871180299 183.7499999999999
1496 -1.015216654744647 18.38248123917218 183.7499999999999
1497 11.14019010911559 19.81367889900891 183.7499999999999
1498 9.558883586251383 -2.274161343918472 183.7499999999999
1499 8.037216714855902 4.948085044000749 183.7499999999999
1500 -1.600125736082173 11.69469499220408 183.7499999999999
1501 1.195638798906371 6.105130579314453 183.7499999999999
1502 3.810683378641072 1.371283483335302 183.7499999999999
1503 -6.505607911952322 18.05101926921694 183.7499999999999
1504 -1.518505116480594 -0.9446426152102685 183.7499999999999
1505 -2.577270117429855 9.149975366313079 183.7499999999999
1506 -3.455715617105889 10.20033994463724 183.7499999999999
1507 1.597979550956925 3.073288924749885 183.7499999999999
1508 -8.751215661950056 6.493377081946123 183.7499999999999
1509 -6.42542267655458 22.81440245487585 183.7499999999999
1510 -5.369315765025644 7.07109888232717 183.7499999999999
1511 5.681747923709088 -2.378648438187803 183.7499999999999
1512 -0.3884099650946764 5.464129195392459 183.7499999999999
1513 10.42024290200122 3.804900408466694 183.7499999999999
1514 12.62277694130419 0.5713054915944706 183.7499999999999
1515 10.10939069667815 7.286966251797191 183.7499999999999
1516 7.023290525129617 4.437137807089311 183.7499999999999
1517 9.180690583334034 4.43675092111301 183.7499999999999
1518 3.724301687344379 3.574788020342289 183.7499999999999
1519 -4.997684468813052 1.668610790427581 183.7499999999999
1520 -5.809169075189021 4.487854795267053 183.7499999999999
1521 7.605649702461632 0.09979150602876707 183.7499999999999
1522 -2.426213364689761 4.621658207629263 183.7499999999999
1523 -1.367785208099533 4.952754354921707 183.7499999999999
1524 -0.9434179846989474 2.339983221392113 183.7499999999999
1525 6.972434757334698 3.299239795771014 183.7499999999999
1526 -3.16821495531363 17.29656495226082 183.7499999999999
1527 -3.951102985698928 8.562384282462071 183.7499999999999
1528 -2.986920025362678 6.530129908572099 183.7499999999999
1529 -2.991406518960336 5.557440018895437 183.7499999999999
1530 -2.458426430509777 14.83836698981693 183.7499999999999
1531 9.128950025010102 3.163371362363402 183.7499999999999
1532 0.4117322057083004 9.94657117525183 183.7499999999999
1533 0.1513228589378999 8.636054719390451 183.7499999999999
1534 -9.309650250219388 11.2782388628511 183.7499999999999
1535 -2.555691188614179 3.312451098189881 183.7499999999999
1536 -5.966260479992564 12.98045339863362 183.7499999999999
1537 2.429447379100511 1.297861794586716 183.7499999999999
1538 -0.2075701708532431 15.25313162708766 183.7499999999999
1539 -2.239794006528798 22.62627331690235 183.7499999999999
1540 -1.104966668967484 6.456231164016024 183.7499999999999
1541 0.04733996435934706 3.196518279015841 183.7499999999999
1542 5.719063702323118 15.48481659134573 183.7499999999999
1543 4.998834106934627 4.104751382564851 183.7499999999999
1544 7.949365300103853 2.822387303047174 183.7499999999999
1545 -3.34547309888185 0.2964535331375213 183.7499999999999
1546 10.49327244468964 5.408891540173356 183.7499999999999
1547 -3.478972256356609 2.477757830237676 183.7499999999999
1548 1.284786534089364 10.92484091212718 183.7499999999999
1549 -1.177952016641446 0.8427799859074643 183.7499999999999
1550 9.402050337902423 9.297779375228442 183.7499999999999
1551 7.250209410118017 8.855401483234996 183.7499999999999
1552 -0.4155870520201512 10.93035697789207 183.7499999999999
1553 -2.947118051710986 13.00656245823323 183.7499999999999
1554 -0.2348476644108697 13.35293175269088 183.7499999999999
1555 3.843685208581766 2.44794791225678 183.7499999999999
1556 -1.970540060207123 8.406548716097415 183.7499999999999
1557 8.039598586408157 5.964153197597925 183.7499999999999
1558 9.087816895766341 6.44307101907027 183.7499999999999
1559 7.088843515334128 6.58053630422784 183.7499999999999
1560 -0.5833645380942358 14.29599314127903 183.7499999999999
1561 6.014487796592216 4.993163822591216 183.7499999999999
1562 -0.5878166577893 4.226261734016549 183.7499999999999
1563 3.950158703918494 5.86851696485216 183.7499999999999
1564 2.9197057334029 5.388460297809054 183.7499999999999
1565 0.5281027995920433 18.14765527379808 183.7499999999999
1566 -5.142133076157323 15.61007622501096 183.7499999999999
1567 -3.638304820781268 1.533412120127267 183.7499999999999
1568 -2.683566659860496 11.26859603660378 183.7499999999999
1569 -1.675471829678143 2.976880959412187 183.7499999999999
1570 4.988094061898732 21.34637336362109 183.7499999999999
1571 6.030660864717929 6.177951017412531 183.7499999999999
1572 0.7567963648978591 -0.1944303446580715 183.7499999999999
1573 5.684782186903956 2.766371553909882 183.7499999999999
1574 9.674768246138967 0.4726908624228443 183.7499999999999
1575 -2.11619592916835 6.878809864420762 183.7499999999999
1576 1.383738942007478 23.94099758526693 183.7499999999999
1577 4.694903929155307 6.892763790887214 183.7499999999999
1578 -2.614457346315948 12.16919772018992 183.7499999999999
1579 -2.405401918609076 13.80105734982058 183.7499999999999
1580 -1.146939482185709 16.1947376699605 183.7499999999999
1581 -1.233190092477876 17.20584051804826 183.7499999999999
1582 -2.115961782826083 15.83721067817833 183.7499999999999
1583 8.538366177172847 7.71234861264424 183.7499999999999
1584 3.297075403153255 1.944346721200869 183.7499999999999
1585 10.54412234947756 2.260564281033938 183.7499999999999
1586 -0.263659735989112 6.376473378434097 183.7499999999999
1587 2.664823299609449 3.638741569400665 183.7499999999999
1588 3.062790007393128 4.375921544960332 183.7499999999999
1589 -0.9360140256021672 12.58167890748244 183.7499999999999
1590 -0.7721219628238782 9.61704484206701 183.7499999999999
1591 -2.015799968512764 17.70062360614012 183.7499999999999
1592 1.793671505855409 7.812225924788869 183.7499999999999
1593 -3.316328660172447 4.949553783449616 183.7499999999999
1594 -2.603887366682898 16.40025787317605 183.7499999999999
1595 4.667988626841586 2.107785810326938 183.7499999999999
1596 -3.825150112692013 7.15136233714765 183.7499999999999
1597 -0.6415685642299724 8.000426089093931 183.7499999999999
1598 -0.7089674557004395 11.81657661622849 183.7499999999999
1599 -0.9374043872814379 3.334595693408705 183.7499999999999
1600 -1.965632232929136 12.79623006256796 183.7499999999999
1601 -1.632075709178165 9.239722298111742 183.7499999999999
1602 7.377589389833807 7.5113589659202 183.7499999999999
1603 -1.223023524703384 5.67069790937567 183.7499999999999
1604 -1.618596192440781 14.31642347274987 183.7499999999999
1605 2.789179029737579 11.53979602868939 179.9999999999999
1606 3.341105401744978 1.417788491068108 179.9999999999999
1607 11.77065447433845 7.678535626617621 179.9999999999999
1608 -2.844460786347489 5.769724567897965 179.9999999999999
1609 10.87476030085151 14.72230607355544 179.9999999999999
1610 -4.685137215112676 -3.88386397883548 179.9999999999999
1611 11.97535775424743 -2.428660073759932 179.9999999999999
1612 -5.275548703021339 14.818737606391 179.9999999999999
1613 1.21554074091758 20.84610987745556 179.9999999999999
1614 4.785523006091662 6.573338293706947 179.9999999999999
1615 0.8520533765636991 4.594735828103496 179.9999999999999
1616 7.077481897294256 11.20399564217692 179.9999999999999
1617 -5.623192041133758 21.05123567849363 179.9999999999999
1618 -2.100549144164577 10.75063171925717 179.9999999999999
1619 -7.553498466393521 8.970386298403936 179.9999999999999
1620 -0.1444236178424863 15.31195505664992 179.9999999999999
1621 8.056250447183743 2.309544558090748 179.9999999999999
1622 4.97323224423187 15.85667731007267 179.9999999999999
1623 7.948265139828403 21.44143331723777 179.9999999999999
1624 -1.576889965446948 0.9254082642536989 179.9999999999999
1625 1.372025321773208 -3.63155387507779 179.9999999999999
1626 6.559916955611958 -2.266576179935774 179.9999999999999
1627 12.8005656689424 2.558713928104437 179.9999999999999
1628 0.8104973692822064 8.090359580722795 179.9999999999999
1629 -7.496925891303412 1.285618552365891 179.9999999999999
1630 -2.546889294859222 17.98265099098206 179.9999999999999
1631 -13.4 9.40337343684584 162.5517381844787
1632 -13.4 9.399999999999999 30.4578574564929
1633 -13.4 9.40000001983147 124.5834765032839
1634 -13.4 9.399999999999999 83.47219555586162
1635 -13.4 9.39999998758233 143.5541530746945
1636 -13.4 -2.714115390896809 171.3341340372951
1637 -13.4 21.51748882774265 171.3341340939128
1638 5.378751547344459 27.8 167.3219800353954
1639 2.999999999999998 27.8 31.76770464859607
1640 -0.1846516153557634 27.8 83.47219559322619
1641 3.017531034147948 27.8 147.5774331510073
1642 19.4 9.671964477565563 166.4857119695306
1643 19.4 9.400000000000002 31.69806673336833
1644 19.4 10.38276041675379 143.7427666659185
1645 19.4 -1.854575105352879 171.9235104751962
1646 19.4 6.433255731615315 83.18181105418961
1647 2.953246720578196 -9 166.4311334253368
1648 3 -9 30.38821954126515
1649 2.882994622340217 -9 122.4277177304212
1650 3.000000000000004 -9 83.32700328634331
1651 3.033831293744385 -9 146.9443546572513
1652 2.999999999999999 9.4 0
1653 -23.4 9.399999998435781 175.3983834256397
1654 -23.4 9.400000003795327 138.6898782279976
1655 -23.4 9.399999998429294 207.3043911883325
1656 -23.4 9.400000000240276 246.3825545457021
1657 -23.4 9.399999999999995 368.0562303386482
1658 -23.4 9.40000002433619 93.44036503040995
1659 -23.4 9.400000003012376 295.9529961003336
1660 -23.4 9.399999999999999 27.97603407232215
1661 3.026396190137824 -19 174.3374558070275
1662 2.991917205843091 -19 138.4763740243142
1663 3.166459934983887 -19 206.0015019212133
1664 3.03329198699678 -19 236.2737638223747
1665 3 -19 368.1003655876171
1666 3 -19 27.94090337066766
1667 2.92510704492075 -19 93.44036498262861
1668 3 -19 296.0462793869183
1669 3 9.399999999999999 409.8803
1670 3 37.8 366.6228252547049
1671 0.6605408445359728 37.8 176.3471724438392
1672 0.2004859208034979 37.8 204.7748412172134
1673 2.629519392950147 37.8 145.0689147319115
1674 2.848550000087634 37.8 240.2251082980076
1675 3 37.8 29.4034958498362
1676 5.199674568414032 37.8 104.0866383924813
1677 4.890814079722311 37.8 284.0915273325386
1678 14.91525669133487 37.8 190.9153093149795
1679 3 9.399999999999999 -10
1680 29.4 7.137622879483949 176.1041050316915
1681 29.4 7.201751481251428 206.0411402012122
1682 29.4 8.066452115222681 143.1518611005849
1683 29.4 9.326055025474158 239.0413313022462
1684 29.4 9.399999999999995 366.6669605036739
1685 29.4 9.399999999999999 29.36836514818172
1686 29.4 12.03347167221428 103.0988570074934
1687 29.4 14.21536805301763 288.1776664298745
1688 29.4 22.48484359018384 191.1711172079423
1689 -2.21177987788157 2.224804724793934 184.79
1690 -1.336086572534715 2.244227192501309 184.79
1691 -2.529354979703857 2.628959764289042 184.79
1692 -1.0162183103794 2.672845990996738 184.79
1693 -2.501625355569973 1.81230605133878 184.79
1694 -1.052429036669124 1.850041787582426 184.79
1695 3.652929186939961 2.243361484862761 184.79
1696 3.563465665840614 2.574604062330237 184.79
1697 3.914399142149086 2.502994257897219 184.79
1698 3.543092193441619 1.888301476414368 184.79
1699 3.863523341631746 1.888195667983536 184.79
1700 7.567932145739499 3.100621398786507 184.79
1701 7.038234613114212 3.606992491154327 184.79
1702 8.33236892590028 3.731250228653305 184.79
1703 8.189446446986897 3.289619649497018 184.79
1704 8.153880099871257 2.703663521927105 184.79
1705 7.882497510410348 3.614677015710444 184.79
1706 6.892404211341955 2.425386859082002 184.79
1707 7.084375003463578 2.671801410431161 184.79
1708 7.006108352463458 3.157883060159804 184.79
1709 8.367842833584941 2.43529339950723 184.79
1710 3.840983102352918 5.57250000007711 184.79
1711 3.466196620447796 5.413500000046265 184.79
1712 3.91024577555513 5.938541268637936 184.79
1713 3.590245775555155 5.938541268637913 184.79
1714 6.929366654916816 6.373915157467234 184.79
1715 7.940873616424358 6.532896976042921 184.79
1716 8.361563041427742 6.330154526432726 184.79
1717 6.957638542705251 6.723898287177689 184.79
1718 8.333509611504379 6.715531648403458 184.79
1719 7.373556407433354 6.594592657492795 184.79
1720 -2.49477733648035 16.81481731081341 184.79
1721 -1.072502489681143 16.75700199174491 184.79
1722 -1.47979964926202 16.95756723418718 184.79
1723 -2.466088175238516 17.13829617220708 184.79
1724 -1.08100034528277 17.11536095500619 184.79
1725 -2.067580823005875 16.97060769255914 184.79
1726 -1.999996561814955 17.2 185.48
1727 -1.600003438185045 17.2 185.48
1728 -2.329933869251282 17.2 185.48
1729 -1.270066130748719 17.2 185.48
1730 -1.600003438185045 1.8 185.48
1731 -1.999996561738862 1.8 185.4799999999436
1732 -1.270066130748719 1.8 185.48
1733 -2.32993386924666 1.8 185.4799999999966
1734 -1.770000000000003 4.094034938324759 184.15
1735 -1.769999999999997 15.34596506167524 184.15
1736 -1.766677072155293 12.18718713795408 184.15
1737 -1.773332824753463 7.252812862687084 184.15
1738 -1.781902363871326 6.037815987103078 184.15
1739 -1.758097636128674 13.40218401289692 184.15
1740 -1.766260878170584 8.985627256640685 184.15
1741 -1.774851082399927 10.45441097236975 184.15
1742 -2.318189584109051 3.577514244879497 184.15
1743 -1.22181041589095 15.8624857551205 184.15
1744 -1.221810415890916 3.57751424487946 184.15
1745 -2.318189584109084 15.86248575512054 184.15
1746 -1.583231179505157 14.51739651282681 184.15
1747 -1.956768820494843 4.922603487173193 184.15
1748 -2.467497510318856 3.272432160723092 184.15
1749 -1.072502489681144 16.16756783927691 184.15
1750 -2.467497510318858 16.16756783927692 184.15
1751 -1.072502489681143 3.27243216072308 184.15
1752 -2.209316494528047 10.86483855922914 184.15
1753 -1.33187632188914 8.575161518045913 184.15
1754 -1.461876646987652 10.93686210200597 184.15
1755 -2.078123353012348 8.503137897994034 184.15
1756 -2.179448369584272 6.526042942798393 184.15
1757 -1.360551630415728 12.91395705720161 184.15
1758 -1.360551630415701 6.526042942798331 184.15
1759 -2.179448369584299 12.91395705720167 184.15
1760 -1.451815734372957 9.476699456433366 184.15
1761 -2.089651345150726 9.963428872717037 184.15
1762 -2.128719137948575 13.91047690731193 184.15
1763 -1.411280862051425 5.529523092688073 184.15
1764 -1.260947482854207 14.95482281979366 184.15
1765 -2.279052517145794 4.485177180206345 184.15
1766 -1.353913061105366 13.86662603453711 184.15
1767 -2.186086938894636 5.573373965462887 184.15
1768 -2.369626296842104 15.36853480719742 184.15
1769 -2.26787531864004 14.89658319642747 184.15
1770 -2.344394435492979 14.38823269428972 184.15
1771 -1.170373703157895 4.071465192802584 184.15
1772 -1.272124681359961 4.543416803572532 184.15
1773 -1.195605564507021 5.051767305710279 184.15
1774 -1.177044200748653 15.37620192643268 184.15
1775 -2.362955799251348 4.063798073567321 184.15
1776 -2.337487534470047 6.041307341306576 184.15
1777 -1.202512465529954 13.39869265869343 184.15
1778 -1.346704421878658 10.04952920065469 184.15
1779 -1.224686430253247 10.47102885085179 184.15
1780 -2.193897382748544 9.39054840235568 184.15
1781 -2.315656322786295 8.968994315552369 184.15
1782 -1.381564292821956 11.54912058729179 184.15
1783 -1.182753513857801 11.97194070357755 184.15
1784 -1.177757527404648 12.38329481562528 184.15
1785 -2.158435707178044 7.890879412708209 184.15
1786 -2.357246486142199 7.468059296422448 184.15
1787 -2.362242472595352 7.056705184374723 184.15
1788 -2.124796444383949 11.47215555077799 184.15
1789 -2.354045065091654 11.9511702965482 184.15
1790 -2.361785126730986 12.38032761462111 184.15
1791 -1.415312510191811 7.967844456280487 184.15
1792 -1.185954934908346 7.488829703451802 184.15
1793 -1.178214873269014 7.059672385378894 184.15
1794 -1.226196086614301 8.999221949947399 184.15
1795 -2.316871155601322 10.44077824875987 184.15
1796 -2.32139765340785 13.40534809441582 184.15
1797 -1.218602346592148 6.034651905584185 184.15
1798 7.408753584498889 5.785 184.15
1799 7.891246415698358 5.785 184.15
1800 3.487500000064363 4.915 184.15
1801 3.952500000064363 4.915 184.15
1802 7.891246415501111 4.26 184.15
1803 7.408753584301643 4.26 184.15
1804 3.952499999935637 3.05 184.15
1805 3.487499999935637 3.05 184.15
1806 -1.806828514998064 15.4924558587392 185.7499999999999
1807 -1.43856945563842 3.442689433171124 185.7499999999999
1808 -1.678246360751355 6.188307148189529 185.7499999999999
1809 -1.695295985471101 12.63746282537559 185.7499999999999
1810 -1.72799507559675 9.086218262556143 185.7499999999999
1811 -2.360177645765546 16.1355665686262 185.7499999999999
1812 -2.568611109726447 2.82325006974372 185.7499999999999
1813 -0.9733140933585469 2.693569349239819 185.7499999999999
1814 -2.077536565888213 4.73034809599053 185.7499999999999
1815 -1.668590418311584 11.01057817543023 185.7499999999999
1816 -0.6737845007373959 16.68771571366031 185.7499999999999
1817 -2.234599272579975 14.58815990370917 185.7499999999999
1818 -1.000360231770898 4.361819597255207 185.7499999999999
1819 -1.056601327858741 14.68083345788428 185.7499999999999
1820 -1.885040671423805 7.669240163338403 185.7499999999999
1821 -2.529482128167888 3.71164502668258 185.7499999999999
1822 -0.9745243200726454 5.287066537581654 185.7499999999999
1823 -1.66480250421272 2.419546078458939 185.7499999999999
1824 -2.881522073830382 2.144490671210841 185.7499999999999
1825 -0.5430676079688692 1.528174055818507 185.7499999999999
1826 -1.033606039970841 13.60194107872814 185.7499999999999
1827 -2.336033347140328 13.4689382983392 185.7499999999999
1828 -1.450133595051922 16.34098305576356 185.7499999999999
1829 -0.4818222454503553 17.30800427214201 185.7499999999999
1830 -1.1756200513658 1.415510682976601 185.7499999999999
1831 -2.726736385248279 15.57645307829844 185.7499999999999
1832 -0.9455768253043988 7.127988991849803 185.7499999999999
1833 -0.9771054380162492 8.214618042368635 185.7499999999999
1834 -0.7635966701948644 15.54184128098951 185.7499999999999
1835 -2.949722309334905 1.491602219236277 185.7499999999999
1836 -2.089941925246175 1.403396120740173 185.7499999999999
1837 -2.269267205596111 11.77571815370074 185.7499999999999
1838 -1.111225645206745 11.77368930451657 185.7499999999999
1839 -2.948425434395195 17.01210365421065 185.7499999999999
1840 -0.9812476473672282 10.14102561413354 185.7499999999999
1841 -2.282782551314522 10.25154353878474 185.7499999999999
1842 -0.5866061760484043 2.203534825146305 185.7499999999999
1843 -0.5676673614716361 3.177690821943375 185.7499999999999
1844 -2.49616480802749 8.658974385866461 185.7499999999999
1845 -2.543489899668789 5.71354814637768 185.7499999999999
1846 -2.626552144830135 6.727162712291794 185.7499999999999
1847 -2.91312756114145 3.235100357857666 185.7499999999999
1848 -1.289190400723378 17.49751344418636 185.7499999999999
1849 -2.322389380069625 16.80205384044621 185.7499999999999
1850 -1.236664579744587 16.81692168836246 185.7499999999999
1851 -0.7257536071887514 9.153686729614051 185.7499999999999
1852 -0.6869585285783513 6.192452170930861 185.7499999999999
1853 -2.686548911956294 12.61585080840536 185.7499999999999
1854 -0.7462745607442841 12.62773633129893 185.7499999999999
1855 -1.661458911279489 17.49957331290751 185.7499999999999
1856 -2.897995747670151 16.52572358092283 185.7499999999999
1857 -2.843213237702736 4.21184009629082 185.7499999999999
1858 -0.5775029531968365 16.14228930084411 185.7499999999999
1859 -2.079556190433056 17.49992643325988 185.7499999999999
1860 -2.444473627522181 17.49998528665198 185.7499999999999
1861 -2.318076173956042 2.168726497141783 185.7499999999999
1862 -2.705977155870768 11.0711155211159 185.7499999999999
1863 -0.6610423045143536 11.05037692033691 185.7499999999999
1864 -2.956981955736795 16.07572993633091 185.7499999999999
1865 -2.747870805839203 9.51443936378717 185.7499999999999
1866 -2.818325053923489 14.09393055880259 185.7499999999999
1867 -2.681498445498086 7.670612941618579 185.7499999999999
1868 -0.5479939828394003 14.09807357679241 185.7499999999999
1869 -0.4644810253753053 7.672359063012811 185.7499999999999
1870 -0.5040020609646121 4.718221387913887 185.7499999999999
1871 -2.846819982399682 5.20022943206668 185.7499999999999
1872 -2.953020558869404 6.198086671805419 185.7499999999999
1873 -0.4491481099362089 8.586602039871423 185.7499999999999
1874 -0.4546303390415263 9.72866587198112 185.7499999999999
1875 -0.4996976846976604 12.08438006573493 185.7499999999999
1876 -2.907761823549024 12.07964974815295 185.7499999999999
1877 -0.4233839888721735 6.767985439093121 185.7499999999999
1878 -0.4658337704033291 13.18486630629894 185.7499999999999
1879 -0.4375590897773074 5.618087930724847 185.7499999999999
1880 -2.919574299686204 13.15090115181088 185.7499999999999
1881 -0.3793018329642956 8.1607151207846 185.7499999999999
1882 -0.4506920517662671 11.62489504039763 185.7499999999999
1883 -0.3864475808356549 7.18408133865332 185.7499999999999
1884 -2.96294763998056 11.62359936495887 185.7499999999999
1885 -2.964283866394392 13.59432176154267 185.7499999999999
1886 -0.4370074027777808 5.200229432066711 185.7499999999999
1887 -0.409486758642714 13.61688441953723 185.7499999999999
1888 -0.3692435682228883 10.13951946973974 185.7499999999999
1889 -0.4103398547056865 10.54585463431693 185.7499999999999
1890 -0.4801747517340949 15.035111281584 185.7499999999999
1891 -0.4342376655247031 14.58815990370918 185.7499999999999
1892 -2.913513957198126 4.710911301348562 185.7499999999999
1893 -0.57025336334966 3.779005165168638 185.7499999999999
1894 -0.4149231312170341 4.256545268583878 185.7499999999999
1895 -2.998878524078844 7.183166686409228 185.7499999999999
1896 -2.954666632403252 8.164825350432629 185.7499999999999
1897 -2.962209627015297 14.57806561502252 185.7499999999999
1898 -2.958123808573024 15.03191780518249 185.7499999999999
1899 -2.957781126609264 10.12512588580259 185.7499999999999
1900 -2.958252275892598 10.57759529817368 185.7499999999999
1901 -2.981779261712258 9.136094988464908 185.7499999999999
1902 -1.155039820287308 2.208587199916126 185.7499999999999
1903 -2.526377375420033 1.416737577268554 185.7499999999999
1904 -1.641869572259996 1.403639147172479 185.7499999999999
1905 -0.4256284540236985 2.707581920834048 185.7499999999999
1906 -0.2572004405234558 1.255647022007448 185.7499999999999
1907 -3.054241704446431 17.42417237804136 185.7499999999999
1908 -0.2418890998938277 17.55339755998269 185.7499999999999
1909 -1.961314975062961 2.541597185557793 185.21
1910 -2.399996561776908 2.119164967760755 185.21
1911 -1.136302812309754 2.143023831664567 185.21
1912 -1.302131546651174 2.629870545003284 185.21
1913 -1.598623645260698 2.166662757302966 185.21
1914 -2.541617343500947 2.882497786191707 185.21
1915 -2.406479298017855 2.549997048220594 185.21
1916 -1.991985661115658 2.085484982124303 185.21
1917 -1.146669386427816 16.8576706279512 185.21
1918 -2.427037262474176 16.83751006178322 185.21
1919 -2.003965465534472 16.77607802853287 185.21
1920 -1.566774294791007 16.77895810941401 185.21
1921 -2.526302077085855 16.52009100090442 185.21
1922 -2.033904263089116 16.44819581849994 184.6737354978203
1923 2.12429547474389 8.413965937705049 185.995
1924 4.695727801684911 12.11771609429371 189.75189845198
1925 1.677390165798051 7.670612941618493 190.4489531740825
1926 4.549995055633374 1.455451112701232 193.9057784331746
1927 -3.106914224986073 11.87902544321422 193.1573521112555
1928 4.295044957678217 8.21118635074769 185.995
1929 -3.21974347328566 3.717642935029324 193.0385596770651
1930 1.403089483085867 6.395026257190764 185.995
1931 1.406278463939781 1.404973742809234 185.995
1932 1.393256140556337 1.247207016105643 190.152630736834
1933 1.396343815496436 4.951078415961239 185.995
1934 7.700000000000001 7.223517163948865 192.6532681999706
1935 4.171875000058381 0.1649438347545049 185
1936 -2.018745546541552 18.77243021219301 184.7535431158076
1937 -4.212226291379983 16.56444373570837 184.5248268139925
1938 3.26812499994162 7.596564076278799 185
1939 1.405030167602607 4.149990752629692 188.9065190054851
1940 5.417379691755733 4.023098507993615 190.5206863515565
1941 9.3771849720454 1.638478920583316 190.8693220407749
1942 1.400033232375105 3.18805191209237 185.7837574793572
1943 -0.2428670770624777 17.74358946400679 192.7730974505285
1944 4.549995055633375 -2.940084153010509 189.2952658653987
1945 5.997857711115651 -0.9438496830783574 185.995
1946 -3.40214228888435 20.03182734133108 185.995
1947 2.204691914835787 10.63516379796117 185.7478959241301
1948 2.779960352044495 13.3547620299546 185.995
1949 5.076956140339126 2.816841032208974 184.4847945942066
1950 2.381165552024229 5.154167462839851 184.5595837314199
1951 1.965291092706399 2.310000000095159 184.7616425758993
1952 -0.7285905881879848 20.24457151612211 186.2378658113371
1953 4.97599999999998 5.095 184.53
1954 9.349999999999968 4.08 184.53
1955 -0.08210333067563032 16.22012786834609 184.6740378294672
1956 -5.733938060238762 16.07045322690355 186.2419859839694
1957 9.720494745038222 6.032657151906668 184.6145606817471
1958 -3.530002951726865 2.929997048273116 184.5600014758634
1959 5.878994643726498 4.008994643726465 184.5655026781368
1960 -0.07000000000002238 2.99 184.53
1961 5.950000000000047 5.965 184.53
1962 -5.861611978272945 13.59977056793329 186.2420625527442
1963 8.671409411812016 -1.29674077745249 186.2378658113385
1964 -2.185705740083556 -4.832351927434955 190.2019609762442
1965 -2.506245546441005 0.5181358586481082 184.7535327770718
1966 -3.157132922937522 -1.905522674226723 186.2378763614711
1967 -0.242867077062477 -1.904127827604946 186.2378763614711
1968 6.911254382765747 8.076244524646315 184.7564198161817
1969 6.728590588187984 10.11538151028263 186.2378658113362
1970 12.27564164444849 5.692288493898265 186.001458046162
1971 2.804954846421202 -0.3504507118378031 185.995
1972 -0.2890490249814147 11.12938705838142 190.2078116225349
1973 -3.08324900479972 7.670612941618579 190.6949490804005
1974 -7.789541239304071 9.646991273987929 189.2223856297377
1975 -3.2213162143384 13.10571515038761 189.7878820221025
1976 -5.020665661936724 17.55279298389436 190.8785361509991
1977 -0.1800199110232165 15.08235706497068 189.8549187717279
1978 4.081529509615512 17.05852110649411 188.786909417469
1979 11.75467564235849 2.592359493060176 185.7564576933449
1980 2.716434107597628 16.07045322690358 186.2419859839694
1981 5.038478920583316 7.361521079416685 189.5812520968291
1982 -6.182840684357233 5.694284849612365 186.2420096496631
1983 -8.331209836703957 1.247207016105623 189.7365169685166
1984 -6.359722443641225 2.729546773096421 186.2419859839694
1985 -2.185705740083556 1.133504746935618 189.8250274687959
1986 9.157132922937523 10.0183156784287 186.2378763614711
1987 -3.567086462895912 17.02688019774338 184.9608973847777
1988 -1.256091566006436 18.29729253207994 185
1989 -5.857993266383092 11.12938705838151 186.2421373855904
1990 8.185705740083556 7.481895834501804 189.3841160867206
1991 9.55944492956348 2.418755038050907 184.7810624603032
1992 6.911254382765745 1.217816606515226 184.7564198161817
1993 9.001621412675073 4.444596752727012 189.3544146792973
1994 8.358745617234252 1.217035410431619 184.7564198161817
1995 2.252192353821265 6.149975776437237 184.9493432087436
1996 -3.002390940602662 4.32166417119315 189.5184704367384
1997 5.038478920583316 7.361521079416685 186.2335657052298
1998 2.817904959099352 6.149975776437237 188.6858190906862
1999 -3.756970649662697 1.790002951726884 184.8099768147181
2000 -5.137425432829227 1.247207016105623 185.7477830432411
2001 -6.10690271221921 8.413965937705189 185.995
2002 4.549995055633374 1.455451112701232 189.2306264431775
2003 0.1683625230820467 1.810001893877855 184.7899981061136
2004 7.214294259916445 1.518104165498774 188.9105673721455
2005 8.550220178463407 5.022499999999999 184.9448425700652
2006 9.377184972045137 1.638478920583316 188.4431130547599
2007 -3.122646363832922 10.35118912606556 189.0735681590525
2008 2.377300107258814 3.650009247283364 184.8012540724612
2009 -3.403059236912192 16.35408362023065 184.3620418101153
2010 -0.2428670770624777 17.74358946400751 189.0189806738669
2011 12.78110551036096 9.163699091507706 189.4133239707689
2012 2.682857142857158 2.87 184.41
2013 -0.1143106417389645 7.176400635041135 184.8364619787763
2014 0.005375617697087785 17.55279298389438 184.9518565752964
2015 3.752985879980386 4.012662053400521 188.544819888357
2016 5.422485453768766 5.453833974941679 188.3629444557923
2017 4.973721752217338 1.625165256652059 185
2018 7.682498508081206 5.0225 185
2019 -0.9267949358788405 8.704956445669213 188.943128183238
2020 -1.31250254872497 3.962295970760924 185
2021 5.063058940531066 6.14997577643724 184.9493432087436
2022 -1.31250254872497 15.4795406969384 185
2023 5.753138630216347 6.884568773406629 184.8865890374864
2024 -2.292494379730634 15.48519341537292 185
2025 -1.457147060534312 19.02112903061208 185.9928623472983
2026 -5.20638379672079 17.79780283579939 185.995
2027 -0.1019825544566431 10.14102561413354 184.8313195249811
2028 -2.671409411812016 18.24008331478653 185.0547556622082
2029 -2.185705740083556 -0.3211010320388756 185.7521433044047
2030 6.188836912937633 3.546166025058315 188.2751115478545
2031 -0.335451734530135 6.188268832084232 188.7957014205491
2032 -0.242867077062477 1.012862320860965 184.9595948480901
2033 9.480196899575384 6.884568773406649 184.8925157021684
2034 11.46456803092883 7.60661023714321 185.995
2035 6.0043485135653 1.638478920583303 184.9046319172452
2036 5.896445784622045 2.602005631793535 184.9911931207936
2037 12.35083528789055 -0.8451335666997652 187.6281676834905
2038 6.092130289172874 4.976901491842158 184.8635710202155
2039 4.141962756821085 3.832348260354589 184.9658145792814
2040 -2.71466500503598 17.47911092361917 188.7156662245217
2041 2.996672389196189 18.22066886307036 185.5001454481176
2042 3.308870488296567 3.824340904361083 184.9534337276072
2043 -0.7285905881879842 -0.4417930983728791 185.7521341886621
2044 -1.7 0.8690728765799538 185.05059509641
2045 -0.1486700435872204 5.200229432066709 184.8523830159964
2046 1.401901674840967 2.505827139707779 187.6562181627786
2047 -0.1158657022839583 1.347711294749328 188.0980519805732
2048 2.857149581354378 1.65002422356276 187.9311380337274
2049 -0.1091885926006786 8.164836202038719 184.8343007576677
2050 -0.1362780533414395 4.211840096290827 184.8460872427072
2051 -0.130573988436325 13.59977056793332 184.8458092969211
2052 -5.042655846763694 1.247207016105623 188.7878304823857
2053 6.275577879865367 7.052349802692927 188.0556320819635
2054 -1.7 -0.504295969639206 188.0995747750328
2055 -3.24588420582809 8.164836202038829 188.4879832486483
2056 4.549995055633374 0.122335401680091 186.2450560657301
2057 -3.262141360799127 6.188268832084233 188.2152162723818
2058 5.391274961620153 2.150045613713707 187.7914706367052
2059 -2.693939551860742 22.60499949474804 190.8751322275598
2060 11.20512146320322 3.546166025058322 188.1734000420945
2061 11.06137604410816 6.407640506939838 188.6010487715264
2062 15.08846713011583 4.335609249535151 194.0077040696982
2063 11.20256058328984 4.404527022991203 185.7426528244656
2064 8.570770111941599 7.748142772418362 185
2065 -0.2696298634537342 11.93127681068804 184.8767666830051
2066 6.242867077062477 7.629118236053083 185
2067 3.480000000066136 0.9207946141251712 185.2421428572185
2068 -0.1765381421824924 13.10571515038763 188.5751268354146
2069 -0.2428670770624777 19.01387589365413 185.7521236385288
2070 7.214294259916445 8.913535211487888 185.7521433044047
2071 3.479999999933864 6.879205386322665 185.2421428570673
2072 4.585234545224763 7.340296364325663 185
2073 1.64235596835668 12.11771609429371 186.2420409967785
2074 5.99785771111565 8.819625627942399 185.995
2075 -0.2474190308772138 10.35708806766794 188.1703221691879
2076 1.287362765932492 13.3547620299546 185.995
2077 1.474073958200699 14.83734836127379 185.995
2078 0.01137590351112781 15.02589857148415 184.7641469409118
2079 9.083818180258641 3.270803143208443 187.9427999329203
2080 -3.250736346233871 14.58815990370917 184.9031699507689
2081 -3.135248688962751 11.93127681068804 184.9125031399389
2082 -3.220887653155704 15.57645307829844 184.9150541501907
2083 1.292612469947171 8.658974385866321 188.1178092119622
2084 7.457147061817868 -0.2136229321713807 185.992862346026
2085 -3.252148477192756 13.59977056793329 184.9024371020915
2086 9.265866640887621 5.965000000000001 185.1452380952381
2087 -3.219978717845603 15.08235706497068 188.5513971422454
2088 -3.275310242695371 13.59977056793329 187.8552779903381
2089 -3.106914224986702 11.87902544321431 187.9463549317878
2090 6.879887880888278 4.862704141030902 184.793048302006
2091 -3.402142288884348 -0.2201851036066353 185.995
2092 -3.157132922937522 0.9569773331823315 185
2093 -5.219174695953528 4.211840096290822 185.7478675019767
2094 -3.076382458424021 7.508723189311959 184.9368048548991
2095 -4.868980543724753 4.706069441197392 187.8756085585449
2096 8.55643928423406 6.773749267074988 184.1656115044536
2097 -0.4262966664386829 3.233668202819519 188.2007385008349
2098 8.42855922685183 8.817621602340198 185.9928627434494
2099 -2.65334827308666 17.21999942032408 184.1916678581289
2100 4.549995055633378 6.983192051625842 187.8582582781942
2101 5.397697887470734 1.404973742809237 185.995
2102 5.420429774243665 4.738453126222491 185.9885407161022
2103 -3.676685994235088 4.560314948712205 184.7013657496165
2104 -3.324528408851067 16.50000057967592 185.1805041005854
2105 -2.060334681875923 3.84645425140303 184.8049845141127
2106 10.88191525956828 1.393389762856799 185.995
2107 -3.244482292440574 10.63516379796128 184.9048507772377
2108 -0.1104875481665886 8.164836202038719 187.7486107019043
2109 -4.883510074580318 2.729546773096421 185.7480140160306
2110 -1.742313527054624 1.392187951385748 187.9048303672159
2111 -3.341025604445278 1.247207016105623 187.8269396502801
2112 9.189171278350866 3.691878442697866 185.1779198193183
2113 5.373445741877965 6.646109895593972 185.995
2114 1.030593314158583 -0.4254235120691321 185.995
2115 5.948023686082966 3.405997072657305 185.0088099765479
2116 4.014559990203604 2.780503371807213 187.6988055676793
2117 7.664222184309713 7.767023728956925 185
2118 2.804954846421205 7.476527233402286 185.995
2119 -0.1851232472437627 4.706069441197408 187.7637354383422
2120 9.3587030951605 7.361521079416697 188.0238560829416
2121 -0.2661809932645987 6.943316622290338 187.4733229680635
2122 -3.199596631155843 4.706069441197392 187.759095244176
2123 5.416142604437856 3.784629664611959 186.0014491686683
2124 -4.895136436914307 14.83316902545358 185.995
2125 -4.656308329879042 13.59977056793329 185.7479374472558
2126 -4.637596072520023 12.36272445619239 185.995
2127 -4.79155446061694 11.12938705838151 184.9486799720451
2128 -4.666121468692138 10.38603406229495 185.995
2129 -4.911038035432002 9.1530087260122 187.6764898558561
2130 -4.63345789903741 9.1530087260122 186.2419993661758
2131 -4.637789809483887 7.915622104863846 185.995
2132 -4.882255840836266 6.433276788798363 185.995
2133 -3.157132922937523 18.7736040788837 185.7521236385288
2134 -4.429962626031163 19.1217152227898 184.5474242647364
2135 -3.157132922937523 19.08411915910676 187.6476347833659
2136 1.10399748746401 16.38893544356346 186.3262362414815
2137 4.049995055739132 1.52263837821219 187.4855587129599
2138 -3.093331594035023 16.86000000005713 184.4529162862077
2139 5.422945170229941 5.692288564284466 185.988542022348
2140 8.671409411812016 0.1366384723544898 185.7521341886615
2141 3.55000494447238 0.394304114733941 186.2450459752939
2142 6.728590588187984 8.703028687980197 187.6033901021023
2143 10.68524959691322 5.453833974941686 185.7564432779579
2144 10.59685295161356 6.64610986402254 186.0014490012196
2145 1.05863548635009 7.425603778373227 185.995
2146 0.9623424387148058 8.413965937705049 185.995
2147 1.271093506243971 9.646991273987801 186.2419993661758
2148 5.410075924000853 2.830805889428665 185.9885394370958
2149 2.657512764212999 1.001471918731449 185
2150 9.157132922937523 0.1211960023929619 187.4904926601204
2151 9.496145134213997 -4.086100029499953 190.5985535786094
2152 9.067863637032916 5.763646798177767 187.8389316577181
2153 5.4 1.638478920583303 186.8569739342718
2154 6.242867077062478 0.069023604528891 187.6369708087186
2155 -0.3870287813197297 14.67517978991711 187.9069155618264
2156 0.7415058111801422 16.07045322690358 187.856205674697
2157 -3.742612572364292 9.646991273987929 184.7084633044291
2158 -3.065417697268486 6.526042942798393 184.9414234143505
2159 -0.7482528078461574 11.82650756431934 187.795953107275
2160 -7.56502716874456 21.54827142206609 188.5979848512474
2161 -3.312694519038498 2.170002951674362 185.1909497102291
2162 -0.1699975230664799 2.676066203822499 185.1541719449081
2163 3.050004944366625 7.25662317515402 187.5213742675134
2164 2.817904959099352 6.149975776437237 187.3550630437234
2165 4.079336808837994 5.436596983541219 187.6727094466617
2166 5.399845617209665 2.127384719133143 186.2219250294431
2167 1.168481354678861 19.37994854670857 187.774865467541
2168 -4.659742939069752 2.235556264291615 187.3699294354533
2169 -4.447084159352603 5.478049499875902 186.3543549327789
2170 -4.686417154612781 17.05852110649409 187.9522088922017
2171 -3.24448228383398 10.63516379796128 187.5271068256483
2172 1.086688982929057 5.694284849612396 187.4455711778774
2173 9.402142288884349 8.573389975617292 185.995
2174 -0.2280447664796522 16.79882754353165 185.1915599271625
2175 -0.1239441411221314 13.59977056793332 187.4182025142377
2176 10.35876057532324 7.60661023714321 185.995
2177 0.9956400583319098 10.63516379796117 186.2421040758698
2178 2.831829670936685 5.154167462839851 184.7004162685801
2179 7.829638396872877 7.210780215609067 187.7475749111128
2180 10.11512724802279 0.1462197905122242 185.995
2181 4.671334476461244 2.150045613713707 187.1267938345946
2182 -2.580267151323294 4.560314948712205 184.9616739859232
2183 -3.254530708030222 2.729546773096421 187.7022580411366
2184 1.171157670816415 12.01301995053873 184.9057804292169
2185 6.62108488483437 1.715769484165558 187.5258958006223
2186 6.938163337021455 4.911135126649024 187.8090237817295
2187 10.51714390723754 5.453833974941686 187.3182516604685
2188 7.7 1.469521242558968 185.0411011484414
2189 8.452978017410052 3.293752865952372 184.1776858553754
2190 3.804945153377025 7.278508049136049 185.995
2191 10.91166430312604 9.110374293356941 187.7248970273653
2192 10.41392818728583 15.18297993258989 189.9641930196493
2193 5.381512045742839 3.650009247370309 186.9199875785673
2194 -1.073983324264656 8.736090440476655 185.0090349595419
2195 -2.531249294632373 9.119036580010331 184.9919610093446
2196 3.969999999928243 2.228473728477956 184.2925545434778
2197 6.485727255798187 0.3190628950819996 185.9928695231999
2198 5.523089865753424 6.402385188338883 187.118114200124
2199 6.316181819740911 5.729196856792691 187.3160721222546
2200 5.421227341029851 4.976901491842158 187.2310956289822
2201 10.52536847771942 3.307711519396056 186.001458059102
2202 -4.658456041875655 16.56444373570837 185.7479792248059
2203 4.446573095567207 3.995911798950869 187.2121007518979
2204 10.34161276585829 2.353890286351693 186.0014491557453
2205 -0.2990931358305444 6.188268832084232 184.9250698979118
2206 3.970000000071757 4.554031250180684 184.4562665826118
2207 3.473069786899582 3.443797455084264 184.5629671817546
2208 3.09429937386187 4.649974355246662 187.4588869585122
2209 1.698013531673244 4.149990752629692 187.227956103712
2210 0.9785073303959952 10.14102561413354 185.209591576574
2211 0.8752170672691642 11.6235993649588 187.6123937842316
2212 -1.116007588518077 10.81966748070681 184.9896438344734
2213 2.682618125131996 4.469283015422989 185
2214 5.419520547770117 4.499999999835777 185.1629995509562
2215 1.013030072234762 17.55279298389438 187.4143047886115
2216 -0.2428670770624777 17.7435894640078 187.4877621422143
2217 -1.657686472945398 17.40781204861428 187.6334310735984
2218 2.935181448171329 2.650037787577425 187.3468717908395
2219 2.945973298595292 3.650009247283364 187.2073301745683
2220 3.477462195456872 5.720922849888352 184.2940240362272
2221 -0.9059114885425952 7.508723189311967 184.9711599329455
2222 -4.496662137967204 7.176400635041205 187.5406694443884
2223 3.777675496787119 -0.7428977815864084 188.4218159867932
2224 -2.506245546441005 1.134303915968612 185.2464672229282
2225 -3.245975704999531 3.717642935029324 185
2226 -2.732844296196679 12.91395705720167 184.9591463003829
2227 9.134350655139638 2.418755038050907 185.2189375396968
2228 9.120446827197149 1.699476280642197 185
2229 6.117828433299954 6.029167332174951 185.193790991033
2230 6.453775302152161 6.417500000066459 184.4344085276688
2231 -2.437769841978673 14.05852034783253 184.9589521732614
2232 -2.018745546541552 17.84821689647149 185.2464568841924
2233 -5.644004389337112 0.2077458127369216 186.7519403003021
2234 1.903984638153995 2.150045613713697 186.245048129188
2235 0.937890832629327 2.23555626429163 186.242020775194
2236 2.804954846421202 0.6199444561266669 185.995
2237 -1.698846578781427 5.535483477783919 187.7968716131963
2238 -4.448885890821536 11.62359936495887 187.299734209818
2239 4.548441631772314 10.18902994242633 187.7271956800303
2240 3.748125000073892 4.365874311909107 185
2241 -7.595838565818745 14.9281289270042 189.5037209980822
2242 10.19140003598213 2.592359493060176 187.3861640743575
2243 8.185705740083556 1.613328808909871 187.6401729156578
2244 9.157132922937523 1.420472098720165 187.2691390155528
2245 -3.073409510516377 9.454222900211896 187.394111589049
2246 -0.9806121830019673 16.96276849654419 184.3585966935874
2247 -4.442563866930726 13.59977056793329 187.1140380785155
2248 -1.437419279947048 12.18074107019964 185.0011378693036
2249 1.091211003406906 16.07045322690358 185.0413413273361
2250 3.989834226030543 3.357912195344178 184.4597526090343
2251 -4.389178659438102 11.37439622162677 185.995
2252 -0.3859100195415536 9.344961272427886 187.4306660744715
2253 -1.980127379153898 6.891515998590179 185.0348679902065
2254 0.9897922234085953 14.09393055880261 185.0442720357069
2255 1.003527469928991 5.694284849612396 185.0206861457466
2256 3.960000000066136 0.9612981698338351 184.7578571429327
2257 3.959999999933864 6.838701830138974 184.7578571427815
2258 -4.266005667453115 7.176400635041205 184.9040089658874
2259 10.33305969486594 4.023098508157843 185.1227134236395
2260 4.549995055633374 0.9392229467492363 185.2167547332774
2261 -3.291570569171528 17.55279298389436 185.2542813638532
2262 -4.214665891889833 17.55279298389436 185.3737279682212
2263 -4.267291925115035 18.53290908855002 185.995
2264 -5.786982951777362 19.50690722111543 187.9821085656993
2265 -4.232756979528874 17.55279298389436 186.2422169567589
2266 -2.049661055125394 10.59867532748152 184.9745354329513
2267 2.727948086885855 5.990832537160149 185.2091691131976
2268 4.549995055633378 6.37427574997642 187.0949291386113
2269 -0.242867077062477 -0.2350432414157346 187.3341844232489
2270 2.561257651982114 2.910377727797328 185.0951821377953
2271 0.002142288884350153 0.0942902653603247 185.995
2272 -2.454476348293908 5.744995781732247 184.9210704510001
2273 -3.289798974879945 2.929997048273116 185.1900231852819
2274 -3.341025604445343 17.55279298389436 187.5451215364951
2275 -2.42626370571602 7.206933230173365 187.5962323175945
2276 -0.6854849170132238 14.3882326942897 184.9611149836551
2277 -1.699591419072118 13.35888096869683 187.6839725292122
2278 5.686483880219363 0.4170366707018055 185.0147599007345
2279 6.911254382765745 1.674529451174516 185.2435801838183
2280 -2.428559214204439 18.55888011766338 185.9928627523317
2281 -1.442389522885683 0.1339847297209963 186.0932013691207
2282 10.12725303512356 1.638478920583316 185.0872598362704
2283 -1.043754453558994 0.9211275277869715 184.7535327770718
2284 0.8938519713559221 4.211840096290827 185.7478675019767
2285 -0.1019805846840213 10.14102561413354 187.1053096737205
2286 -1.295133530817829 5.688014343272654 185.0215559231077
2287 6.102880632633942 4.008994643726465 185.2011979839301
2288 -0.1831354192584585 5.694284849612396 187.291296353753
2289 -0.01325758458280912 9.153008726012072 184.7883800996414
2290 -3.004984749516109 2.549997048325638 184.4401535596354
2291 3.450165773969457 2.366300856981767 184.3972703936107
2292 4.346640742814863 5.572500000077109 184.4246557875076
2293 1.869575528012619 4.149990752629691 186.2450415845792
2294 2.782527657421632 1.836667715555579 185.2383609704436
2295 8.378324440297806 1.654369737212936 185.2210874368017
2296 6.519901004688264 3.606992491154327 184.4244295477844
2297 0.9695329167829473 17.55279298389438 185.7477830432411
2298 1.003722815883644 14.09393055880261 187.0189268461696
2299 9.001621412674993 4.444596752726959 187.4415116405873
2300 -4.355128802582583 15.08235706497068 187.3820175502811
2301 9.157132922937524 0.7000942829198479 185.0741614552867
2302 8.671409411812014 8.465150611621157 187.3793992168681
2303 8.633433265024374 11.57265486565456 189.8606105127001
2304 12.28677948765345 11.82846849138803 196.419001232797
2305 -1.043754453558994 1.134977058141616 185.2464672229282
2306 -0.2890490249811537 11.12938705838142 187.1737651990733
2307 -0.998302093173682 2.473304161262721 184.355586131842
2308 6.321704427382273 5.982568450649678 184.7053713898164
2309 9.891394507055393 4.976901492006387 184.8124560515548
2310 -1.214294259916444 18.64154382885877 187.2577149529664
2311 4.732100758138335 5.572499999922892 185.2091667341611
2312 7.670926370411068 6.689826406966737 184.2876836334408
2313 1.902025362151205 0.6497231632810732 187.2462864428015
2314 6.311913282501618 3.789782588714918 187.1593180939126
2315 -3.012960394687549 14.67515936674266 187.3726137732807
2316 4.368282973719312 22.28834710958009 192.5968042416835
2317 3.299613348101829 1.888239231258254 187.0837532993542
2318 3.050004944366622 0.8084639060167246 187.1453127951401
2319 -1.481429531691722 13.22149777137181 185.0237781974875
2320 6.242867077062477 7.579527901279891 187.2082862272282
2321 2.1077959482328 1.65002422356276 185.7449242604731
2322 -3.069402884802834 2.955105449507045 184.7543855555624
2323 6.878302093179239 5.478777573572292 184.5990749479299
2324 0.7180677076140531 18.74006908607001 185.9351794474687
2325 10.1409694146716 1.638478920583316 186.2335657052298
2326 4.668158704212218 4.382033127793382 185
2327 6.877513039268917 2.63497321625093 184.0747538302352
2328 -5.364117758374854 -1.608937925910359 193.8197438059051
2329 4.549995055633374 1.455451112701232 186.9267496904778
2330 4.784082292881769 3.443552155157707 185
2331 -2.541697906820762 2.49574734077223 184.3506766863231
2332 8.421697906826319 5.479752145534017 184.5992272247981
2333 8.421697906820761 4.565247854457271 184.5992272248003
2334 -1.043754453558995 17.84753441278758 185.2464672229282
2335 0.7440599289910197 7.176400635041135 187.0432464775709
2336 0.8106696583008047 5.832111887442745 186.2992996810515
2337 0.6819292175998124 5.200229432066709 185.7479374472558
2338 1.924187841247442 5.649954386286294 185.744951870812
2339 2.112264436759171 6.149975776437237 186.2450757395268
2340 7.942852936998873 0.5586553941160005 185.9928623448531
2341 -4.321451487397072 1.74147889350589 185.7479264373744
2342 -4.157840133653749 1.002197164200589 185.995
2343 -3.101816637304454 16.33763637138177 187.4459594046279
2344 -4.332324328191756 15.57645307829844 185.7479695056315
2345 4.677559638458771 2.309999999904841 185.2383574241007
2346 10.7876269087067 0.822700662510778 187.6842564954152
2347 4.549995055633378 7.096481075765467 185.7449439342699
2348 9.24099127362962 2.592359493060176 187.1712909221776
2349 -0.9636632018994424 1.708070638912085 184.2454659263248
2350 6.911254382765746 7.467294065100615 185.2435801838183
2351 -1.153618523230409 9.718040366343807 184.9692066334887
2352 -0.2705022487934106 1.527887759012506 185.2843739936622
2353 -3.157132922937522 0.1775641667703178 187.1729102967632
2354 -1.699999999999995 15.4542986042359 187.5559155475848
2355 7.79838312500057 3.888908514302009 187.4123107289912
2356 -4.188156447441255 4.706069441197392 185.7478849004066
2357 -3.517181824382576 5.543224498891491 184.763836199235
2358 -3.886489601915442 -1.77766354289057 188.7409170119932
2359 9.157132922937523 0.6049123840175323 186.2378763614711
2360 -1.693565574240037 8.332445468396607 181.6054894747621
2361 -1.006554128524403 3.876069556200803 181.3852763416614
2362 8.737101137332507 5.910238329087301 181.2976980059303
2363 6.737196366373199 3.879838688691004 181.4210495741303
2364 4.260662054675462 4.082442642102015 181.3770673553844
2365 -0.7001949113708725 5.99376056011405 181.6794261575673
2366 -0.007236558163190188 10.49764399956138 181.7548848704143
2367 -1.90830264540044 13.41996853928324 181.0351938884246
2368 -2.605306031365235 6.042014437411325 181.9304157994402
2369 -2.682914463345071 15.83883761449047 181.3025999132244
2370 2.309303063982762 3.020366890104735 181.6307164437836
2371 7.646327925019896 8.354803277873287 181.8247646202688
2372 -4.632536442326778 7.790424616327052 181.1622619137542
2373 5.674471403626058 5.590309237356254 181.8163156165654
2374 -3.346766896360958 3.259503304801003 181.4621928308513
2375 7.408762980073715 6.032554679510451 182.0589662074482
2376 9.658762443932014 4.120294869021214 181.7831026696382
2377 -0.7191211273393874 16.74046223580137 181.6705822093543
2378 3.834575639508107 1.909389138866664 181.9187296573332
2379 -1.969425580094744 11.04323196972048 181.9640162863495
2380 2.705532306077214 6.134082970659853 181.8840545097274
2381 2.427697968510871 6.361525990894029 164.7163867100095
2382 -2.741363212511776 15.39177350667704 169.0371822982601
2383 9.318865528183995 -0.6360159871441686 170.213983603037
2384 5.068460923332042 13.09756489836089 171.8443253734531
$EndNodes
$Elements
13636
1 2 2 28 1 197 1 2
2 2 2 28 1 198 1 197
3 2 2 28 1 198 3 4
4 2 2 28 1 198 197 3
5 2 2 4 6 202 6 5
6 2 2 4 6 204 202 5
7 2 2 4 6 204 8 7
8 2 2 4 6 202 204 7
9 2 2 28 7 205 9 10
10 2 2 28 7 206 9 205
11 2 2 28 7 206 11 12
12 2 2 28 7 206 205 11
13 2 2 6 12 210 14 13
14 2 2 6 12 212 210 13
15 2 2 6 12 212 16 15
16 2 2 6 12 210 212 15
17 2 2 28 13 218 17 18
18 2 2 28 13 218 18 213
19 2 2 28 13 215 19 20
20 2 2 28 13 216 215 20
21 2 2 28 13 218 213 214
22 2 2 28 13 217 214 215
23 2 2 28 13 218 214 217
24 2 2 28 13 217 215 216
25 2 2 12 18 228 22 21
26 2 2 12 18 228 222 22
27 2 2 12 18 224 24 23
28 2 2 12 18 226 24 224
29 2 2 12 18 228 223 222
30 2 2 12 18 227 224 223
31 2 2 12 18 228 227 223
32 2 2 12 18 227 226 224
33 2 2 28 19 234 25 26
34 2 2 28 19 234 26 229
35 2 2 28 19 231 27 28
36 2 2 28 19 232 231 28
37 2 2 28 19 230 234 229
38 2 2 28 19 231 233 230
39 2 2 28 19 230 233 234
40 2 2 28 19 232 233 231
41 2 2 2 24 244 30 29
42 2 2 2 24 244 238 30
43 2 2 2 24 240 32 31
44 2 2 2 24 242 32 240
45 2 2 2 24 244 239 238
46 2 2 2 24 243 240 239
47 2 2 2 24 244 243 239
48 2 2 2 24 243 242 240
49 2 2 28 25 250 33 34
50 2 2 28 25 250 34 245
51 2 2 28 25 247 35 36
52 2 2 28 25 248 247 36
53 2 2 28 25 250 245 246
54 2 2 28 25 249 246 247
55 2 2 28 25 250 246 249
56 2 2 28 25 249 247 248
57 2 2 8 30 260 38 37
58 2 2 8 30 260 254 38
59 2 2 8 30 256 40 39
60 2 2 8 30 40 256 258
61 2 2 8 30 255 254 260
62 2 2 8 30 256 255 259
63 2 2 8 30 255 260 259
64 2 2 8 30 256 259 258
65 2 2 28 31 266 41 42
66 2 2 28 31 266 42 261
67 2 2 28 31 44 263 43
68 2 2 28 31 264 263 44
69 2 2 28 31 261 262 266
70 2 2 28 31 265 262 263
71 2 2 28 31 266 262 265
72 2 2 28 31 265 263 264
73 2 2 10 36 276 46 45
74 2 2 10 36 276 270 46
75 2 2 10 36 272 48 47
76 2 2 10 36 274 48 272
77 2 2 10 36 276 271 270
78 2 2 10 36 275 272 271
79 2 2 10 36 276 275 271
80 2 2 10 36 275 274 272
81 2 2 15 110 53 916 49
82 2 2 15 110 49 916 277
83 2 2 15 110 50 915 54
84 2 2 15 110 309 915 50
85 2 2 15 110 355 916 53
86 2 2 15 110 54 915 387
87 2 2 15 110 277 929 278
88 2 2 15 110 277 916 355
89 2 2 15 110 355 929 277
90 2 2 15 110 278 940 279
91 2 2 15 110 278 929 356
92 2 2 15 110 356 940 278
93 2 2 15 110 279 948 280
94 2 2 15 110 279 940 357
95 2 2 15 110 357 948 279
96 2 2 15 110 280 937 281
97 2 2 15 110 358 937 280
98 2 2 15 110 280 948 358
99 2 2 15 110 281 927 282
100 2 2 15 110 359 927 281
101 2 2 15 110 281 937 359
102 2 2 15 110 282 920 283
103 2 2 15 110 360 920 282
104 2 2 15 110 282 927 360
105 2 2 15 110 283 921 284
106 2 2 15 110 283 920 361
107 2 2 15 110 361 921 283
108 2 2 15 110 284 932 285
109 2 2 15 110 284 921 362
110 2 2 15 110 362 932 284
111 2 2 15 110 285 941 286
112 2 2 15 110 285 932 363
113 2 2 15 110 363 941 285
114 2 2 15 110 286 945 287
115 2 2 15 110 286 941 364
116 2 2 15 110 364 945 286
117 2 2 15 110 287 935 288
118 2 2 15 110 365 935 287
119 2 2 15 110 287 945 365
120 2 2 15 110 288 925 289
121 2 2 15 110 366 925 288
122 2 2 15 110 288 935 366
123 2 2 15 110 289 917 290
124 2 2 15 110 367 917 289
125 2 2 15 110 289 925 367
126 2 2 15 110 290 923 291
127 2 2 15 110 290 917 368
128 2 2 15 110 368 923 290
129 2 2 15 110 291 933 292
130 2 2 15 110 291 923 369
131 2 2 15 110 369 933 291
132 2 2 15 110 292 944 293
133 2 2 15 110 292 933 370
134 2 2 15 110 370 944 292
135 2 2 15 110 293 943 294
136 2 2 15 110 371 943 293
137 2 2 15 110 293 944 371
138 2 2 15 110 294 934 295
139 2 2 15 110 372 934 294
140 2 2 15 110 294 943 372
141 2 2 15 110 295 924 296
142 2 2 15 110 373 924 295
143 2 2 15 110 295 934 373
144 2 2 15 110 296 918 297
145 2 2 15 110 374 918 296
146 2 2 15 110 296 924 374
147 2 2 15 110 297 926 298
148 2 2 15 110 297 918 375
149 2 2 15 110 375 926 297
150 2 2 15 110 298 936 299
151 2 2 15 110 298 926 376
152 2 2 15 110 376 936 298
153 2 2 15 110 299 946 300
154 2 2 15 110 299 936 377
155 2 2 15 110 377 946 299
156 2 2 15 110 300 942 301
157 2 2 15 110 378 942 300
158 2 2 15 110 300 946 378
159 2 2 15 110 301 931 302
160 2 2 15 110 379 931 301
161 2 2 15 110 301 942 379
162 2 2 15 110 302 922 303
163 2 2 15 110 380 922 302
164 2 2 15 110 302 931 380
165 2 2 15 110 303 919 304
166 2 2 15 110 381 919 303
167 2 2 15 110 303 922 381
168 2 2 15 110 304 928 305
169 2 2 15 110 304 919 382
170 2 2 15 110 382 928 304
171 2 2 15 110 305 938 306
172 2 2 15 110 305 928 383
173 2 2 15 110 383 938 305
174 2 2 15 110 306 947 307
175 2 2 15 110 306 938 384
176 2 2 15 110 384 947 306
177 2 2 15 110 307 939 308
178 2 2 15 110 385 939 307
179 2 2 15 110 307 947 385
180 2 2 15 110 308 930 309
181 2 2 15 110 386 930 308
182 2 2 15 110 308 939 386
183 2 2 15 110 387 915 309
184 2 2 15 110 309 930 387
185 2 2 15 110 356 929 355
186 2 2 15 110 357 940 356
187 2 2 15 110 358 948 357
188 2 2 15 110 359 937 358
189 2 2 15 110 360 927 359
190 2 2 15 110 361 920 360
191 2 2 15 110 362 921 361
192 2 2 15 110 363 932 362
193 2 2 15 110 364 941 363
194 2 2 15 110 365 945 364
195 2 2 15 110 366 935 365
196 2 2 15 110 367 925 366
197 2 2 15 110 368 917 367
198 2 2 15 110 369 923 368
199 2 2 15 110 370 933 369
200 2 2 15 110 371 944 370
201 2 2 15 110 372 943 371
202 2 2 15 110 373 934 372
203 2 2 15 110 374 924 373
204 2 2 15 110 375 918 374
205 2 2 15 110 376 926 375
206 2 2 15 110 377 936 376
207 2 2 15 110 378 946 377
208 2 2 15 110 379 942 378
209 2 2 15 110 380 931 379
210 2 2 15 110 381 922 380
211 2 2 15 110 382 919 381
212 2 2 15 110 383 928 382
213 2 2 15 110 384 938 383
214 2 2 15 110 385 947 384
215 2 2 15 110 386 939 385
216 2 2 15 110 387 930 386
217 2 2 15 111 54 955 50
218 2 2 15 111 50 955 310
219 2 2 15 111 51 954 55
220 2 2 15 111 315 954 51
221 2 2 15 111 388 955 54
222 2 2 15 111 55 954 393
223 2 2 15 111 310 951 311
224 2 2 15 111 310 955 951
225 2 2 15 111 311 953 312
226 2 2 15 111 951 953 311
227 2 2 15 111 312 949 313
228 2 2 15 111 312 953 949
229 2 2 15 111 313 952 314
230 2 2 15 111 949 952 313
231 2 2 15 111 314 950 315
232 2 2 15 111 314 952 950
233 2 2 15 111 950 954 315
234 2 2 15 111 389 951 388
235 2 2 15 111 951 955 388
236 2 2 15 111 390 953 389
237 2 2 15 111 389 953 951
238 2 2 15 111 391 949 390
239 2 2 15 111 949 953 390
240 2 2 15 111 392 952 391
241 2 2 15 111 391 952 949
242 2 2 15 111 393 950 392
243 2 2 15 111 950 952 392
244 2 2 15 111 393 954 950
245 2 2 15 112 55 957 51
246 2 2 15 112 51 957 316
247 2 2 15 112 52 956 56
248 2 2 15 112 348 956 52
249 2 2 15 112 394 957 55
250 2 2 15 112 56 956 426
251 2 2 15 112 316 970 317
252 2 2 15 112 316 957 394
253 2 2 15 112 394 970 316
254 2 2 15 112 317 981 318
255 2 2 15 112 317 970 395
256 2 2 15 112 395 981 317
257 2 2 15 112 318 989 319
258 2 2 15 112 318 981 396
259 2 2 15 112 396 989 318
260 2 2 15 112 319 978 320
261 2 2 15 112 397 978 319
262 2 2 15 112 319 989 397
263 2 2 15 112 320 968 321
264 2 2 15 112 398 968 320
265 2 2 15 112 320 978 398
266 2 2 15 112 321 961 322
267 2 2 15 112 399 961 321
268 2 2 15 112 321 968 399
269 2 2 15 112 322 962 323
270 2 2 15 112 322 961 400
271 2 2 15 112 400 962 322
272 2 2 15 112 323 973 324
273 2 2 15 112 323 962 401
274 2 2 15 112 401 973 323
275 2 2 15 112 324 982 325
276 2 2 15 112 324 973 402
277 2 2 15 112 402 982 324
278 2 2 15 112 325 986 326
279 2 2 15 112 325 982 403
280 2 2 15 112 403 986 325
281 2 2 15 112 326 976 327
282 2 2 15 112 404 976 326
283 2 2 15 112 326 986 404
284 2 2 15 112 327 966 328
285 2 2 15 112 405 966 327
286 2 2 15 112 327 976 405
287 2 2 15 112 328 958 329
288 2 2 15 112 406 958 328
289 2 2 15 112 328 966 406
290 2 2 15 112 329 964 330
291 2 2 15 112 329 958 407
292 2 2 15 112 407 964 329
293 2 2 15 112 330 974 331
294 2 2 15 112 330 964 408
295 2 2 15 112 408 974 330
296 2 2 15 112 331 985 332
297 2 2 15 112 331 974 409
298 2 2 15 112 409 985 331
299 2 2 15 112 332 984 333
300 2 2 15 112 410 984 332
301 2 2 15 112 332 985 410
302 2 2 15 112 333 975 334
303 2 2 15 112 411 975 333
304 2 2 15 112 333 984 411
305 2 2 15 112 334 965 335
306 2 2 15 112 412 965 334
307 2 2 15 112 334 975 412
308 2 2 15 112 335 959 336
309 2 2 15 112 413 959 335
310 2 2 15 112 335 965 413
311 2 2 15 112 336 967 337
312 2 2 15 112 336 959 414
313 2 2 15 112 414 967 336
314 2 2 15 112 337 977 338
315 2 2 15 112 337 967 415
316 2 2 15 112 415 977 337
317 2 2 15 112 338 987 339
318 2 2 15 112 338 977 416
319 2 2 15 112 416 987 338
320 2 2 15 112 339 983 340
321 2 2 15 112 417 983 339
322 2 2 15 112 339 987 417
323 2 2 15 112 340 972 341
324 2 2 15 112 418 972 340
325 2 2 15 112 340 983 418
326 2 2 15 112 341 963 342
327 2 2 15 112 419 963 341
328 2 2 15 112 341 972 419
329 2 2 15 112 342 960 343
330 2 2 15 112 420 960 342
331 2 2 15 112 342 963 420
332 2 2 15 112 343 969 344
333 2 2 15 112 343 960 421
334 2 2 15 112 421 969 343
335 2 2 15 112 344 979 345
336 2 2 15 112 344 969 422
337 2 2 15 112 422 979 344
338 2 2 15 112 345 988 346
339 2 2 15 112 345 979 423
340 2 2 15 112 423 988 345
341 2 2 15 112 346 980 347
342 2 2 15 112 424 980 346
343 2 2 15 112 346 988 424
344 2 2 15 112 347 971 348
345 2 2 15 112 425 971 347
346 2 2 15 112 347 980 425
347 2 2 15 112 426 956 348
348 2 2 15 112 348 971 426
349 2 2 15 112 395 970 394
350 2 2 15 112 396 981 395
351 2 2 15 112 397 989 396
352 2 2 15 112 398 978 397
353 2 2 15 112 399 968 398
354 2 2 15 112 400 961 399
355 2 2 15 112 401 962 400
356 2 2 15 112 402 973 401
357 2 2 15 112 403 982 402
358 2 2 15 112 404 986 403
359 2 2 15 112 405 976 404
360 2 2 15 112 406 966 405
361 2 2 15 112 407 958 406
362 2 2 15 112 408 964 407
363 2 2 15 112 409 974 408
364 2 2 15 112 410 985 409
365 2 2 15 112 411 984 410
366 2 2 15 112 412 975 411
367 2 2 15 112 413 965 412
368 2 2 15 112 414 959 413
369 2 2 15 112 415 967 414
370 2 2 15 112 416 977 415
371 2 2 15 112 417 987 416
372 2 2 15 112 418 983 417
373 2 2 15 112 419 972 418
374 2 2 15 112 420 963 419
375 2 2 15 112 421 960 420
376 2 2 15 112 422 969 421
377 2 2 15 112 423 979 422
378 2 2 15 112 424 988 423
379 2 2 15 112 425 980 424
380 2 2 15 112 426 971 425
381 2 2 15 113 49 995 53
382 2 2 15 113 354 995 49
383 2 2 15 113 56 996 52
384 2 2 15 113 52 996 349
385 2 2 15 113 53 995 432
386 2 2 15 113 427 996 56
387 2 2 15 113 349 992 350
388 2 2 15 113 349 996 992
389 2 2 15 113 350 994 351
390 2 2 15 113 992 994 350
391 2 2 15 113 351 990 352
392 2 2 15 113 351 994 990
393 2 2 15 113 352 993 353
394 2 2 15 113 990 993 352
395 2 2 15 113 353 991 354
396 2 2 15 113 353 993 991
397 2 2 15 113 991 995 354
398 2 2 15 113 428 992 427
399 2 2 15 113 992 996 427
400 2 2 15 113 429 994 428
401 2 2 15 113 428 994 992
402 2 2 15 113 430 990 429
403 2 2 15 113 990 994 429
404 2 2 15 113 431 993 430
405 2 2 15 113 430 993 990
406 2 2 15 113 432 991 431
407 2 2 15 113 991 993 431
408 2 2 15 113 432 995 991
409 2 2 14 114 355 53 1089
410 2 2 14 114 53 432 1089
411 2 2 14 114 54 387 1087
412 2 2 14 114 388 54 1087
413 2 2 14 114 55 393 1088
414 2 2 14 114 394 55 1088
415 2 2 14 114 56 426 1086
416 2 2 14 114 427 56 1086
417 2 2 14 114 356 355 1008
418 2 2 14 114 1008 355 1089
419 2 2 14 114 357 356 1030
420 2 2 14 114 356 1008 1030
421 2 2 14 114 358 357 1053
422 2 2 14 114 357 1030 1053
423 2 2 14 114 359 358 1011
424 2 2 14 114 1011 358 1053
425 2 2 14 114 360 359 1057
426 2 2 14 114 359 1011 1057
427 2 2 14 114 361 360 1029
428 2 2 14 114 1029 360 1057
429 2 2 14 114 362 361 1058
430 2 2 14 114 361 1029 1058
431 2 2 14 114 363 362 1079
432 2 2 14 114 362 1058 1079
433 2 2 14 114 364 363 1044
434 2 2 14 114 1044 363 1079
435 2 2 14 114 365 364 1085
436 2 2 14 114 364 1044 1085
437 2 2 14 114 366 365 1027
438 2 2 14 114 1027 365 1085
439 2 2 14 114 367 366 1080
440 2 2 14 114 366 1027 1080
441 2 2 14 114 368 367 1048
442 2 2 14 114 1048 367 1080
443 2 2 14 114 369 368 1081
444 2 2 14 114 368 1048 1081
445 2 2 14 114 370 369 1026
446 2 2 14 114 1026 369 1081
447 2 2 14 114 371 370 1084
448 2 2 14 114 370 1026 1084
449 2 2 14 114 372 371 1047
450 2 2 14 114 1047 371 1084
451 2 2 14 114 373 372 1082
452 2 2 14 114 372 1047 1082
453 2 2 14 114 374 373 1083
454 2 2 14 114 373 1082 1083
455 2 2 14 114 375 374 1045
456 2 2 14 114 1045 374 1083
457 2 2 14 114 376 375 1073
458 2 2 14 114 375 1045 1073
459 2 2 14 114 377 376 1065
460 2 2 14 114 1065 376 1073
461 2 2 14 114 378 377 1038
462 2 2 14 114 1038 377 1065
463 2 2 14 114 379 378 1069
464 2 2 14 114 378 1038 1069
465 2 2 14 114 380 379 1074
466 2 2 14 114 379 1069 1074
467 2 2 14 114 381 380 1060
468 2 2 14 114 1060 380 1074
469 2 2 14 114 382 381 1031
470 2 2 14 114 1031 381 1060
471 2 2 14 114 383 382 1055
472 2 2 14 114 382 1031 1055
473 2 2 14 114 384 383 1012
474 2 2 14 114 1012 383 1055
475 2 2 14 114 385 384 1052
476 2 2 14 114 384 1012 1052
477 2 2 14 114 386 385 1033
478 2 2 14 114 1033 385 1052
479 2 2 14 114 387 386 1006
480 2 2 14 114 1006 386 1033
481 2 2 14 114 387 1006 1087
482 2 2 14 114 389 388 1006
483 2 2 14 114 1006 388 1087
484 2 2 14 114 390 389 1035
485 2 2 14 114 389 1006 1035
486 2 2 14 114 391 390 1017
487 2 2 14 114 1017 390 1035
488 2 2 14 114 392 391 1043
489 2 2 14 114 391 1017 1043
490 2 2 14 114 393 392 1007
491 2 2 14 114 1007 392 1043
492 2 2 14 114 393 1007 1088
493 2 2 14 114 395 394 1007
494 2 2 14 114 1007 394 1088
495 2 2 14 114 396 395 1041
496 2 2 14 114 395 1007 1041
497 2 2 14 114 397 396 1051
498 2 2 14 114 396 1041 1051
499 2 2 14 114 398 397 1013
500 2 2 14 114 1013 397 1051
501 2 2 14 114 399 398 1056
502 2 2 14 114 398 1013 1056
503 2 2 14 114 400 399 1032
504 2 2 14 114 1032 399 1056
505 2 2 14 114 401 400 1059
506 2 2 14 114 400 1032 1059
507 2 2 14 114 402 401 1076
508 2 2 14 114 401 1059 1076
509 2 2 14 114 403 402 1067
510 2 2 14 114 1067 402 1076
511 2 2 14 114 404 403 1039
512 2 2 14 114 1039 403 1067
513 2 2 14 114 405 404 1064
514 2 2 14 114 404 1039 1064
515 2 2 14 114 406 405 1071
516 2 2 14 114 405 1064 1071
517 2 2 14 114 407 406 1046
518 2 2 14 114 1046 406 1071
519 2 2 14 114 408 407 1078
520 2 2 14 114 407 1046 1078
521 2 2 14 114 409 408 1077
522 2 2 14 114 1077 408 1078
523 2 2 14 114 410 409 1063
524 2 2 14 114 1063 409 1077
525 2 2 14 114 411 410 1036
526 2 2 14 114 1036 410 1063
527 2 2 14 114 412 411 1062
528 2 2 14 114 411 1036 1062
529 2 2 14 114 413 412 1070
530 2 2 14 114 412 1062 1070
531 2 2 14 114 414 413 1049
532 2 2 14 114 1049 413 1070
533 2 2 14 114 415 414 1072
534 2 2 14 114 414 1049 1072
535 2 2 14 114 416 415 1066
536 2 2 14 114 1066 415 1072
537 2 2 14 114 417 416 1037
538 2 2 14 114 1037 416 1066
539 2 2 14 114 418 417 1068
540 2 2 14 114 417 1037 1068
541 2 2 14 114 419 418 1075
542 2 2 14 114 418 1068 1075
543 2 2 14 114 420 419 1061
544 2 2 14 114 1061 419 1075
545 2 2 14 114 421 420 1028
546 2 2 14 114 1028 420 1061
547 2 2 14 114 422 421 1054
548 2 2 14 114 421 1028 1054
549 2 2 14 114 423 422 1010
550 2 2 14 114 1010 422 1054
551 2 2 14 114 424 423 1050
552 2 2 14 114 423 1010 1050
553 2 2 14 114 425 424 1040
554 2 2 14 114 1040 424 1050
555 2 2 14 114 426 425 1005
556 2 2 14 114 1005 425 1040
557 2 2 14 114 426 1005 1086
558 2 2 14 114 428 427 1005
559 2 2 14 114 1005 427 1086
560 2 2 14 114 429 428 1042
561 2 2 14 114 428 1005 1042
562 2 2 14 114 430 429 1016
563 2 2 14 114 1016 429 1042
564 2 2 14 114 431 430 1034
565 2 2 14 114 430 1016 1034
566 2 2 14 114 432 431 1008
567 2 2 14 114 1008 431 1034
568 2 2 14 114 432 1008 1089
569 2 2 14 114 1005 997 1016
570 2 2 14 114 997 1005 1040
571 2 2 14 114 997 1008 1016
572 2 2 14 114 1008 997 1030
573 2 2 14 114 997 1010 1011
574 2 2 14 114 1010 997 1050
575 2 2 14 114 997 1011 1053
576 2 2 14 114 1030 997 1053
577 2 2 14 114 997 1040 1050
578 2 2 14 114 1006 998 1017
579 2 2 14 114 998 1006 1033
580 2 2 14 114 998 1007 1017
581 2 2 14 114 1007 998 1041
582 2 2 14 114 998 1012 1013
583 2 2 14 114 1012 998 1052
584 2 2 14 114 998 1013 1051
585 2 2 14 114 998 1033 1052
586 2 2 14 114 1041 998 1051
587 2 2 14 114 1009 999 1014
588 2 2 14 114 999 1009 1027
589 2 2 14 114 1014 999 1037
590 2 2 14 114 1018 999 1019
591 2 2 14 114 999 1018 1037
592 2 2 14 114 1019 999 1044
593 2 2 14 114 999 1027 1044
594 2 2 14 114 1020 1000 1021
595 2 2 14 114 1000 1020 1038
596 2 2 14 114 1021 1000 1039
597 2 2 14 114 1000 1022 1023
598 2 2 14 114 1022 1000 1038
599 2 2 14 114 1000 1023 1039
600 2 2 14 114 1001 1009 1015
601 2 2 14 114 1009 1001 1026
602 2 2 14 114 1001 1015 1036
603 2 2 14 114 1001 1024 1025
604 2 2 14 114 1024 1001 1036
605 2 2 14 114 1001 1025 1047
606 2 2 14 114 1026 1001 1047
607 2 2 14 114 1010 1002 1011
608 2 2 14 114 1002 1010 1028
609 2 2 14 114 1011 1002 1029
610 2 2 14 114 1002 1018 1019
611 2 2 14 114 1018 1002 1028
612 2 2 14 114 1002 1019 1029
613 2 2 14 114 1012 1003 1013
614 2 2 14 114 1003 1012 1031
615 2 2 14 114 1013 1003 1032
616 2 2 14 114 1003 1020 1021
617 2 2 14 114 1020 1003 1031
618 2 2 14 114 1003 1021 1032
619 2 2 14 114 1022 1004 1023
620 2 2 14 114 1004 1022 1045
621 2 2 14 114 1023 1004 1046
622 2 2 14 114 1024 1004 1025
623 2 2 14 114 1004 1024 1046
624 2 2 14 114 1025 1004 1045
625 2 2 14 114 1005 1016 1042
626 2 2 14 114 1006 1017 1035
627 2 2 14 114 1017 1007 1043
628 2 2 14 114 1016 1008 1034
629 2 2 14 114 1009 1014 1015
630 2 2 14 114 1009 1026 1048
631 2 2 14 114 1027 1009 1048
632 2 2 14 114 1028 1010 1054
633 2 2 14 114 1011 1029 1057
634 2 2 14 114 1031 1012 1055
635 2 2 14 114 1013 1032 1056
636 2 2 14 114 1015 1014 1049
637 2 2 14 114 1014 1037 1066
638 2 2 14 114 1049 1014 1072
639 2 2 14 114 1014 1066 1072
640 2 2 14 114 1036 1015 1062
641 2 2 14 114 1015 1049 1070
642 2 2 14 114 1062 1015 1070
643 2 2 14 114 1018 1028 1061
644 2 2 14 114 1037 1018 1068
645 2 2 14 114 1018 1061 1075
646 2 2 14 114 1068 1018 1075
647 2 2 14 114 1029 1019 1058
648 2 2 14 114 1019 1044 1079
649 2 2 14 114 1058 1019 1079
650 2 2 14 114 1020 1031 1060
651 2 2 14 114 1038 1020 1069
652 2 2 14 114 1020 1060 1074
653 2 2 14 114 1069 1020 1074
654 2 2 14 114 1032 1021 1059
655 2 2 14 114 1021 1039 1067
656 2 2 14 114 1059 1021 1076
657 2 2 14 114 1021 1067 1076
658 2 2 14 114 1022 1038 1065
659 2 2 14 114 1045 1022 1073
660 2 2 14 114 1022 1065 1073
661 2 2 14 114 1039 1023 1064
662 2 2 14 114 1023 1046 1071
663 2 2 14 114 1064 1023 1071
664 2 2 14 114 1024 1036 1063
665 2 2 14 114 1046 1024 1078
666 2 2 14 114 1024 1063 1077
667 2 2 14 114 1024 1077 1078
668 2 2 14 114 1025 1045 1083
669 2 2 14 114 1047 1025 1082
670 2 2 14 114 1082 1025 1083
671 2 2 14 114 1026 1047 1084
672 2 2 14 114 1048 1026 1081
673 2 2 14 114 1044 1027 1085
674 2 2 14 114 1027 1048 1080
675 2 2 16 115 433 1111 57
676 2 2 16 115 57 1111 456
677 2 2 16 115 58 1109 441
678 2 2 16 115 442 1109 58
679 2 2 16 115 59 1112 444
680 2 2 16 115 445 1112 59
681 2 2 16 115 60 1110 453
682 2 2 16 115 454 1110 60
683 2 2 16 115 434 1100 433
684 2 2 16 115 1100 1111 433
685 2 2 16 115 435 1101 434
686 2 2 16 115 434 1101 1100
687 2 2 16 115 436 1097 435
688 2 2 16 115 1097 1101 435
689 2 2 16 115 437 1102 436
690 2 2 16 115 436 1102 1097
691 2 2 16 115 438 1103 437
692 2 2 16 115 437 1103 1102
693 2 2 16 115 439 1096 438
694 2 2 16 115 1096 1103 438
695 2 2 16 115 440 1107 439
696 2 2 16 115 439 1107 1096
697 2 2 16 115 441 1093 440
698 2 2 16 115 1093 1107 440
699 2 2 16 115 441 1109 1093
700 2 2 16 115 443 1093 442
701 2 2 16 115 1093 1109 442
702 2 2 16 115 444 1094 443
703 2 2 16 115 443 1094 1093
704 2 2 16 115 444 1112 1094
705 2 2 16 115 446 1094 445
706 2 2 16 115 1094 1112 445
707 2 2 16 115 447 1108 446
708 2 2 16 115 446 1108 1094
709 2 2 16 115 448 1095 447
710 2 2 16 115 1095 1108 447
711 2 2 16 115 449 1106 448
712 2 2 16 115 448 1106 1095
713 2 2 16 115 450 1105 449
714 2 2 16 115 1105 1106 449
715 2 2 16 115 451 1098 450
716 2 2 16 115 1098 1105 450
717 2 2 16 115 452 1104 451
718 2 2 16 115 451 1104 1098
719 2 2 16 115 453 1099 452
720 2 2 16 115 1099 1104 452
721 2 2 16 115 453 1110 1099
722 2 2 16 115 455 1099 454
723 2 2 16 115 1099 1110 454
724 2 2 16 115 456 1100 455
725 2 2 16 115 455 1100 1099
726 2 2 16 115 456 1111 1100
727 2 2 16 115 1090 1098 1097
728 2 2 16 115 1097 1102 1090
729 2 2 16 115 1090 1105 1098
730 2 2 16 115 1102 1103 1090
731 2 2 16 115 1103 1106 1090
732 2 2 16 115 1090 1106 1105
733 2 2 16 115 1093 1094 1091
734 2 2 16 115 1091 1107 1093
735 2 2 16 115 1094 1108 1091
736 2 2 16 115 1095 1096 1091
737 2 2 16 115 1091 1108 1095
738 2 2 16 115 1096 1107 1091
739 2 2 16 115 1097 1098 1092
740 2 2 16 115 1092 1101 1097
741 2 2 16 115 1098 1104 1092
742 2 2 16 115 1099 1100 1092
743 2 2 16 115 1092 1104 1099
744 2 2 16 115 1100 1101 1092
745 2 2 16 115 1095 1106 1096
746 2 2 16 115 1096 1106 1103
747 2 2 17 116 61 1114 57
748 2 2 17 116 57 1114 433
749 2 2 17 116 58 1113 62
750 2 2 17 116 441 1113 58
751 2 2 17 116 457 1114 61
752 2 2 17 116 62 1113 465
753 2 2 17 116 433 1116 434
754 2 2 17 116 433 1114 457
755 2 2 17 116 457 1116 433
756 2 2 17 116 434 1118 435
757 2 2 17 116 434 1116 458
758 2 2 17 116 458 1118 434
759 2 2 17 116 435 1119 436
760 2 2 17 116 435 1118 459
761 2 2 17 116 459 1119 435
762 2 2 17 116 436 1122 437
763 2 2 17 116 436 1119 460
764 2 2 17 116 460 1122 436
765 2 2 17 116 437 1121 438
766 2 2 17 116 461 1121 437
767 2 2 17 116 437 1122 461
768 2 2 17 116 438 1120 439
769 2 2 17 116 462 1120 438
770 2 2 17 116 438 1121 462
771 2 2 17 116 439 1117 440
772 2 2 17 116 463 1117 439
773 2 2 17 116 439 1120 463
774 2 2 17 116 440 1115 441
775 2 2 17 116 464 1115 440
776 2 2 17 116 440 1117 464
777 2 2 17 116 465 1113 441
778 2 2 17 116 441 1115 465
779 2 2 17 116 458 1116 457
780 2 2 17 116 459 1118 458
781 2 2 17 116 460 1119 459
782 2 2 17 116 461 1122 460
783 2 2 17 116 462 1121 461
784 2 2 17 116 463 1120 462
785 2 2 17 116 464 1117 463
786 2 2 17 116 465 1115 464
787 2 2 17 117 62 1123 58
788 2 2 17 117 58 1123 442
789 2 2 17 117 59 1124 63
790 2 2 17 117 444 1124 59
791 2 2 17 117 466 1123 62
792 2 2 17 117 63 1124 468
793 2 2 17 117 442 1126 443
794 2 2 17 117 442 1123 466
795 2 2 17 117 466 1126 442
796 2 2 17 117 443 1125 444
797 2 2 17 117 467 1125 443
798 2 2 17 117 443 1126 467
799 2 2 17 117 468 1124 444
800 2 2 17 117 444 1125 468
801 2 2 17 117 467 1126 466
802 2 2 17 117 468 1125 467
803 2 2 17 118 63 1128 59
804 2 2 17 118 59 1128 445
805 2 2 17 118 60 1127 64
806 2 2 17 118 453 1127 60
807 2 2 17 118 469 1128 63
808 2 2 17 118 64 1127 477
809 2 2 17 118 445 1130 446
810 2 2 17 118 445 1128 469
811 2 2 17 118 469 1130 445
812 2 2 17 118 446 1132 447
813 2 2 17 118 446 1130 470
814 2 2 17 118 470 1132 446
815 2 2 17 118 447 1134 448
816 2 2 17 118 447 1132 471
817 2 2 17 118 471 1134 447
818 2 2 17 118 448 1136 449
819 2 2 17 118 448 1134 472
820 2 2 17 118 472 1136 448
821 2 2 17 118 449 1135 450
822 2 2 17 118 473 1135 449
823 2 2 17 118 449 1136 473
824 2 2 17 118 450 1133 451
825 2 2 17 118 474 1133 450
826 2 2 17 118 450 1135 474
827 2 2 17 118 451 1131 452
828 2 2 17 118 475 1131 451
829 2 2 17 118 451 1133 475
830 2 2 17 118 452 1129 453
831 2 2 17 118 476 1129 452
832 2 2 17 118 452 1131 476
833 2 2 17 118 477 1127 453
834 2 2 17 118 453 1129 477
835 2 2 17 118 470 1130 469
836 2 2 17 118 471 1132 470
837 2 2 17 118 472 1134 471
838 2 2 17 118 473 1136 472
839 2 2 17 118 474 1135 473
840 2 2 17 118 475 1133 474
841 2 2 17 118 476 1131 475
842 2 2 17 118 477 1129 476
843 2 2 17 119 57 1138 61
844 2 2 17 119 456 1138 57
845 2 2 17 119 64 1137 60
846 2 2 17 119 60 1137 454
847 2 2 17 119 61 1138 480
848 2 2 17 119 478 1137 64
849 2 2 17 119 454 1140 455
850 2 2 17 119 454 1137 478
851 2 2 17 119 478 1140 454
852 2 2 17 119 455 1139 456
853 2 2 17 119 479 1139 455
854 2 2 17 119 455 1140 479
855 2 2 17 119 480 1138 456
856 2 2 17 119 456 1139 480
857 2 2 17 119 479 1140 478
858 2 2 17 119 480 1139 479
859 2 2 16 120 457 61 1164
860 2 2 16 120 61 480 1164
861 2 2 16 120 62 465 1162
862 2 2 16 120 466 62 1162
863 2 2 16 120 63 468 1165
864 2 2 16 120 469 63 1165
865 2 2 16 120 64 477 1163
866 2 2 16 120 478 64 1163
867 2 2 16 120 458 457 1153
868 2 2 16 120 1153 457 1164
869 2 2 16 120 459 458 1152
870 2 2 16 120 1152 458 1153
871 2 2 16 120 460 459 1148
872 2 2 16 120 1148 459 1152
873 2 2 16 120 461 460 1158
874 2 2 16 120 460 1148 1158
875 2 2 16 120 462 461 1159
876 2 2 16 120 461 1158 1159
877 2 2 16 120 463 462 1147
878 2 2 16 120 1147 462 1159
879 2 2 16 120 464 463 1154
880 2 2 16 120 463 1147 1154
881 2 2 16 120 465 464 1144
882 2 2 16 120 1144 464 1154
883 2 2 16 120 465 1144 1162
884 2 2 16 120 467 466 1144
885 2 2 16 120 1144 466 1162
886 2 2 16 120 468 467 1145
887 2 2 16 120 467 1144 1145
888 2 2 16 120 468 1145 1165
889 2 2 16 120 470 469 1145
890 2 2 16 120 1145 469 1165
891 2 2 16 120 471 470 1155
892 2 2 16 120 470 1145 1155
893 2 2 16 120 472 471 1146
894 2 2 16 120 1146 471 1155
895 2 2 16 120 473 472 1157
896 2 2 16 120 472 1146 1157
897 2 2 16 120 474 473 1156
898 2 2 16 120 1156 473 1157
899 2 2 16 120 475 474 1149
900 2 2 16 120 1149 474 1156
901 2 2 16 120 476 475 1150
902 2 2 16 120 475 1149 1150
903 2 2 16 120 477 476 1151
904 2 2 16 120 476 1150 1151
905 2 2 16 120 477 1151 1163
906 2 2 16 120 479 478 1161
907 2 2 16 120 1161 478 1163
908 2 2 16 120 480 479 1160
909 2 2 16 120 1160 479 1161
910 2 2 16 120 480 1160 1164
911 2 2 16 120 1141 1148 1149
912 2 2 16 120 1148 1141 1158
913 2 2 16 120 1141 1149 1156
914 2 2 16 120 1141 1156 1157
915 2 2 16 120 1141 1157 1159
916 2 2 16 120 1158 1141 1159
917 2 2 16 120 1144 1142 1145
918 2 2 16 120 1142 1144 1154
919 2 2 16 120 1145 1142 1155
920 2 2 16 120 1146 1142 1147
921 2 2 16 120 1142 1146 1155
922 2 2 16 120 1147 1142 1154
923 2 2 16 120 1148 1143 1149
924 2 2 16 120 1143 1148 1152
925 2 2 16 120 1149 1143 1150
926 2 2 16 120 1150 1143 1151
927 2 2 16 120 1151 1143 1161
928 2 2 16 120 1143 1152 1153
929 2 2 16 120 1143 1153 1160
930 2 2 16 120 1143 1160 1161
931 2 2 16 120 1146 1147 1157
932 2 2 16 120 1157 1147 1159
933 2 2 16 120 1151 1161 1163
934 2 2 16 120 1160 1153 1164
935 2 2 18 121 481 1206 65
936 2 2 18 121 65 1206 516
937 2 2 18 121 66 1203 492
938 2 2 18 121 493 1203 66
939 2 2 18 121 67 1205 498
940 2 2 18 121 499 1205 67
941 2 2 18 121 68 1204 510
942 2 2 18 121 511 1204 68
943 2 2 18 121 482 1171 481
944 2 2 18 121 1171 1206 481
945 2 2 18 121 483 1195 482
946 2 2 18 121 482 1195 1171
947 2 2 18 121 484 1182 483
948 2 2 18 121 1182 1195 483
949 2 2 18 121 485 1193 484
950 2 2 18 121 484 1193 1182
951 2 2 18 121 486 1183 485
952 2 2 18 121 1183 1193 485
953 2 2 18 121 487 1194 486
954 2 2 18 121 486 1194 1183
955 2 2 18 121 488 1197 487
956 2 2 18 121 487 1197 1194
957 2 2 18 121 489 1191 488
958 2 2 18 121 1191 1197 488
959 2 2 18 121 490 1180 489
960 2 2 18 121 1180 1191 489
961 2 2 18 121 491 1192 490
962 2 2 18 121 490 1192 1180
963 2 2 18 121 492 1178 491
964 2 2 18 121 1178 1192 491
965 2 2 18 121 492 1203 1178
966 2 2 18 121 494 1178 493
967 2 2 18 121 1178 1203 493
968 2 2 18 121 495 1188 494
969 2 2 18 121 494 1188 1178
970 2 2 18 121 496 1179 495
971 2 2 18 121 1179 1188 495
972 2 2 18 121 497 1187 496
973 2 2 18 121 496 1187 1179
974 2 2 18 121 498 1172 497
975 2 2 18 121 1172 1187 497
976 2 2 18 121 498 1205 1172
977 2 2 18 121 500 1172 499
978 2 2 18 121 1172 1205 499
979 2 2 18 121 501 1196 500
980 2 2 18 121 500 1196 1172
981 2 2 18 121 502 1181 501
982 2 2 18 121 1181 1196 501
983 2 2 18 121 503 1199 502
984 2 2 18 121 502 1199 1181
985 2 2 18 121 504 1186 503
986 2 2 18 121 1186 1199 503
987 2 2 18 121 505 1175 504
988 2 2 18 121 1175 1186 504
989 2 2 18 121 506 1185 505
990 2 2 18 121 505 1185 1175
991 2 2 18 121 507 1198 506
992 2 2 18 121 506 1198 1185
993 2 2 18 121 508 1184 507
994 2 2 18 121 1184 1198 507
995 2 2 18 121 509 1200 508
996 2 2 18 121 508 1200 1184
997 2 2 18 121 510 1176 509
998 2 2 18 121 1176 1200 509
999 2 2 18 121 510 1204 1176
1000 2 2 18 121 512 1176 511
1001 2 2 18 121 1176 1204 511
1002 2 2 18 121 513 1190 512
1003 2 2 18 121 512 1190 1176
1004 2 2 18 121 514 1177 513
1005 2 2 18 121 1177 1190 513
1006 2 2 18 121 515 1189 514
1007 2 2 18 121 514 1189 1177
1008 2 2 18 121 516 1171 515
1009 2 2 18 121 1171 1189 515
1010 2 2 18 121 516 1206 1171
1011 2 2 18 121 1166 1174 1169
1012 2 2 18 121 1169 1175 1166
1013 2 2 18 121 1166 1173 1170
1014 2 2 18 121 1170 1183 1166
1015 2 2 18 121 1166 1175 1173
1016 2 2 18 121 1166 1183 1174
1017 2 2 18 121 1174 1180 1167
1018 2 2 18 121 1167 1201 1174
1019 2 2 18 121 1178 1188 1167
1020 2 2 18 121 1167 1192 1178
1021 2 2 18 121 1167 1188 1179
1022 2 2 18 121 1179 1201 1167
1023 2 2 18 121 1180 1192 1167
1024 2 2 18 121 1173 1184 1168
1025 2 2 18 121 1168 1202 1173
1026 2 2 18 121 1176 1190 1168
1027 2 2 18 121 1168 1200 1176
1028 2 2 18 121 1168 1190 1177
1029 2 2 18 121 1177 1202 1168
1030 2 2 18 121 1184 1200 1168
1031 2 2 18 121 1174 1201 1169
1032 2 2 18 121 1169 1186 1175
1033 2 2 18 121 1181 1199 1169
1034 2 2 18 121 1169 1201 1181
1035 2 2 18 121 1169 1199 1186
1036 2 2 18 121 1173 1202 1170
1037 2 2 18 121 1182 1193 1170
1038 2 2 18 121 1170 1202 1182
1039 2 2 18 121 1170 1193 1183
1040 2 2 18 121 1171 1202 1189
1041 2 2 18 121 1195 1202 1171
1042 2 2 18 121 1172 1201 1187
1043 2 2 18 121 1196 1201 1172
1044 2 2 18 121 1175 1185 1173
1045 2 2 18 121 1173 1198 1184
1046 2 2 18 121 1185 1198 1173
1047 2 2 18 121 1174 1191 1180
1048 2 2 18 121 1183 1194 1174
1049 2 2 18 121 1174 1197 1191
1050 2 2 18 121 1194 1197 1174
1051 2 2 18 121 1189 1202 1177
1052 2 2 18 121 1187 1201 1179
1053 2 2 18 121 1181 1201 1196
1054 2 2 18 121 1182 1202 1195
1055 2 2 19 122 69 1219 65
1056 2 2 19 122 65 1219 481
1057 2 2 19 122 66 1218 70
1058 2 2 19 122 492 1218 66
1059 2 2 19 122 517 1219 69
1060 2 2 19 122 70 1218 528
1061 2 2 19 122 481 1216 482
1062 2 2 19 122 481 1219 1216
1063 2 2 19 122 482 1212 483
1064 2 2 19 122 482 1216 1212
1065 2 2 19 122 483 1215 484
1066 2 2 19 122 1212 1215 483
1067 2 2 19 122 484 1207 485
1068 2 2 19 122 484 1215 1207
1069 2 2 19 122 485 1210 486
1070 2 2 19 122 1207 1210 485
1071 2 2 19 122 486 1213 487
1072 2 2 19 122 1210 1213 486
1073 2 2 19 122 487 1209 488
1074 2 2 19 122 487 1213 1209
1075 2 2 19 122 488 1208 489
1076 2 2 19 122 488 1209 1208
1077 2 2 19 122 489 1214 490
1078 2 2 19 122 1208 1214 489
1079 2 2 19 122 490 1211 491
1080 2 2 19 122 490 1214 1211
1081 2 2 19 122 491 1217 492
1082 2 2 19 122 1211 1217 491
1083 2 2 19 122 1217 1218 492
1084 2 2 19 122 518 1216 517
1085 2 2 19 122 1216 1219 517
1086 2 2 19 122 519 1212 518
1087 2 2 19 122 1212 1216 518
1088 2 2 19 122 520 1215 519
1089 2 2 19 122 519 1215 1212
1090 2 2 19 122 521 1207 520
1091 2 2 19 122 1207 1215 520
1092 2 2 19 122 522 1210 521
1093 2 2 19 122 521 1210 1207
1094 2 2 19 122 523 1213 522
1095 2 2 19 122 522 1213 1210
1096 2 2 19 122 524 1209 523
1097 2 2 19 122 1209 1213 523
1098 2 2 19 122 525 1208 524
1099 2 2 19 122 1208 1209 524
1100 2 2 19 122 526 1214 525
1101 2 2 19 122 525 1214 1208
1102 2 2 19 122 527 1211 526
1103 2 2 19 122 1211 1214 526
1104 2 2 19 122 528 1217 527
1105 2 2 19 122 527 1217 1211
1106 2 2 19 122 528 1218 1217
1107 2 2 19 123 70 1226 66
1108 2 2 19 123 66 1226 493
1109 2 2 19 123 67 1225 71
1110 2 2 19 123 498 1225 67
1111 2 2 19 123 529 1226 70
1112 2 2 19 123 71 1225 534
1113 2 2 19 123 493 1221 494
1114 2 2 19 123 493 1226 1221
1115 2 2 19 123 494 1224 495
1116 2 2 19 123 1221 1224 494
1117 2 2 19 123 495 1220 496
1118 2 2 19 123 495 1224 1220
1119 2 2 19 123 496 1223 497
1120 2 2 19 123 1220 1223 496
1121 2 2 19 123 497 1222 498
1122 2 2 19 123 497 1223 1222
1123 2 2 19 123 1222 1225 498
1124 2 2 19 123 530 1221 529
1125 2 2 19 123 1221 1226 529
1126 2 2 19 123 531 1224 530
1127 2 2 19 123 530 1224 1221
1128 2 2 19 123 532 1220 531
1129 2 2 19 123 1220 1224 531
1130 2 2 19 123 533 1223 532
1131 2 2 19 123 532 1223 1220
1132 2 2 19 123 534 1222 533
1133 2 2 19 123 1222 1223 533
1134 2 2 19 123 534 1225 1222
1135 2 2 19 124 71 1239 67
1136 2 2 19 124 67 1239 499
1137 2 2 19 124 68 1238 72
1138 2 2 19 124 510 1238 68
1139 2 2 19 124 535 1239 71
1140 2 2 19 124 72 1238 546
1141 2 2 19 124 499 1236 500
1142 2 2 19 124 499 1239 1236
1143 2 2 19 124 500 1232 501
1144 2 2 19 124 500 1236 1232
1145 2 2 19 124 501 1235 502
1146 2 2 19 124 1232 1235 501
1147 2 2 19 124 502 1227 503
1148 2 2 19 124 502 1235 1227
1149 2 2 19 124 503 1230 504
1150 2 2 19 124 1227 1230 503
1151 2 2 19 124 504 1233 505
1152 2 2 19 124 1230 1233 504
1153 2 2 19 124 505 1229 506
1154 2 2 19 124 505 1233 1229
1155 2 2 19 124 506 1228 507
1156 2 2 19 124 506 1229 1228
1157 2 2 19 124 507 1234 508
1158 2 2 19 124 1228 1234 507
1159 2 2 19 124 508 1231 509
1160 2 2 19 124 508 1234 1231
1161 2 2 19 124 509 1237 510
1162 2 2 19 124 1231 1237 509
1163 2 2 19 124 1237 1238 510
1164 2 2 19 124 536 1236 535
1165 2 2 19 124 1236 1239 535
1166 2 2 19 124 537 1232 536
1167 2 2 19 124 1232 1236 536
1168 2 2 19 124 538 1235 537
1169 2 2 19 124 537 1235 1232
1170 2 2 19 124 539 1227 538
1171 2 2 19 124 1227 1235 538
1172 2 2 19 124 540 1230 539
1173 2 2 19 124 539 1230 1227
1174 2 2 19 124 541 1233 540
1175 2 2 19 124 540 1233 1230
1176 2 2 19 124 542 1229 541
1177 2 2 19 124 1229 1233 541
1178 2 2 19 124 543 1228 542
1179 2 2 19 124 1228 1229 542
1180 2 2 19 124 544 1234 543
1181 2 2 19 124 543 1234 1228
1182 2 2 19 124 545 1231 544
1183 2 2 19 124 1231 1234 544
1184 2 2 19 124 546 1237 545
1185 2 2 19 124 545 1237 1231
1186 2 2 19 124 546 1238 1237
1187 2 2 19 125 65 1245 69
1188 2 2 19 125 516 1245 65
1189 2 2 19 125 72 1246 68
1190 2 2 19 125 68 1246 511
1191 2 2 19 125 69 1245 552
1192 2 2 19 125 547 1246 72
1193 2 2 19 125 511 1242 512
1194 2 2 19 125 511 1246 1242
1195 2 2 19 125 512 1244 513
1196 2 2 19 125 1242 1244 512
1197 2 2 19 125 513 1240 514
1198 2 2 19 125 513 1244 1240
1199 2 2 19 125 514 1243 515
1200 2 2 19 125 1240 1243 514
1201 2 2 19 125 515 1241 516
1202 2 2 19 125 515 1243 1241
1203 2 2 19 125 1241 1245 516
1204 2 2 19 125 548 1242 547
1205 2 2 19 125 1242 1246 547
1206 2 2 19 125 549 1244 548
1207 2 2 19 125 548 1244 1242
1208 2 2 19 125 550 1240 549
1209 2 2 19 125 1240 1244 549
1210 2 2 19 125 551 1243 550
1211 2 2 19 125 550 1243 1240
1212 2 2 19 125 552 1241 551
1213 2 2 19 125 1241 1243 551
1214 2 2 19 125 552 1245 1241
1215 2 2 18 126 517 69 1285
1216 2 2 18 126 69 552 1285
1217 2 2 18 126 70 528 1282
1218 2 2 18 126 529 70 1282
1219 2 2 18 126 71 534 1284
1220 2 2 18 126 535 71 1284
1221 2 2 18 126 72 546 1283
1222 2 2 18 126 547 72 1283
1223 2 2 18 126 518 517 1250
1224 2 2 18 126 1250 517 1285
1225 2 2 18 126 519 518 1281
1226 2 2 18 126 518 1250 1281
1227 2 2 18 126 520 519 1263
1228 2 2 18 126 1263 519 1281
1229 2 2 18 126 521 520 1272
1230 2 2 18 126 520 1263 1272
1231 2 2 18 126 522 521 1269
1232 2 2 18 126 1269 521 1272
1233 2 2 18 126 523 522 1257
1234 2 2 18 126 1257 522 1269
1235 2 2 18 126 524 523 1267
1236 2 2 18 126 523 1257 1267
1237 2 2 18 126 525 524 1270
1238 2 2 18 126 524 1267 1270
1239 2 2 18 126 526 525 1264
1240 2 2 18 126 1264 525 1270
1241 2 2 18 126 527 526 1279
1242 2 2 18 126 526 1264 1279
1243 2 2 18 126 528 527 1260
1244 2 2 18 126 1260 527 1279
1245 2 2 18 126 528 1260 1282
1246 2 2 18 126 530 529 1260
1247 2 2 18 126 1260 529 1282
1248 2 2 18 126 531 530 1277
1249 2 2 18 126 530 1260 1277
1250 2 2 18 126 532 531 1261
1251 2 2 18 126 1261 531 1277
1252 2 2 18 126 533 532 1274
1253 2 2 18 126 532 1261 1274
1254 2 2 18 126 534 533 1251
1255 2 2 18 126 1251 533 1274
1256 2 2 18 126 534 1251 1284
1257 2 2 18 126 536 535 1251
1258 2 2 18 126 1251 535 1284
1259 2 2 18 126 537 536 1280
1260 2 2 18 126 536 1251 1280
1261 2 2 18 126 538 537 1262
1262 2 2 18 126 1262 537 1280
1263 2 2 18 126 539 538 1273
1264 2 2 18 126 538 1262 1273
1265 2 2 18 126 540 539 1268
1266 2 2 18 126 1268 539 1273
1267 2 2 18 126 541 540 1256
1268 2 2 18 126 1256 540 1268
1269 2 2 18 126 542 541 1266
1270 2 2 18 126 541 1256 1266
1271 2 2 18 126 543 542 1271
1272 2 2 18 126 542 1266 1271
1273 2 2 18 126 544 543 1265
1274 2 2 18 126 1265 543 1271
1275 2 2 18 126 545 544 1278
1276 2 2 18 126 544 1265 1278
1277 2 2 18 126 546 545 1258
1278 2 2 18 126 1258 545 1278
1279 2 2 18 126 546 1258 1283
1280 2 2 18 126 548 547 1258
1281 2 2 18 126 1258 547 1283
1282 2 2 18 126 549 548 1276
1283 2 2 18 126 548 1258 1276
1284 2 2 18 126 550 549 1259
1285 2 2 18 126 1259 549 1276
1286 2 2 18 126 551 550 1275
1287 2 2 18 126 550 1259 1275
1288 2 2 18 126 552 551 1250
1289 2 2 18 126 1250 551 1275
1290 2 2 18 126 552 1250 1285
1291 2 2 18 126 1247 1252 1255
1292 2 2 18 126 1252 1247 1256
1293 2 2 18 126 1247 1253 1254
1294 2 2 18 126 1253 1247 1257
1295 2 2 18 126 1247 1254 1256
1296 2 2 18 126 1247 1255 1257
1297 2 2 18 126 1252 1248 1255
1298 2 2 18 126 1248 1252 1261
1299 2 2 18 126 1255 1248 1264
1300 2 2 18 126 1260 1248 1277
1301 2 2 18 126 1248 1260 1279
1302 2 2 18 126 1248 1261 1277
1303 2 2 18 126 1264 1248 1279
1304 2 2 18 126 1253 1249 1254
1305 2 2 18 126 1249 1253 1259
1306 2 2 18 126 1254 1249 1265
1307 2 2 18 126 1258 1249 1276
1308 2 2 18 126 1249 1258 1278
1309 2 2 18 126 1249 1259 1276
1310 2 2 18 126 1265 1249 1278
1311 2 2 18 126 1250 1259 1263
1312 2 2 18 126 1259 1250 1275
1313 2 2 18 126 1250 1263 1281
1314 2 2 18 126 1251 1261 1262
1315 2 2 18 126 1261 1251 1274
1316 2 2 18 126 1251 1262 1280
1317 2 2 18 126 1252 1256 1268
1318 2 2 18 126 1261 1252 1262
1319 2 2 18 126 1262 1252 1273
1320 2 2 18 126 1252 1268 1273
1321 2 2 18 126 1253 1257 1269
1322 2 2 18 126 1259 1253 1263
1323 2 2 18 126 1263 1253 1272
1324 2 2 18 126 1253 1269 1272
1325 2 2 18 126 1256 1254 1266
1326 2 2 18 126 1254 1265 1271
1327 2 2 18 126 1266 1254 1271
1328 2 2 18 126 1257 1255 1267
1329 2 2 18 126 1255 1264 1270
1330 2 2 18 126 1267 1255 1270
1331 2 2 26 127 824 1288 183
1332 2 2 26 127 183 1288 840
1333 2 2 26 127 184 1291 826
1334 2 2 26 127 837 1291 184
1335 2 2 26 127 190 1290 834
1336 2 2 26 127 839 1290 190
1337 2 2 26 127 832 1289 192
1338 2 2 26 127 192 1289 838
1339 2 2 26 127 825 1286 824
1340 2 2 26 127 1286 1288 824
1341 2 2 26 127 826 1287 825
1342 2 2 26 127 825 1287 1286
1343 2 2 26 127 826 1291 1287
1344 2 2 26 127 833 1287 832
1345 2 2 26 127 1287 1289 832
1346 2 2 26 127 834 1286 833
1347 2 2 26 127 1286 1287 833
1348 2 2 26 127 834 1290 1286
1349 2 2 26 127 838 1287 837
1350 2 2 26 127 1287 1291 837
1351 2 2 26 127 838 1289 1287
1352 2 2 26 127 840 1286 839
1353 2 2 26 127 1286 1290 839
1354 2 2 26 127 840 1288 1286
1355 2 2 27 128 828 1296 187
1356 2 2 27 128 187 1296 846
1357 2 2 27 128 188 1294 828
1358 2 2 27 128 841 1294 188
1359 2 2 27 128 194 1295 836
1360 2 2 27 128 844 1295 194
1361 2 2 27 128 836 1297 196
1362 2 2 27 128 196 1297 843
1363 2 2 27 128 1294 1296 828
1364 2 2 27 128 1295 1297 836
1365 2 2 27 128 842 1293 841
1366 2 2 27 128 1293 1294 841
1367 2 2 27 128 843 1292 842
1368 2 2 27 128 1292 1293 842
1369 2 2 27 128 843 1297 1292
1370 2 2 27 128 845 1292 844
1371 2 2 27 128 1292 1295 844
1372 2 2 27 128 846 1293 845
1373 2 2 27 128 845 1293 1292
1374 2 2 27 128 846 1296 1293
1375 2 2 27 128 1292 1297 1295
1376 2 2 27 128 1293 1296 1294
1377 2 2 3 134 74 1299 73
1378 2 2 3 134 73 1299 558
1379 2 2 3 134 553 1299 74
1380 2 2 3 134 76 1298 75
1381 2 2 3 134 75 1298 555
1382 2 2 3 134 556 1298 76
1383 2 2 3 134 554 1300 553
1384 2 2 3 134 553 1300 1299
1385 2 2 3 134 555 1301 554
1386 2 2 3 134 554 1301 1300
1387 2 2 3 134 1298 1301 555
1388 2 2 3 134 557 1301 556
1389 2 2 3 134 556 1301 1298
1390 2 2 3 134 558 1300 557
1391 2 2 3 134 1300 1301 557
1392 2 2 3 134 1299 1300 558
1393 2 2 3 137 73 1302 74
1394 2 2 3 137 561 1302 73
1395 2 2 3 137 74 1302 569
1396 2 2 3 137 81 1303 77
1397 2 2 3 137 77 1303 559
1398 2 2 3 137 567 1303 81
1399 2 2 3 137 559 1305 560
1400 2 2 3 137 559 1303 567
1401 2 2 3 137 567 1305 559
1402 2 2 3 137 560 1304 561
1403 2 2 3 137 568 1304 560
1404 2 2 3 137 560 1305 568
1405 2 2 3 137 569 1302 561
1406 2 2 3 137 561 1304 569
1407 2 2 3 137 568 1305 567
1408 2 2 3 137 569 1304 568
1409 2 2 3 138 77 1306 81
1410 2 2 3 138 566 1306 77
1411 2 2 3 138 84 1308 80
1412 2 2 3 138 80 1308 565
1413 2 2 3 138 81 1306 574
1414 2 2 3 138 573 1308 84
1415 2 2 3 138 565 1307 566
1416 2 2 3 138 565 1308 1307
1417 2 2 3 138 574 1306 566
1418 2 2 3 138 566 1307 574
1419 2 2 3 138 574 1307 573
1420 2 2 3 138 1307 1308 573
1421 2 2 3 139 75 1309 76
1422 2 2 3 139 572 1309 75
1423 2 2 3 139 76 1309 562
1424 2 2 3 139 78 1310 82
1425 2 2 3 139 564 1310 78
1426 2 2 3 139 82 1310 570
1427 2 2 3 139 562 1311 563
1428 2 2 3 139 562 1309 572
1429 2 2 3 139 572 1311 562
1430 2 2 3 139 563 1312 564
1431 2 2 3 139 563 1311 571
1432 2 2 3 139 571 1312 563
1433 2 2 3 139 570 1310 564
1434 2 2 3 139 564 1312 570
1435 2 2 3 139 570 1312 571
1436 2 2 3 139 571 1311 572
1437 2 2 3 140 80 79 83
1438 2 2 3 140 84 80 83
1439 2 2 3 141 78 1313 79
1440 2 2 3 141 82 1313 78
1441 2 2 3 141 79 1313 83
1442 2 2 3 141 83 1313 82
1443 2 2 5 142 86 1314 85
1444 2 2 5 142 85 1314 578
1445 2 2 5 142 575 1314 86
1446 2 2 5 142 88 1315 87
1447 2 2 5 142 87 1315 576
1448 2 2 5 142 577 1315 88
1449 2 2 5 142 576 1316 575
1450 2 2 5 142 575 1316 1314
1451 2 2 5 142 1315 1316 576
1452 2 2 5 142 578 1316 577
1453 2 2 5 142 577 1316 1315
1454 2 2 5 142 1314 1316 578
1455 2 2 4 144 575 86 1319
1456 2 2 4 144 86 583 1319
1457 2 2 4 144 87 576 1320
1458 2 2 4 144 584 87 1320
1459 2 2 4 144 583 91 1321
1460 2 2 4 144 91 585 1321
1461 2 2 4 144 92 584 1318
1462 2 2 4 144 586 92 1318
1463 2 2 4 144 576 575 1317
1464 2 2 4 144 1317 575 1319
1465 2 2 4 144 576 1317 1320
1466 2 2 4 144 1319 583 1321
1467 2 2 4 144 1318 584 1320
1468 2 2 4 144 585 586 1317
1469 2 2 4 144 585 1317 1321
1470 2 2 4 144 1317 586 1318
1471 2 2 4 144 1317 1318 1320
1472 2 2 4 144 1317 1319 1321
1473 2 2 5 145 85 1322 86
1474 2 2 5 145 579 1322 85
1475 2 2 5 145 86 1322 583
1476 2 2 5 145 91 1323 89
1477 2 2 5 145 89 1323 579
1478 2 2 5 145 583 1323 91
1479 2 2 5 145 583 1322 579
1480 2 2 5 145 579 1323 583
1481 2 2 5 146 89 1325 91
1482 2 2 5 146 582 1325 89
1483 2 2 5 146 92 1324 90
1484 2 2 5 146 90 1324 581
1485 2 2 5 146 91 1325 585
1486 2 2 5 146 586 1324 92
1487 2 2 5 146 581 1326 582
1488 2 2 5 146 1324 1326 581
1489 2 2 5 146 582 1326 1325
1490 2 2 5 146 585 1326 586
1491 2 2 5 146 1325 1326 585
1492 2 2 5 146 586 1326 1324
1493 2 2 5 147 87 1328 88
1494 2 2 5 147 584 1328 87
1495 2 2 5 147 88 1328 580
1496 2 2 5 147 90 1327 92
1497 2 2 5 147 580 1327 90
1498 2 2 5 147 92 1327 584
1499 2 2 5 147 584 1327 580
1500 2 2 5 147 580 1328 584
1501 2 2 7 148 94 1329 93
1502 2 2 7 148 93 1329 590
1503 2 2 7 148 587 1329 94
1504 2 2 7 148 96 1330 95
1505 2 2 7 148 95 1330 588
1506 2 2 7 148 589 1330 96
1507 2 2 7 148 588 1331 587
1508 2 2 7 148 590 1329 587
1509 2 2 7 148 587 1331 590
1510 2 2 7 148 588 1330 589
1511 2 2 7 148 589 1331 588
1512 2 2 7 148 590 1331 589
1513 2 2 6 150 587 94 1334
1514 2 2 6 150 94 595 1334
1515 2 2 6 150 95 588 1335
1516 2 2 6 150 596 95 1335
1517 2 2 6 150 595 99 1336
1518 2 2 6 150 99 597 1336
1519 2 2 6 150 100 596 1333
1520 2 2 6 150 598 100 1333
1521 2 2 6 150 588 587 1332
1522 2 2 6 150 1332 587 1334
1523 2 2 6 150 588 1332 1335
1524 2 2 6 150 1334 595 1336
1525 2 2 6 150 1333 596 1335
1526 2 2 6 150 597 598 1332
1527 2 2 6 150 597 1332 1336
1528 2 2 6 150 1332 598 1333
1529 2 2 6 150 1332 1333 1335
1530 2 2 6 150 1332 1334 1336
1531 2 2 7 151 93 1337 94
1532 2 2 7 151 591 1337 93
1533 2 2 7 151 94 1337 595
1534 2 2 7 151 99 1338 97
1535 2 2 7 151 97 1338 591
1536 2 2 7 151 595 1338 99
1537 2 2 7 151 595 1337 591
1538 2 2 7 151 591 1338 595
1539 2 2 7 152 97 1340 99
1540 2 2 7 152 594 1340 97
1541 2 2 7 152 100 1339 98
1542 2 2 7 152 98 1339 593
1543 2 2 7 152 99 1340 597
1544 2 2 7 152 598 1339 100
1545 2 2 7 152 593 1341 594
1546 2 2 7 152 593 1339 598
1547 2 2 7 152 598 1341 593
1548 2 2 7 152 597 1340 594
1549 2 2 7 152 594 1341 597
1550 2 2 7 152 597 1341 598
1551 2 2 7 153 95 1343 96
1552 2 2 7 153 596 1343 95
1553 2 2 7 153 96 1343 592
1554 2 2 7 153 98 1342 100
1555 2 2 7 153 592 1342 98
1556 2 2 7 153 100 1342 596
1557 2 2 7 153 596 1342 592
1558 2 2 7 153 592 1343 596
1559 2 2 9 154 102 1344 101
1560 2 2 9 154 101 1344 602
1561 2 2 9 154 599 1344 102
1562 2 2 9 154 104 1345 103
1563 2 2 9 154 103 1345 600
1564 2 2 9 154 601 1345 104
1565 2 2 9 154 600 1346 599
1566 2 2 9 154 599 1346 1344
1567 2 2 9 154 1345 1346 600
1568 2 2 9 154 602 1346 601
1569 2 2 9 154 601 1346 1345
1570 2 2 9 154 1344 1346 602
1571 2 2 8 156 599 102 1349
1572 2 2 8 156 102 610 1349
1573 2 2 8 156 103 600 1350
1574 2 2 8 156 613 103 1350
1575 2 2 8 156 109 112 111
1576 2 2 8 156 612 109 111
1577 2 2 8 156 110 615 1351
1578 2 2 8 156 616 110 1351
1579 2 2 8 156 612 111 1348
1580 2 2 8 156 111 616 1348
1581 2 2 8 156 600 599 1347
1582 2 2 8 156 1347 599 1349
1583 2 2 8 156 600 1347 1350
1584 2 2 8 156 610 611 1347
1585 2 2 8 156 610 1347 1349
1586 2 2 8 156 611 612 1348
1587 2 2 8 156 1347 611 1348
1588 2 2 8 156 614 613 1347
1589 2 2 8 156 1347 613 1350
1590 2 2 8 156 615 614 1348
1591 2 2 8 156 614 1347 1348
1592 2 2 8 156 615 1348 1351
1593 2 2 8 156 1348 616 1351
1594 2 2 9 157 101 1352 102
1595 2 2 9 157 609 1352 101
1596 2 2 9 157 102 1352 610
1597 2 2 9 157 109 1353 108
1598 2 2 9 157 108 1353 607
1599 2 2 9 157 612 1353 109
1600 2 2 9 157 607 1355 608
1601 2 2 9 157 607 1353 612
1602 2 2 9 157 612 1355 607
1603 2 2 9 157 608 1354 609
1604 2 2 9 157 611 1354 608
1605 2 2 9 157 608 1355 611
1606 2 2 9 157 610 1352 609
1607 2 2 9 157 609 1354 610
1608 2 2 9 157 610 1354 611
1609 2 2 9 157 611 1355 612
1610 2 2 9 158 103 1356 104
1611 2 2 9 158 613 1356 103
1612 2 2 9 158 104 1356 603
1613 2 2 9 158 105 1357 110
1614 2 2 9 158 605 1357 105
1615 2 2 9 158 110 1357 615
1616 2 2 9 158 603 1359 604
1617 2 2 9 158 603 1356 613
1618 2 2 9 158 613 1359 603
1619 2 2 9 158 604 1358 605
1620 2 2 9 158 614 1358 604
1621 2 2 9 158 604 1359 614
1622 2 2 9 158 615 1357 605
1623 2 2 9 158 605 1358 615
1624 2 2 9 158 614 1359 613
1625 2 2 9 158 615 1358 614
1626 2 2 9 159 107 1360 108
1627 2 2 9 159 112 1360 107
1628 2 2 9 159 108 1360 109
1629 2 2 9 159 109 1360 112
1630 2 2 9 160 107 106 111
1631 2 2 9 160 112 107 111
1632 2 2 9 161 110 1361 105
1633 2 2 9 161 105 1361 606
1634 2 2 9 161 106 1362 111
1635 2 2 9 161 606 1362 106
1636 2 2 9 161 616 1361 110
1637 2 2 9 161 111 1362 616
1638 2 2 9 161 606 1361 616
1639 2 2 9 161 616 1362 606
1640 2 2 11 162 114 1364 113
1641 2 2 11 162 113 1364 624
1642 2 2 11 162 617 1364 114
1643 2 2 11 162 116 1363 115
1644 2 2 11 162 115 1363 620
1645 2 2 11 162 621 1363 116
1646 2 2 11 162 618 1365 617
1647 2 2 11 162 617 1365 1364
1648 2 2 11 162 619 1367 618
1649 2 2 11 162 618 1367 1365
1650 2 2 11 162 620 1366 619
1651 2 2 11 162 1366 1367 619
1652 2 2 11 162 1363 1366 620
1653 2 2 11 162 622 1366 621
1654 2 2 11 162 621 1366 1363
1655 2 2 11 162 623 1367 622
1656 2 2 11 162 622 1367 1366
1657 2 2 11 162 624 1365 623
1658 2 2 11 162 1365 1367 623
1659 2 2 11 162 1364 1365 624
1660 2 2 10 164 617 114 1375
1661 2 2 10 164 114 636 1375
1662 2 2 10 164 115 620 1373
1663 2 2 10 164 639 115 1373
1664 2 2 10 164 634 121 1376
1665 2 2 10 164 121 642 1376
1666 2 2 10 164 124 123 122
1667 2 2 10 164 124 122 637
1668 2 2 10 164 124 637 1369
1669 2 2 10 164 640 124 1369
1670 2 2 10 164 618 617 1371
1671 2 2 10 164 1371 617 1375
1672 2 2 10 164 619 618 1371
1673 2 2 10 164 620 619 1370
1674 2 2 10 164 1370 619 1371
1675 2 2 10 164 620 1370 1373
1676 2 2 10 164 635 634 1372
1677 2 2 10 164 1372 634 1376
1678 2 2 10 164 636 635 1371
1679 2 2 10 164 1371 635 1372
1680 2 2 10 164 636 1371 1375
1681 2 2 10 164 637 638 1369
1682 2 2 10 164 638 639 1370
1683 2 2 10 164 1369 638 1370
1684 2 2 10 164 1370 639 1373
1685 2 2 10 164 641 640 1374
1686 2 2 10 164 640 1369 1374
1687 2 2 10 164 642 641 1372
1688 2 2 10 164 1372 641 1374
1689 2 2 10 164 642 1372 1376
1690 2 2 10 164 1368 1369 1370
1691 2 2 10 164 1369 1368 1374
1692 2 2 10 164 1368 1370 1371
1693 2 2 10 164 1368 1371 1372
1694 2 2 10 164 1368 1372 1374
1695 2 2 11 165 113 1377 114
1696 2 2 11 165 627 1377 113
1697 2 2 11 165 114 1377 636
1698 2 2 11 165 121 1378 117
1699 2 2 11 165 117 1378 625
1700 2 2 11 165 634 1378 121
1701 2 2 11 165 625 1380 626
1702 2 2 11 165 625 1378 634
1703 2 2 11 165 634 1380 625
1704 2 2 11 165 626 1379 627
1705 2 2 11 165 635 1379 626
1706 2 2 11 165 626 1380 635
1707 2 2 11 165 636 1377 627
1708 2 2 11 165 627 1379 636
1709 2 2 11 165 635 1380 634
1710 2 2 11 165 636 1379 635
1711 2 2 11 166 117 1381 121
1712 2 2 11 166 633 1381 117
1713 2 2 11 166 124 1382 120
1714 2 2 11 166 120 1382 631
1715 2 2 11 166 121 1381 642
1716 2 2 11 166 640 1382 124
1717 2 2 11 166 631 1384 632
1718 2 2 11 166 631 1382 640
1719 2 2 11 166 640 1384 631
1720 2 2 11 166 632 1383 633
1721 2 2 11 166 641 1383 632
1722 2 2 11 166 632 1384 641
1723 2 2 11 166 642 1381 633
1724 2 2 11 166 633 1383 642
1725 2 2 11 166 641 1384 640
1726 2 2 11 166 642 1383 641
1727 2 2 11 167 115 1385 116
1728 2 2 11 167 639 1385 115
1729 2 2 11 167 116 1385 628
1730 2 2 11 167 118 1386 122
1731 2 2 11 167 630 1386 118
1732 2 2 11 167 122 1386 637
1733 2 2 11 167 628 1387 629
1734 2 2 11 167 628 1385 639
1735 2 2 11 167 639 1387 628
1736 2 2 11 167 629 1388 630
1737 2 2 11 167 629 1387 638
1738 2 2 11 167 638 1388 629
1739 2 2 11 167 637 1386 630
1740 2 2 11 167 630 1388 637
1741 2 2 11 167 637 1388 638
1742 2 2 11 167 638 1387 639
1743 2 2 11 168 120 119 123
1744 2 2 11 168 124 120 123
1745 2 2 11 169 118 1389 119
1746 2 2 11 169 122 1389 118
1747 2 2 11 169 119 1389 123
1748 2 2 11 169 123 1389 122
1749 2 2 13 170 126 1391 125
1750 2 2 13 170 125 1391 646
1751 2 2 13 170 643 1391 126
1752 2 2 13 170 128 1390 127
1753 2 2 13 170 127 1390 644
1754 2 2 13 170 645 1390 128
1755 2 2 13 170 644 1392 643
1756 2 2 13 170 643 1392 1391
1757 2 2 13 170 1390 1392 644
1758 2 2 13 170 646 1392 645
1759 2 2 13 170 645 1392 1390
1760 2 2 13 170 1391 1392 646
1761 2 2 13 171 125 1393 126
1762 2 2 13 171 647 1393 125
1763 2 2 13 171 126 1393 652
1764 2 2 13 171 130 1394 129
1765 2 2 13 171 129 1394 649
1766 2 2 13 171 650 1394 130
1767 2 2 13 171 648 1395 647
1768 2 2 13 171 652 1393 647
1769 2 2 13 171 647 1395 652
1770 2 2 13 171 649 1396 648
1771 2 2 13 171 651 1395 648
1772 2 2 13 171 648 1396 651
1773 2 2 13 171 649 1394 650
1774 2 2 13 171 650 1396 649
1775 2 2 13 171 651 1396 650
1776 2 2 13 171 652 1395 651
1777 2 2 13 174 127 1397 128
1778 2 2 13 174 657 1397 127
1779 2 2 13 174 128 1397 653
1780 2 2 13 174 131 1398 134
1781 2 2 13 174 655 1398 131
1782 2 2 13 174 134 1398 659
1783 2 2 13 174 653 1400 654
1784 2 2 13 174 653 1397 657
1785 2 2 13 174 657 1400 653
1786 2 2 13 174 654 1399 655
1787 2 2 13 174 658 1399 654
1788 2 2 13 174 654 1400 658
1789 2 2 13 174 659 1398 655
1790 2 2 13 174 655 1399 659
1791 2 2 13 174 658 1400 657
1792 2 2 13 174 659 1399 658
1793 2 2 13 175 129 1401 130
1794 2 2 13 175 133 1401 129
1795 2 2 13 175 130 1401 136
1796 2 2 13 175 136 1401 133
1797 2 2 13 176 134 1402 131
1798 2 2 13 176 131 1402 656
1799 2 2 13 176 132 1403 135
1800 2 2 13 176 656 1403 132
1801 2 2 13 176 660 1402 134
1802 2 2 13 176 135 1403 660
1803 2 2 13 176 1402 1403 656
1804 2 2 13 176 660 1403 1402
1805 2 2 13 177 133 132 135
1806 2 2 13 177 136 133 135
1807 2 2 31 204 161 163 1657
1808 2 2 31 204 724 161 1657
1809 2 2 31 204 164 162 1660
1810 2 2 31 204 162 718 1660
1811 2 2 31 204 163 731 1657
1812 2 2 31 204 725 164 1660
1813 2 2 31 204 718 719 1658
1814 2 2 31 204 725 718 1658
1815 2 2 31 204 718 725 1660
1816 2 2 31 204 719 720 1654
1817 2 2 31 204 719 1654 1658
1818 2 2 31 204 720 721 1653
1819 2 2 31 204 720 1653 1654
1820 2 2 31 204 721 722 1655
1821 2 2 31 204 1653 721 1655
1822 2 2 31 204 722 723 1656
1823 2 2 31 204 1655 722 1656
1824 2 2 31 204 723 724 1659
1825 2 2 31 204 1656 723 1659
1826 2 2 31 204 731 724 1657
1827 2 2 31 204 724 731 1659
1828 2 2 31 204 726 725 1658
1829 2 2 31 204 727 726 1654
1830 2 2 31 204 1654 726 1658
1831 2 2 31 204 728 727 1653
1832 2 2 31 204 1653 727 1654
1833 2 2 31 204 729 728 1655
1834 2 2 31 204 728 1653 1655
1835 2 2 31 204 730 729 1656
1836 2 2 31 204 729 1655 1656
1837 2 2 31 204 731 730 1659
1838 2 2 31 204 730 1656 1659
1839 2 2 31 205 166 161 1665
1840 2 2 31 205 161 724 1665
1841 2 2 31 205 162 165 1666
1842 2 2 31 205 718 162 1666
1843 2 2 31 205 165 732 1666
1844 2 2 31 205 738 166 1665
1845 2 2 31 205 719 718 1667
1846 2 2 31 205 732 718 1666
1847 2 2 31 205 718 732 1667
1848 2 2 31 205 720 719 1662
1849 2 2 31 205 1662 719 1667
1850 2 2 31 205 721 720 1661
1851 2 2 31 205 1661 720 1662
1852 2 2 31 205 722 721 1663
1853 2 2 31 205 721 1661 1663
1854 2 2 31 205 723 722 1664
1855 2 2 31 205 722 1663 1664
1856 2 2 31 205 724 723 1668
1857 2 2 31 205 737 723 1664
1858 2 2 31 205 723 737 1668
1859 2 2 31 205 724 738 1665
1860 2 2 31 205 738 724 1668
1861 2 2 31 205 732 733 1667
1862 2 2 31 205 733 734 1662
1863 2 2 31 205 733 1662 1667
1864 2 2 31 205 734 735 1661
1865 2 2 31 205 734 1661 1662
1866 2 2 31 205 735 736 1663
1867 2 2 31 205 1661 735 1663
1868 2 2 31 205 736 737 1664
1869 2 2 31 205 1663 736 1664
1870 2 2 31 205 737 738 1668
1871 2 2 31 206 161 1669 163
1872 2 2 31 206 166 1669 161
1873 2 2 31 206 163 1669 167
1874 2 2 31 206 167 1669 166
1875 2 2 31 207 167 1670 163
1876 2 2 31 207 163 1670 731
1877 2 2 31 207 164 1675 168
1878 2 2 31 207 725 1675 164
1879 2 2 31 207 744 1670 167
1880 2 2 31 207 168 1675 739
1881 2 2 31 207 726 1676 725
1882 2 2 31 207 739 1675 725
1883 2 2 31 207 725 1676 739
1884 2 2 31 207 727 1673 726
1885 2 2 31 207 1673 1676 726
1886 2 2 31 207 728 1671 727
1887 2 2 31 207 1671 1673 727
1888 2 2 31 207 729 1672 728
1889 2 2 31 207 728 1672 1671
1890 2 2 31 207 730 1674 729
1891 2 2 31 207 729 1674 1672
1892 2 2 31 207 731 1677 730
1893 2 2 31 207 730 1677 1674
1894 2 2 31 207 731 1670 744
1895 2 2 31 207 744 1677 731
1896 2 2 31 207 739 1676 740
1897 2 2 31 207 740 1673 741
1898 2 2 31 207 740 1676 1673
1899 2 2 31 207 741 1678 742
1900 2 2 31 207 741 1673 1671
1901 2 2 31 207 1671 1678 741
1902 2 2 31 207 742 1674 743
1903 2 2 31 207 1672 1674 742
1904 2 2 31 207 742 1678 1672
1905 2 2 31 207 743 1677 744
1906 2 2 31 207 1674 1677 743
1907 2 2 31 207 1672 1678 1671
1908 2 2 31 208 162 164 1679
1909 2 2 31 208 165 162 1679
1910 2 2 31 208 164 168 1679
1911 2 2 31 208 168 165 1679
1912 2 2 31 209 168 1685 165
1913 2 2 31 209 165 1685 732
1914 2 2 31 209 166 1684 167
1915 2 2 31 209 738 1684 166
1916 2 2 31 209 167 1684 744
1917 2 2 31 209 739 1685 168
1918 2 2 31 209 732 1686 733
1919 2 2 31 209 732 1685 739
1920 2 2 31 209 739 1686 732
1921 2 2 31 209 733 1682 734
1922 2 2 31 209 733 1686 1682
1923 2 2 31 209 734 1680 735
1924 2 2 31 209 734 1682 1680
1925 2 2 31 209 735 1681 736
1926 2 2 31 209 1680 1681 735
1927 2 2 31 209 736 1683 737
1928 2 2 31 209 1681 1683 736
1929 2 2 31 209 737 1687 738
1930 2 2 31 209 1683 1687 737
1931 2 2 31 209 744 1684 738
1932 2 2 31 209 738 1687 744
1933 2 2 31 209 740 1686 739
1934 2 2 31 209 741 1682 740
1935 2 2 31 209 1682 1686 740
1936 2 2 31 209 742 1688 741
1937 2 2 31 209 1680 1682 741
1938 2 2 31 209 741 1688 1680
1939 2 2 31 209 743 1683 742
1940 2 2 31 209 742 1683 1681
1941 2 2 31 209 1681 1688 742
1942 2 2 31 209 744 1687 743
1943 2 2 31 209 743 1687 1683
1944 2 2 31 209 1680 1688 1681
1945 2 2 2 210 29 30 76
1946 2 2 2 210 556 29 76
1947 2 2 2 210 244 29 1691
1948 2 2 2 210 29 556 1691
1949 2 2 2 210 76 30 562
1950 2 2 2 210 238 562 30
1951 2 2 2 210 31 32 79
1952 2 2 2 210 31 79 78
1953 2 2 2 210 31 78 564
1954 2 2 2 210 31 564 240
1955 2 2 2 210 32 80 79
1956 2 2 2 210 80 32 1692
1957 2 2 2 210 32 242 1692
1958 2 2 2 210 558 73 1693
1959 2 2 2 210 73 561 1693
1960 2 2 2 210 559 77 1694
1961 2 2 2 210 77 566 1694
1962 2 2 2 210 565 80 1692
1963 2 2 2 210 238 239 563
1964 2 2 2 210 562 238 563
1965 2 2 2 210 239 240 563
1966 2 2 2 210 563 240 564
1967 2 2 2 210 242 243 1690
1968 2 2 2 210 242 1690 1692
1969 2 2 2 210 243 244 1689
1970 2 2 2 210 243 1689 1690
1971 2 2 2 210 1689 244 1691
1972 2 2 2 210 556 557 1691
1973 2 2 2 210 557 558 1689
1974 2 2 2 210 557 1689 1691
1975 2 2 2 210 1689 558 1693
1976 2 2 2 210 560 559 1690
1977 2 2 2 210 1690 559 1694
1978 2 2 2 210 561 560 1689
1979 2 2 2 210 1689 560 1690
1980 2 2 2 210 561 1689 1693
1981 2 2 2 210 566 565 1690
1982 2 2 2 210 1690 565 1692
1983 2 2 2 210 566 1690 1694
1984 2 2 6 211 96 13 14
1985 2 2 6 211 589 13 96
1986 2 2 6 211 212 13 1696
1987 2 2 6 211 13 589 1696
1988 2 2 6 211 592 96 14
1989 2 2 6 211 210 592 14
1990 2 2 6 211 98 15 16
1991 2 2 6 211 15 98 592
1992 2 2 6 211 210 15 592
1993 2 2 6 211 16 593 98
1994 2 2 6 211 16 212 1697
1995 2 2 6 211 593 16 1697
1996 2 2 6 211 590 93 1698
1997 2 2 6 211 93 591 1698
1998 2 2 6 211 591 97 1699
1999 2 2 6 211 97 594 1699
2000 2 2 6 211 212 1696 1697
2001 2 2 6 211 589 590 1695
2002 2 2 6 211 589 1695 1696
2003 2 2 6 211 1695 590 1698
2004 2 2 6 211 1698 591 1699
2005 2 2 6 211 594 593 1697
2006 2 2 6 211 1695 594 1697
2007 2 2 6 211 594 1695 1699
2008 2 2 6 211 1696 1695 1697
2009 2 2 6 211 1695 1698 1699
2010 2 2 10 212 45 46 116
2011 2 2 10 212 621 45 116
2012 2 2 10 212 276 45 1701
2013 2 2 10 212 45 621 1701
2014 2 2 10 212 116 46 628
2015 2 2 10 212 270 628 46
2016 2 2 10 212 119 47 48
2017 2 2 10 212 119 118 47
2018 2 2 10 212 118 630 47
2019 2 2 10 212 47 630 272
2020 2 2 10 212 120 119 48
2021 2 2 10 212 120 48 1702
2022 2 2 10 212 48 274 1702
2023 2 2 10 212 624 113 1706
2024 2 2 10 212 113 627 1706
2025 2 2 10 212 625 117 1709
2026 2 2 10 212 117 633 1709
2027 2 2 10 212 631 120 1702
2028 2 2 10 212 270 271 629
2029 2 2 10 212 628 270 629
2030 2 2 10 212 271 272 629
2031 2 2 10 212 272 630 629
2032 2 2 10 212 274 275 1705
2033 2 2 10 212 1702 274 1705
2034 2 2 10 212 275 276 1701
2035 2 2 10 212 275 1701 1705
2036 2 2 10 212 621 622 1701
2037 2 2 10 212 622 623 1708
2038 2 2 10 212 1701 622 1708
2039 2 2 10 212 623 624 1707
2040 2 2 10 212 623 1707 1708
2041 2 2 10 212 624 1706 1707
2042 2 2 10 212 626 625 1704
2043 2 2 10 212 1704 625 1709
2044 2 2 10 212 627 626 1707
2045 2 2 10 212 1700 626 1704
2046 2 2 10 212 626 1700 1707
2047 2 2 10 212 1706 627 1707
2048 2 2 10 212 632 631 1703
2049 2 2 10 212 631 1702 1703
2050 2 2 10 212 633 632 1704
2051 2 2 10 212 632 1703 1704
2052 2 2 10 212 633 1704 1709
2053 2 2 10 212 1701 1700 1705
2054 2 2 10 212 1700 1701 1708
2055 2 2 10 212 1703 1700 1704
2056 2 2 10 212 1700 1703 1705
2057 2 2 10 212 1707 1700 1708
2058 2 2 10 212 1703 1702 1705
2059 2 2 4 213 85 5 6
2060 2 2 4 213 579 5 85
2061 2 2 4 213 5 579 204
2062 2 2 4 213 85 6 578
2063 2 2 4 213 6 202 1711
2064 2 2 4 213 578 6 1711
2065 2 2 4 213 89 7 8
2066 2 2 4 213 7 89 582
2067 2 2 4 213 202 7 1710
2068 2 2 4 213 7 582 1710
2069 2 2 4 213 579 89 8
2070 2 2 4 213 579 8 204
2071 2 2 4 213 88 577 1713
2072 2 2 4 213 580 88 1713
2073 2 2 4 213 90 580 1712
2074 2 2 4 213 581 90 1712
2075 2 2 4 213 202 1710 1711
2076 2 2 4 213 577 578 1711
2077 2 2 4 213 1710 577 1711
2078 2 2 4 213 577 1710 1713
2079 2 2 4 213 1712 580 1713
2080 2 2 4 213 582 581 1710
2081 2 2 4 213 1710 581 1712
2082 2 2 4 213 1710 1712 1713
2083 2 2 8 214 37 38 101
2084 2 2 8 214 609 37 101
2085 2 2 8 214 37 609 260
2086 2 2 8 214 101 38 602
2087 2 2 8 214 38 254 1714
2088 2 2 8 214 602 38 1714
2089 2 2 8 214 39 40 108
2090 2 2 8 214 39 107 106
2091 2 2 8 214 39 106 1716
2092 2 2 8 214 107 39 108
2093 2 2 8 214 256 39 1716
2094 2 2 8 214 108 40 607
2095 2 2 8 214 258 607 40
2096 2 2 8 214 104 601 1717
2097 2 2 8 214 603 104 1717
2098 2 2 8 214 105 605 1718
2099 2 2 8 214 606 105 1718
2100 2 2 8 214 106 606 1716
2101 2 2 8 214 254 255 1719
2102 2 2 8 214 1714 254 1719
2103 2 2 8 214 255 256 1715
2104 2 2 8 214 255 1715 1719
2105 2 2 8 214 1715 256 1716
2106 2 2 8 214 608 258 259
2107 2 2 8 214 258 608 607
2108 2 2 8 214 260 608 259
2109 2 2 8 214 260 609 608
2110 2 2 8 214 601 602 1714
2111 2 2 8 214 601 1714 1717
2112 2 2 8 214 604 603 1719
2113 2 2 8 214 603 1717 1719
2114 2 2 8 214 605 604 1715
2115 2 2 8 214 1715 604 1719
2116 2 2 8 214 605 1715 1718
2117 2 2 8 214 1716 606 1718
2118 2 2 8 214 1717 1714 1719
2119 2 2 8 214 1715 1716 1718
2120 2 2 12 215 21 22 125
2121 2 2 12 215 21 125 647
2122 2 2 12 215 21 647 228
2123 2 2 12 215 125 22 646
2124 2 2 12 215 22 222 1720
2125 2 2 12 215 646 22 1720
2126 2 2 12 215 23 24 129
2127 2 2 12 215 23 129 133
2128 2 2 12 215 23 133 132
2129 2 2 12 215 23 132 1721
2130 2 2 12 215 224 23 1721
2131 2 2 12 215 129 24 649
2132 2 2 12 215 226 649 24
2133 2 2 12 215 128 645 1723
2134 2 2 12 215 653 128 1723
2135 2 2 12 215 131 655 1724
2136 2 2 12 215 656 131 1724
2137 2 2 12 215 132 656 1721
2138 2 2 12 215 222 223 1725
2139 2 2 12 215 1720 222 1725
2140 2 2 12 215 223 224 1722
2141 2 2 12 215 223 1722 1725
2142 2 2 12 215 224 1721 1722
2143 2 2 12 215 226 227 648
2144 2 2 12 215 649 226 648
2145 2 2 12 215 227 228 648
2146 2 2 12 215 228 647 648
2147 2 2 12 215 645 646 1720
2148 2 2 12 215 645 1720 1723
2149 2 2 12 215 654 653 1725
2150 2 2 12 215 653 1723 1725
2151 2 2 12 215 655 654 1722
2152 2 2 12 215 1722 654 1725
2153 2 2 12 215 655 1722 1724
2154 2 2 12 215 1721 656 1724
2155 2 2 12 215 1723 1720 1725
2156 2 2 12 215 1722 1721 1724
2157 2 2 29 216 745 1728 169
2158 2 2 29 216 169 1728 752
2159 2 2 29 216 170 1728 745
2160 2 2 29 216 746 1728 170
2161 2 2 29 216 171 1729 748
2162 2 2 29 216 749 1729 171
2163 2 2 29 216 172 1729 749
2164 2 2 29 216 750 1729 172
2165 2 2 29 216 747 1726 746
2166 2 2 29 216 1726 1728 746
2167 2 2 29 216 748 1727 747
2168 2 2 29 216 747 1727 1726
2169 2 2 29 216 748 1729 1727
2170 2 2 29 216 751 1727 750
2171 2 2 29 216 1727 1729 750
2172 2 2 29 216 752 1726 751
2173 2 2 29 216 1726 1727 751
2174 2 2 29 216 752 1728 1726
2175 2 2 30 217 753 1733 173
2176 2 2 30 217 173 1733 760
2177 2 2 30 217 174 1733 753
2178 2 2 30 217 754 1733 174
2179 2 2 30 217 175 1732 756
2180 2 2 30 217 757 1732 175
2181 2 2 30 217 176 1732 757
2182 2 2 30 217 758 1732 176
2183 2 2 30 217 755 1731 754
2184 2 2 30 217 1731 1733 754
2185 2 2 30 217 756 1730 755
2186 2 2 30 217 1730 1731 755
2187 2 2 30 217 756 1732 1730
2188 2 2 30 217 759 1730 758
2189 2 2 30 217 1730 1732 758
2190 2 2 30 217 760 1731 759
2191 2 2 30 217 759 1731 1730
2192 2 2 30 217 760 1733 1731
2193 2 2 28 218 17 18 178
2194 2 2 28 218 791 17 178
2195 2 2 28 218 17 1750 218
2196 2 2 28 218 791 1750 17
2197 2 2 28 218 178 18 763
2198 2 2 28 218 763 18 213
2199 2 2 28 218 19 20 177
2200 2 2 28 218 761 19 177
2201 2 2 28 218 215 19 761
2202 2 2 28 218 177 20 790
2203 2 2 28 218 216 1749 20
2204 2 2 28 218 20 1749 790
2205 2 2 28 218 26 180 25
2206 2 2 28 218 180 818 25
2207 2 2 28 218 25 818 234
2208 2 2 28 218 26 817 180
2209 2 2 28 218 229 1748 26
2210 2 2 28 218 26 1748 817
2211 2 2 28 218 28 179 27
2212 2 2 28 218 179 764 27
2213 2 2 28 218 27 1751 231
2214 2 2 28 218 764 1751 27
2215 2 2 28 218 820 179 28
2216 2 2 28 218 232 820 28
2217 2 2 28 218 214 762 213
2218 2 2 28 218 762 763 213
2219 2 2 28 218 215 762 214
2220 2 2 28 218 761 762 215
2221 2 2 28 218 217 1743 216
2222 2 2 28 218 1743 1749 216
2223 2 2 28 218 218 1745 217
2224 2 2 28 218 1735 1743 217
2225 2 2 28 218 217 1745 1735
2226 2 2 28 218 218 1750 1745
2227 2 2 28 218 230 1742 229
2228 2 2 28 218 1742 1748 229
2229 2 2 28 218 231 1744 230
2230 2 2 28 218 1734 1742 230
2231 2 2 28 218 230 1744 1734
2232 2 2 28 218 231 1751 1744
2233 2 2 28 218 233 819 232
2234 2 2 28 218 232 819 820
2235 2 2 28 218 234 819 233
2236 2 2 28 218 818 819 234
2237 2 2 28 218 765 1744 764
2238 2 2 28 218 1744 1751 764
2239 2 2 28 218 766 1771 765
2240 2 2 28 218 765 1771 1744
2241 2 2 28 218 767 1772 766
2242 2 2 28 218 766 1772 1771
2243 2 2 28 218 768 1773 767
2244 2 2 28 218 767 1773 1772
2245 2 2 28 218 769 1763 768
2246 2 2 28 218 1763 1773 768
2247 2 2 28 218 770 1797 769
2248 2 2 28 218 769 1797 1763
2249 2 2 28 218 771 1758 770
2250 2 2 28 218 1758 1797 770
2251 2 2 28 218 772 1793 771
2252 2 2 28 218 771 1793 1758
2253 2 2 28 218 773 1792 772
2254 2 2 28 218 1792 1793 772
2255 2 2 28 218 774 1791 773
2256 2 2 28 218 1791 1792 773
2257 2 2 28 218 775 1753 774
2258 2 2 28 218 1753 1791 774
2259 2 2 28 218 776 1794 775
2260 2 2 28 218 775 1794 1753
2261 2 2 28 218 777 1760 776
2262 2 2 28 218 1760 1794 776
2263 2 2 28 218 778 1778 777
2264 2 2 28 218 777 1778 1760
2265 2 2 28 218 779 1779 778
2266 2 2 28 218 778 1779 1778
2267 2 2 28 218 780 1754 779
2268 2 2 28 218 1754 1779 779
2269 2 2 28 218 781 1782 780
2270 2 2 28 218 780 1782 1754
2271 2 2 28 218 782 1783 781
2272 2 2 28 218 781 1783 1782
2273 2 2 28 218 783 1784 782
2274 2 2 28 218 782 1784 1783
2275 2 2 28 218 784 1757 783
2276 2 2 28 218 1757 1784 783
2277 2 2 28 218 785 1777 784
2278 2 2 28 218 784 1777 1757
2279 2 2 28 218 786 1766 785
2280 2 2 28 218 1766 1777 785
2281 2 2 28 218 787 1746 786
2282 2 2 28 218 1746 1766 786
2283 2 2 28 218 788 1764 787
2284 2 2 28 218 787 1764 1746
2285 2 2 28 218 789 1774 788
2286 2 2 28 218 788 1774 1764
2287 2 2 28 218 790 1743 789
2288 2 2 28 218 1743 1774 789
2289 2 2 28 218 790 1749 1743
2290 2 2 28 218 792 1745 791
2291 2 2 28 218 1745 1750 791
2292 2 2 28 218 793 1768 792
2293 2 2 28 218 792 1768 1745
2294 2 2 28 218 794 1769 793
2295 2 2 28 218 793 1769 1768
2296 2 2 28 218 795 1770 794
2297 2 2 28 218 794 1770 1769
2298 2 2 28 218 796 1762 795
2299 2 2 28 218 1762 1770 795
2300 2 2 28 218 797 1796 796
2301 2 2 28 218 796 1796 1762
2302 2 2 28 218 798 1759 797
2303 2 2 28 218 1759 1796 797
2304 2 2 28 218 799 1790 798
2305 2 2 28 218 798 1790 1759
2306 2 2 28 218 800 1789 799
2307 2 2 28 218 1789 1790 799
2308 2 2 28 218 801 1788 800
2309 2 2 28 218 1788 1789 800
2310 2 2 28 218 802 1752 801
2311 2 2 28 218 1752 1788 801
2312 2 2 28 218 803 1795 802
2313 2 2 28 218 802 1795 1752
2314 2 2 28 218 804 1761 803
2315 2 2 28 218 1761 1795 803
2316 2 2 28 218 805 1780 804
2317 2 2 28 218 804 1780 1761
2318 2 2 28 218 806 1781 805
2319 2 2 28 218 805 1781 1780
2320 2 2 28 218 807 1755 806
2321 2 2 28 218 1755 1781 806
2322 2 2 28 218 808 1785 807
2323 2 2 28 218 807 1785 1755
2324 2 2 28 218 809 1786 808
2325 2 2 28 218 808 1786 1785
2326 2 2 28 218 810 1787 809
2327 2 2 28 218 809 1787 1786
2328 2 2 28 218 811 1756 810
2329 2 2 28 218 1756 1787 810
2330 2 2 28 218 812 1776 811
2331 2 2 28 218 811 1776 1756
2332 2 2 28 218 813 1767 812
2333 2 2 28 218 1767 1776 812
2334 2 2 28 218 814 1747 813
2335 2 2 28 218 1747 1767 813
2336 2 2 28 218 815 1765 814
2337 2 2 28 218 814 1765 1747
2338 2 2 28 218 816 1775 815
2339 2 2 28 218 815 1775 1765
2340 2 2 28 218 817 1742 816
2341 2 2 28 218 1742 1775 816
2342 2 2 28 218 817 1748 1742
2343 2 2 28 218 1734 1775 1742
2344 2 2 28 218 1744 1771 1734
2345 2 2 28 218 1747 1765 1734
2346 2 2 28 218 1734 1772 1747
2347 2 2 28 218 1765 1775 1734
2348 2 2 28 218 1771 1772 1734
2349 2 2 28 218 1735 1774 1743
2350 2 2 28 218 1745 1768 1735
2351 2 2 28 218 1746 1764 1735
2352 2 2 28 218 1735 1769 1746
2353 2 2 28 218 1764 1774 1735
2354 2 2 28 218 1768 1769 1735
2355 2 2 28 218 1757 1759 1736
2356 2 2 28 218 1736 1784 1757
2357 2 2 28 218 1759 1790 1736
2358 2 2 28 218 1782 1783 1736
2359 2 2 28 218 1736 1788 1782
2360 2 2 28 218 1783 1784 1736
2361 2 2 28 218 1736 1789 1788
2362 2 2 28 218 1736 1790 1789
2363 2 2 28 218 1756 1758 1737
2364 2 2 28 218 1737 1787 1756
2365 2 2 28 218 1758 1793 1737
2366 2 2 28 218 1785 1786 1737
2367 2 2 28 218 1737 1791 1785
2368 2 2 28 218 1786 1787 1737
2369 2 2 28 218 1737 1792 1791
2370 2 2 28 218 1737 1793 1792
2371 2 2 28 218 1738 1758 1756
2372 2 2 28 218 1756 1776 1738
2373 2 2 28 218 1738 1797 1758
2374 2 2 28 218 1738 1767 1763
2375 2 2 28 218 1763 1797 1738
2376 2 2 28 218 1738 1776 1767
2377 2 2 28 218 1739 1759 1757
2378 2 2 28 218 1757 1777 1739
2379 2 2 28 218 1739 1796 1759
2380 2 2 28 218 1739 1766 1762
2381 2 2 28 218 1762 1796 1739
2382 2 2 28 218 1739 1777 1766
2383 2 2 28 218 1740 1755 1753
2384 2 2 28 218 1753 1794 1740
2385 2 2 28 218 1740 1781 1755
2386 2 2 28 218 1760 1780 1740
2387 2 2 28 218 1740 1794 1760
2388 2 2 28 218 1780 1781 1740
2389 2 2 28 218 1741 1754 1752
2390 2 2 28 218 1752 1795 1741
2391 2 2 28 218 1741 1779 1754
2392 2 2 28 218 1761 1778 1741
2393 2 2 28 218 1741 1795 1761
2394 2 2 28 218 1778 1779 1741
2395 2 2 28 218 1762 1766 1746
2396 2 2 28 218 1746 1770 1762
2397 2 2 28 218 1769 1770 1746
2398 2 2 28 218 1763 1767 1747
2399 2 2 28 218 1747 1773 1763
2400 2 2 28 218 1772 1773 1747
2401 2 2 28 218 1754 1788 1752
2402 2 2 28 218 1755 1791 1753
2403 2 2 28 218 1782 1788 1754
2404 2 2 28 218 1785 1791 1755
2405 2 2 28 218 1760 1778 1761
2406 2 2 28 218 1761 1780 1760
2407 2 2 28 219 182 33 34
2408 2 2 28 219 33 182 184
2409 2 2 28 219 826 33 184
2410 2 2 28 219 250 33 826
2411 2 2 28 219 34 823 182
2412 2 2 28 219 34 245 823
2413 2 2 28 219 35 36 181
2414 2 2 28 219 35 181 821
2415 2 2 28 219 35 821 247
2416 2 2 28 219 36 183 181
2417 2 2 28 219 183 36 824
2418 2 2 28 219 824 36 248
2419 2 2 28 219 245 246 822
2420 2 2 28 219 823 245 822
2421 2 2 28 219 822 246 247
2422 2 2 28 219 247 821 822
2423 2 2 28 219 249 1799 248
2424 2 2 28 219 248 1799 824
2425 2 2 28 219 250 1798 249
2426 2 2 28 219 249 1798 825
2427 2 2 28 219 825 1799 249
2428 2 2 28 219 826 1798 250
2429 2 2 28 219 824 1799 825
2430 2 2 28 219 825 1798 826
2431 2 2 28 220 2 186 1
2432 2 2 28 220 1 186 188
2433 2 2 28 220 188 1800 1
2434 2 2 28 220 1 1800 198
2435 2 2 28 220 827 186 2
2436 2 2 28 220 197 827 2
2437 2 2 28 220 4 185 3
2438 2 2 28 220 3 185 827
2439 2 2 28 220 197 3 827
2440 2 2 28 220 4 187 185
2441 2 2 28 220 4 1801 187
2442 2 2 28 220 198 1801 4
2443 2 2 28 220 187 1801 828
2444 2 2 28 220 828 1800 188
2445 2 2 28 220 198 1800 828
2446 2 2 28 220 828 1801 198
2447 2 2 28 221 42 191 41
2448 2 2 28 221 41 191 829
2449 2 2 28 221 41 829 266
2450 2 2 28 221 42 192 191
2451 2 2 28 221 832 192 42
2452 2 2 28 221 261 832 42
2453 2 2 28 221 43 44 189
2454 2 2 28 221 43 189 190
2455 2 2 28 221 190 834 43
2456 2 2 28 221 43 834 263
2457 2 2 28 221 189 44 831
2458 2 2 28 221 44 264 831
2459 2 2 28 221 262 1803 261
2460 2 2 28 221 261 1803 832
2461 2 2 28 221 263 1802 262
2462 2 2 28 221 262 1802 833
2463 2 2 28 221 833 1803 262
2464 2 2 28 221 834 1802 263
2465 2 2 28 221 830 264 265
2466 2 2 28 221 831 264 830
2467 2 2 28 221 266 830 265
2468 2 2 28 221 829 830 266
2469 2 2 28 221 832 1803 833
2470 2 2 28 221 833 1802 834
2471 2 2 28 222 10 195 9
2472 2 2 28 222 9 195 835
2473 2 2 28 222 835 206 9
2474 2 2 28 222 10 196 195
2475 2 2 28 222 10 1805 196
2476 2 2 28 222 205 1805 10
2477 2 2 28 222 12 193 11
2478 2 2 28 222 11 193 194
2479 2 2 28 222 194 1804 11
2480 2 2 28 222 11 1804 205
2481 2 2 28 222 835 193 12
2482 2 2 28 222 12 206 835
2483 2 2 28 222 836 1804 194
2484 2 2 28 222 196 1805 836
2485 2 2 28 222 205 1804 836
2486 2 2 28 222 836 1805 205
2487 2 2 14 223 277 1835 49
2488 2 2 14 223 49 1835 354
2489 2 2 14 223 50 1907 309
2490 2 2 14 223 310 1907 50
2491 2 2 14 223 51 1908 315
2492 2 2 14 223 316 1908 51
2493 2 2 14 223 52 1906 348
2494 2 2 14 223 349 1906 52
2495 2 2 14 223 310 1860 170
2496 2 2 14 223 170 1907 310
2497 2 2 14 223 746 1849 170
2498 2 2 14 223 170 1860 746
2499 2 2 14 223 170 1849 1839
2500 2 2 14 223 1839 1907 170
2501 2 2 14 223 314 1829 171
2502 2 2 14 223 171 1848 314
2503 2 2 14 223 748 1848 171
2504 2 2 14 223 171 1850 748
2505 2 2 14 223 171 1829 1816
2506 2 2 14 223 1816 1850 171
2507 2 2 14 223 174 1861 754
2508 2 2 14 223 754 1903 174
2509 2 2 14 223 174 1835 1824
2510 2 2 14 223 1824 1861 174
2511 2 2 14 223 174 1903 1835
2512 2 2 14 223 175 1830 756
2513 2 2 14 223 756 1902 175
2514 2 2 14 223 1825 1830 175
2515 2 2 14 223 175 1842 1825
2516 2 2 14 223 175 1902 1842
2517 2 2 14 223 278 1835 277
2518 2 2 14 223 279 1824 278
2519 2 2 14 223 1824 1835 278
2520 2 2 14 223 280 1812 279
2521 2 2 14 223 1812 1824 279
2522 2 2 14 223 281 1847 280
2523 2 2 14 223 280 1847 1812
2524 2 2 14 223 282 1821 281
2525 2 2 14 223 1821 1847 281
2526 2 2 14 223 283 1857 282
2527 2 2 14 223 282 1857 1821
2528 2 2 14 223 284 1892 283
2529 2 2 14 223 283 1892 1857
2530 2 2 14 223 285 1871 284
2531 2 2 14 223 1871 1892 284
2532 2 2 14 223 286 1845 285
2533 2 2 14 223 1845 1871 285
2534 2 2 14 223 287 1872 286
2535 2 2 14 223 286 1872 1845
2536 2 2 14 223 288 1846 287
2537 2 2 14 223 1846 1872 287
2538 2 2 14 223 289 1895 288
2539 2 2 14 223 288 1895 1846
2540 2 2 14 223 290 1867 289
2541 2 2 14 223 1867 1895 289
2542 2 2 14 223 291 1896 290
2543 2 2 14 223 290 1896 1867
2544 2 2 14 223 292 1844 291
2545 2 2 14 223 1844 1896 291
2546 2 2 14 223 293 1901 292
2547 2 2 14 223 292 1901 1844
2548 2 2 14 223 294 1865 293
2549 2 2 14 223 1865 1901 293
2550 2 2 14 223 295 1899 294
2551 2 2 14 223 294 1899 1865
2552 2 2 14 223 296 1900 295
2553 2 2 14 223 295 1900 1899
2554 2 2 14 223 297 1862 296
2555 2 2 14 223 1862 1900 296
2556 2 2 14 223 298 1884 297
2557 2 2 14 223 297 1884 1862
2558 2 2 14 223 299 1876 298
2559 2 2 14 223 1876 1884 298
2560 2 2 14 223 300 1853 299
2561 2 2 14 223 1853 1876 299
2562 2 2 14 223 301 1880 300
2563 2 2 14 223 300 1880 1853
2564 2 2 14 223 302 1885 301
2565 2 2 14 223 301 1885 1880
2566 2 2 14 223 303 1866 302
2567 2 2 14 223 1866 1885 302
2568 2 2 14 223 304 1897 303
2569 2 2 14 223 303 1897 1866
2570 2 2 14 223 305 1898 304
2571 2 2 14 223 304 1898 1897
2572 2 2 14 223 306 1831 305
2573 2 2 14 223 1831 1898 305
2574 2 2 14 223 307 1864 306
2575 2 2 14 223 306 1864 1831
2576 2 2 14 223 308 1856 307
2577 2 2 14 223 1856 1864 307
2578 2 2 14 223 309 1839 308
2579 2 2 14 223 1839 1856 308
2580 2 2 14 223 309 1907 1839
2581 2 2 14 223 311 1860 310
2582 2 2 14 223 312 1859 311
2583 2 2 14 223 1859 1860 311
2584 2 2 14 223 313 1855 312
2585 2 2 14 223 1855 1859 312
2586 2 2 14 223 314 1848 313
2587 2 2 14 223 1848 1855 313
2588 2 2 14 223 315 1829 314
2589 2 2 14 223 315 1908 1829
2590 2 2 14 223 317 1829 316
2591 2 2 14 223 1829 1908 316
2592 2 2 14 223 318 1816 317
2593 2 2 14 223 1816 1829 317
2594 2 2 14 223 319 1858 318
2595 2 2 14 223 318 1858 1816
2596 2 2 14 223 320 1834 319
2597 2 2 14 223 1834 1858 319
2598 2 2 14 223 321 1890 320
2599 2 2 14 223 320 1890 1834
2600 2 2 14 223 322 1891 321
2601 2 2 14 223 321 1891 1890
2602 2 2 14 223 323 1868 322
2603 2 2 14 223 1868 1891 322
2604 2 2 14 223 324 1887 323
2605 2 2 14 223 323 1887 1868
2606 2 2 14 223 325 1878 324
2607 2 2 14 223 1878 1887 324
2608 2 2 14 223 326 1854 325
2609 2 2 14 223 1854 1878 325
2610 2 2 14 223 327 1875 326
2611 2 2 14 223 326 1875 1854
2612 2 2 14 223 328 1882 327
2613 2 2 14 223 327 1882 1875
2614 2 2 14 223 329 1863 328
2615 2 2 14 223 1863 1882 328
2616 2 2 14 223 330 1889 329
2617 2 2 14 223 329 1889 1863
2618 2 2 14 223 331 1888 330
2619 2 2 14 223 1888 1889 330
2620 2 2 14 223 332 1874 331
2621 2 2 14 223 1874 1888 331
2622 2 2 14 223 333 1851 332
2623 2 2 14 223 1851 1874 332
2624 2 2 14 223 334 1873 333
2625 2 2 14 223 333 1873 1851
2626 2 2 14 223 335 1881 334
2627 2 2 14 223 334 1881 1873
2628 2 2 14 223 336 1869 335
2629 2 2 14 223 1869 1881 335
2630 2 2 14 223 337 1883 336
2631 2 2 14 223 336 1883 1869
2632 2 2 14 223 338 1877 337
2633 2 2 14 223 1877 1883 337
2634 2 2 14 223 339 1852 338
2635 2 2 14 223 1852 1877 338
2636 2 2 14 223 340 1879 339
2637 2 2 14 223 339 1879 1852
2638 2 2 14 223 341 1886 340
2639 2 2 14 223 340 1886 1879
2640 2 2 14 223 342 1870 341
2641 2 2 14 223 1870 1886 341
2642 2 2 14 223 343 1894 342
2643 2 2 14 223 342 1894 1870
2644 2 2 14 223 344 1893 343
2645 2 2 14 223 1893 1894 343
2646 2 2 14 223 345 1843 344
2647 2 2 14 223 1843 1893 344
2648 2 2 14 223 346 1905 345
2649 2 2 14 223 345 1905 1843
2650 2 2 14 223 347 1842 346
2651 2 2 14 223 1842 1905 346
2652 2 2 14 223 348 1825 347
2653 2 2 14 223 1825 1842 347
2654 2 2 14 223 348 1906 1825
2655 2 2 14 223 350 1825 349
2656 2 2 14 223 1825 1906 349
2657 2 2 14 223 351 1830 350
2658 2 2 14 223 350 1830 1825
2659 2 2 14 223 352 1904 351
2660 2 2 14 223 351 1904 1830
2661 2 2 14 223 353 1836 352
2662 2 2 14 223 1836 1904 352
2663 2 2 14 223 354 1903 353
2664 2 2 14 223 353 1903 1836
2665 2 2 14 223 1835 1903 354
2666 2 2 14 223 747 1849 746
2667 2 2 14 223 746 1859 747
2668 2 2 14 223 746 1860 1859
2669 2 2 14 223 748 1850 747
2670 2 2 14 223 747 1855 748
2671 2 2 14 223 1828 1849 747
2672 2 2 14 223 747 1850 1828
2673 2 2 14 223 747 1859 1855
2674 2 2 14 223 748 1855 1848
2675 2 2 14 223 755 1836 754
2676 2 2 14 223 754 1861 755
2677 2 2 14 223 1836 1903 754
2678 2 2 14 223 755 1823 756
2679 2 2 14 223 756 1904 755
2680 2 2 14 223 755 1861 1823
2681 2 2 14 223 755 1904 1836
2682 2 2 14 223 1823 1902 756
2683 2 2 14 223 1830 1904 756
2684 2 2 14 223 1811 1828 1806
2685 2 2 14 223 1806 1831 1811
2686 2 2 14 223 1806 1819 1817
2687 2 2 14 223 1817 1831 1806
2688 2 2 14 223 1806 1834 1819
2689 2 2 14 223 1828 1834 1806
2690 2 2 14 223 1812 1821 1807
2691 2 2 14 223 1807 1823 1812
2692 2 2 14 223 1813 1823 1807
2693 2 2 14 223 1807 1843 1813
2694 2 2 14 223 1814 1818 1807
2695 2 2 14 223 1807 1821 1814
2696 2 2 14 223 1818 1893 1807
2697 2 2 14 223 1807 1893 1843
2698 2 2 14 223 1808 1822 1814
2699 2 2 14 223 1814 1845 1808
2700 2 2 14 223 1820 1832 1808
2701 2 2 14 223 1808 1846 1820
2702 2 2 14 223 1808 1852 1822
2703 2 2 14 223 1832 1852 1808
2704 2 2 14 223 1845 1846 1808
2705 2 2 14 223 1809 1827 1826
2706 2 2 14 223 1826 1854 1809
2707 2 2 14 223 1809 1853 1827
2708 2 2 14 223 1809 1838 1837
2709 2 2 14 223 1837 1853 1809
2710 2 2 14 223 1809 1854 1838
2711 2 2 14 223 1810 1833 1820
2712 2 2 14 223 1820 1844 1810
2713 2 2 14 223 1810 1851 1833
2714 2 2 14 223 1810 1841 1840
2715 2 2 14 223 1840 1851 1810
2716 2 2 14 223 1810 1865 1841
2717 2 2 14 223 1844 1865 1810
2718 2 2 14 223 1811 1849 1828
2719 2 2 14 223 1831 1864 1811
2720 2 2 14 223 1811 1856 1849
2721 2 2 14 223 1811 1864 1856
2722 2 2 14 223 1812 1847 1821
2723 2 2 14 223 1823 1861 1812
2724 2 2 14 223 1812 1861 1824
2725 2 2 14 223 1813 1902 1823
2726 2 2 14 223 1842 1902 1813
2727 2 2 14 223 1813 1905 1842
2728 2 2 14 223 1843 1905 1813
2729 2 2 14 223 1814 1822 1818
2730 2 2 14 223 1821 1857 1814
2731 2 2 14 223 1814 1871 1845
2732 2 2 14 223 1857 1892 1814
2733 2 2 14 223 1814 1892 1871
2734 2 2 14 223 1837 1838 1815
2735 2 2 14 223 1815 1862 1837
2736 2 2 14 223 1838 1863 1815
2737 2 2 14 223 1840 1841 1815
2738 2 2 14 223 1815 1863 1840
2739 2 2 14 223 1841 1862 1815
2740 2 2 14 223 1828 1850 1816
2741 2 2 14 223 1816 1858 1828
2742 2 2 14 223 1819 1826 1817
2743 2 2 14 223 1826 1827 1817
2744 2 2 14 223 1827 1866 1817
2745 2 2 14 223 1817 1898 1831
2746 2 2 14 223 1866 1897 1817
2747 2 2 14 223 1897 1898 1817
2748 2 2 14 223 1822 1870 1818
2749 2 2 14 223 1870 1894 1818
2750 2 2 14 223 1818 1894 1893
2751 2 2 14 223 1819 1868 1826
2752 2 2 14 223 1834 1890 1819
2753 2 2 14 223 1819 1891 1868
2754 2 2 14 223 1890 1891 1819
2755 2 2 14 223 1820 1833 1832
2756 2 2 14 223 1820 1867 1844
2757 2 2 14 223 1846 1867 1820
2758 2 2 14 223 1852 1879 1822
2759 2 2 14 223 1822 1886 1870
2760 2 2 14 223 1879 1886 1822
2761 2 2 14 223 1826 1878 1854
2762 2 2 14 223 1868 1887 1826
2763 2 2 14 223 1826 1887 1878
2764 2 2 14 223 1853 1880 1827
2765 2 2 14 223 1827 1885 1866
2766 2 2 14 223 1880 1885 1827
2767 2 2 14 223 1828 1858 1834
2768 2 2 14 223 1833 1869 1832
2769 2 2 14 223 1832 1877 1852
2770 2 2 14 223 1869 1883 1832
2771 2 2 14 223 1832 1883 1877
2772 2 2 14 223 1851 1873 1833
2773 2 2 14 223 1833 1881 1869
2774 2 2 14 223 1873 1881 1833
2775 2 2 14 223 1837 1876 1853
2776 2 2 14 223 1862 1884 1837
2777 2 2 14 223 1837 1884 1876
2778 2 2 14 223 1854 1875 1838
2779 2 2 14 223 1838 1882 1863
2780 2 2 14 223 1875 1882 1838
2781 2 2 14 223 1849 1856 1839
2782 2 2 14 223 1840 1874 1851
2783 2 2 14 223 1863 1889 1840
2784 2 2 14 223 1840 1888 1874
2785 2 2 14 223 1840 1889 1888
2786 2 2 14 223 1841 1900 1862
2787 2 2 14 223 1865 1899 1841
2788 2 2 14 223 1899 1900 1841
2789 2 2 14 223 1844 1901 1865
2790 2 2 14 223 1867 1896 1844
2791 2 2 14 223 1845 1872 1846
2792 2 2 14 223 1846 1895 1867
2793 2 2 2 224 74 173 553
2794 2 2 2 224 173 74 569
2795 2 2 2 224 75 555 1914
2796 2 2 2 224 572 75 1914
2797 2 2 2 224 567 81 176
2798 2 2 2 224 81 574 176
2799 2 2 2 224 84 83 82
2800 2 2 2 224 84 82 570
2801 2 2 2 224 84 570 1912
2802 2 2 2 224 573 84 1912
2803 2 2 2 224 553 173 1910
2804 2 2 2 224 760 173 569
2805 2 2 2 224 173 760 1910
2806 2 2 2 224 758 567 176
2807 2 2 2 224 176 574 1911
2808 2 2 2 224 758 176 1911
2809 2 2 2 224 554 553 1910
2810 2 2 2 224 555 554 1915
2811 2 2 2 224 554 1910 1915
2812 2 2 2 224 1914 555 1915
2813 2 2 2 224 567 758 568
2814 2 2 2 224 760 569 568
2815 2 2 2 224 758 759 568
2816 2 2 2 224 759 760 568
2817 2 2 2 224 570 571 1912
2818 2 2 2 224 571 572 1909
2819 2 2 2 224 571 1909 1912
2820 2 2 2 224 1909 572 1915
2821 2 2 2 224 572 1914 1915
2822 2 2 2 224 574 573 1911
2823 2 2 2 224 1911 573 1912
2824 2 2 2 224 759 758 1913
2825 2 2 2 224 758 1911 1913
2826 2 2 2 224 760 759 1916
2827 2 2 2 224 759 1913 1916
2828 2 2 2 224 1910 760 1916
2829 2 2 2 224 1910 1909 1915
2830 2 2 2 224 1909 1910 1916
2831 2 2 2 224 1912 1909 1913
2832 2 2 2 224 1913 1909 1916
2833 2 2 2 224 1911 1912 1913
2834 2 2 12 225 643 126 1921
2835 2 2 12 225 126 652 1921
2836 2 2 12 225 169 127 644
2837 2 2 12 225 127 169 657
2838 2 2 12 225 136 135 130
2839 2 2 12 225 130 135 650
2840 2 2 12 225 659 172 134
2841 2 2 12 225 172 660 134
2842 2 2 12 225 650 135 1917
2843 2 2 12 225 135 660 1917
2844 2 2 12 225 169 644 1918
2845 2 2 12 225 169 752 657
2846 2 2 12 225 752 169 1918
2847 2 2 12 225 750 172 659
2848 2 2 12 225 660 172 1917
2849 2 2 12 225 172 750 1917
2850 2 2 12 225 644 643 1918
2851 2 2 12 225 1918 643 1921
2852 2 2 12 225 651 650 1920
2853 2 2 12 225 650 1917 1920
2854 2 2 12 225 652 651 1919
2855 2 2 12 225 1919 651 1920
2856 2 2 12 225 1918 652 1919
2857 2 2 12 225 652 1918 1921
2858 2 2 12 225 752 658 657
2859 2 2 12 225 750 659 658
2860 2 2 12 225 751 750 658
2861 2 2 12 225 752 751 658
2862 2 2 12 225 750 751 1920
2863 2 2 12 225 1917 750 1920
2864 2 2 12 225 751 752 1919
2865 2 2 12 225 751 1919 1920
2866 2 2 12 225 752 1918 1919
2867 4 2 1 1 1 199 854 847
2868 4 2 1 1 3 201 849 852
2869 4 2 1 1 199 5 854 848
2870 4 2 1 1 849 201 7 853
2871 4 2 1 1 203 4 855 852
2872 4 2 1 1 850 200 2 847
2873 4 2 1 1 854 5 851 848
2874 4 2 1 1 6 200 851 848
2875 4 2 1 1 1 854 850 847
2876 4 2 1 1 855 3 849 852
2877 4 2 1 1 8 203 856 853
2878 4 2 1 1 856 849 7 853
2879 4 2 1 1 854 851 199 848
2880 4 2 1 1 201 849 856 853
2881 4 2 1 1 855 849 201 852
2882 4 2 1 1 199 850 854 847
2883 4 2 1 1 5 204 854 851
2884 4 2 1 1 198 1 854 850
2885 4 2 1 1 197 3 849 855
2886 4 2 1 1 849 7 202 856
2887 4 2 1 1 855 4 3 852
2888 4 2 1 1 202 5 6 851
2889 4 2 1 1 4 198 855 3
2890 4 2 1 1 850 2 1 847
2891 4 2 1 1 197 1 850 2
2892 4 2 1 1 202 5 851 204
2893 4 2 1 1 198 3 197 855
2894 4 2 1 1 198 1 850 197
2895 4 2 1 1 203 201 856 853
2896 4 2 1 1 851 200 199 848
2897 4 2 1 1 199 200 850 847
2898 4 2 1 1 855 201 203 852
2899 4 2 1 1 7 8 204 856
2900 4 2 1 1 204 202 7 856
2901 4 2 1 1 5 6 851 848
2902 4 2 1 1 855 203 201 856
2903 4 2 1 1 199 200 851 850
2904 4 2 1 1 7 8 856 853
2905 4 2 1 1 201 849 855 856
2906 4 2 1 1 850 851 199 854
2907 4 2 1 1 197 849 850 854
2908 4 2 1 1 198 849 854 855
2909 4 2 1 1 851 849 202 854
2910 4 2 1 1 854 849 204 856
2911 4 2 1 1 849 198 197 855
2912 4 2 1 1 850 198 197 854
2913 4 2 1 1 851 202 204 854
2914 4 2 1 1 202 204 849 856
2915 4 2 1 1 849 851 850 854
2916 4 2 1 1 855 849 854 856
2917 4 2 1 1 849 204 202 854
2918 4 2 1 1 849 197 198 854
2919 4 2 1 2 11 209 859 862
2920 4 2 1 2 863 15 209 859
2921 4 2 1 2 207 13 864 858
2922 4 2 1 2 857 207 9 864
2923 4 2 1 2 208 10 860 857
2924 4 2 1 2 211 12 865 862
2925 4 2 1 2 863 866 15 859
2926 4 2 1 2 864 13 861 858
2927 4 2 1 2 16 211 866 863
2928 4 2 1 2 11 859 865 862
2929 4 2 1 2 860 857 9 864
2930 4 2 1 2 14 208 861 858
2931 4 2 1 2 209 866 863 859
2932 4 2 1 2 861 858 207 864
2933 4 2 1 2 862 865 209 859
2934 4 2 1 2 207 857 860 864
2935 4 2 1 2 15 210 859 866
2936 4 2 1 2 13 212 864 861
2937 4 2 1 2 206 9 864 860
2938 4 2 1 2 205 11 859 865
2939 4 2 1 2 9 10 857 860
2940 4 2 1 2 212 15 16 866
2941 4 2 1 2 10 205 860 9
2942 4 2 1 2 865 12 11 862
2943 4 2 1 2 210 13 14 861
2944 4 2 1 2 206 11 865 12
2945 4 2 1 2 212 210 15 866
2946 4 2 1 2 212 13 210 861
2947 4 2 1 2 205 11 865 206
2948 4 2 1 2 9 205 860 206
2949 4 2 1 2 211 209 866 863
2950 4 2 1 2 858 207 208 861
2951 4 2 1 2 208 207 857 860
2952 4 2 1 2 865 209 211 862
2953 4 2 1 2 866 15 16 863
2954 4 2 1 2 858 14 13 861
2955 4 2 1 2 207 208 861 860
2956 4 2 1 2 866 209 211 865
2957 4 2 1 2 865 866 209 859
2958 4 2 1 2 860 861 207 864
2959 4 2 1 2 206 865 859 864
2960 4 2 1 2 205 859 860 864
2961 4 2 1 2 861 859 210 864
2962 4 2 1 2 859 866 212 864
2963 4 2 1 2 860 206 205 864
2964 4 2 1 2 205 206 865 859
2965 4 2 1 2 866 212 210 859
2966 4 2 1 2 210 212 861 864
2967 4 2 1 2 859 861 860 864
2968 4 2 1 2 859 865 866 864
2969 4 2 1 2 859 205 206 864
2970 4 2 1 2 212 210 859 864
2971 4 2 1 3 228 227 875 1922
2972 4 2 1 3 223 222 870 1922
2973 4 2 1 3 221 23 872 874
2974 4 2 1 3 873 221 19 872
2975 4 2 1 3 878 219 21 867
2976 4 2 1 3 17 219 878 868
2977 4 2 1 3 871 220 18 868
2978 4 2 1 3 22 220 871 867
2979 4 2 1 3 225 20 877 873
2980 4 2 1 3 874 225 24 877
2981 4 2 1 3 222 223 228 1922
2982 4 2 1 3 223 227 228 1922
2983 4 2 1 3 222 875 870 1922
2984 4 2 1 3 228 875 222 1922
2985 4 2 1 3 878 222 871 867
2986 4 2 1 3 877 224 874 872
2987 4 2 1 3 877 873 215 872
2988 4 2 1 3 226 224 874 877
2989 4 2 1 3 878 228 222 867
2990 4 2 1 3 218 871 868 878
2991 4 2 1 3 21 228 878 867
2992 4 2 1 3 215 19 872 873
2993 4 2 1 3 224 23 874 872
2994 4 2 1 3 226 24 877 874
2995 4 2 1 3 18 213 871 868
2996 4 2 1 3 871 222 22 867
2997 4 2 1 3 871 218 868 213
2998 4 2 1 3 215 20 19 873
2999 4 2 1 3 24 224 23 874
3000 4 2 1 3 21 228 867 22
3001 4 2 1 3 24 224 874 226
3002 4 2 1 3 17 878 218 868
3003 4 2 1 3 228 867 22 222
3004 4 2 1 3 215 216 873 877
3005 4 2 1 3 18 17 218 868
3006 4 2 1 3 18 218 213 868
3007 4 2 1 3 877 20 216 873
3008 4 2 1 3 216 20 215 873
3009 4 2 1 3 878 220 219 867
3010 4 2 1 3 219 220 878 868
3011 4 2 1 3 874 221 225 877
3012 4 2 1 3 873 225 221 877
3013 4 2 1 3 869 227 870 875
3014 4 2 1 3 227 869 876 875
3015 4 2 1 3 869 224 227 876
3016 4 2 1 3 224 226 227 876
3017 4 2 1 3 878 871 220 867
3018 4 2 1 3 220 871 878 868
3019 4 2 1 3 221 873 877 872
3020 4 2 1 3 877 874 221 872
3021 4 2 1 3 213 218 214 870
3022 4 2 1 3 869 227 223 870
3023 4 2 1 3 227 870 875 1922
3024 4 2 1 3 223 224 227 869
3025 4 2 1 3 227 223 870 1922
3026 4 2 1 3 871 875 222 878
3027 4 2 1 3 875 222 870 871
3028 4 2 1 3 872 215 877 876
3029 4 2 1 3 872 877 224 876
3030 4 2 1 3 869 872 224 876
3031 4 2 1 3 215 872 869 876
3032 4 2 1 3 226 224 877 876
3033 4 2 1 3 875 228 222 878
3034 4 2 1 3 871 218 875 878
3035 4 2 1 3 875 870 218 871
3036 4 2 1 3 213 218 870 871
3037 4 2 1 3 877 215 216 876
3038 4 2 1 3 870 217 869 875
3039 4 2 1 3 876 869 217 875
3040 4 2 1 3 214 217 869 870
3041 4 2 1 3 869 217 215 876
3042 4 2 1 3 217 870 218 875
3043 4 2 1 3 217 215 214 869
3044 4 2 1 3 870 217 218 214
3045 4 2 1 3 217 216 215 876
3046 4 2 1 4 27 237 884 885
3047 4 2 1 4 31 237 886 884
3048 4 2 1 4 235 25 879 890
3049 4 2 1 4 235 29 890 880
3050 4 2 1 4 880 236 30 883
3051 4 2 1 4 236 26 883 879
3052 4 2 1 4 241 885 28 889
3053 4 2 1 4 32 241 889 886
3054 4 2 1 4 238 880 883 890
3055 4 2 1 4 884 232 885 889
3056 4 2 1 4 234 883 879 890
3057 4 2 1 4 884 886 240 889
3058 4 2 1 4 234 25 890 879
3059 4 2 1 4 31 240 884 886
3060 4 2 1 4 238 30 883 880
3061 4 2 1 4 28 232 889 885
3062 4 2 1 4 231 232 885 884
3063 4 2 1 4 234 26 25 879
3064 4 2 1 4 32 240 31 886
3065 4 2 1 4 27 884 231 885
3066 4 2 1 4 883 234 879 229
3067 4 2 1 4 28 27 231 885
3068 4 2 1 4 28 231 232 885
3069 4 2 1 4 883 26 229 879
3070 4 2 1 4 234 229 26 879
3071 4 2 1 4 235 236 880 883
3072 4 2 1 4 235 883 879 236
3073 4 2 1 4 241 886 237 889
3074 4 2 1 4 237 885 241 889
3075 4 2 1 4 238 880 890 244
3076 4 2 1 4 889 886 240 242
3077 4 2 1 4 890 880 29 244
3078 4 2 1 4 32 886 889 242
3079 4 2 1 4 244 30 880 29
3080 4 2 1 4 30 244 880 238
3081 4 2 1 4 32 240 886 242
3082 4 2 1 4 887 239 881 882
3083 4 2 1 4 888 881 233 887
3084 4 2 1 4 238 239 887 882
3085 4 2 1 4 885 237 884 889
3086 4 2 1 4 883 235 879 890
3087 4 2 1 4 883 880 235 890
3088 4 2 1 4 884 237 886 889
3089 4 2 1 4 881 233 231 888
3090 4 2 1 4 232 231 233 888
3091 4 2 1 4 890 238 887 883
3092 4 2 1 4 232 884 888 889
3093 4 2 1 4 882 887 238 883
3094 4 2 1 4 887 883 234 890
3095 4 2 1 4 240 884 889 888
3096 4 2 1 4 883 887 234 882
3097 4 2 1 4 884 240 881 888
3098 4 2 1 4 881 231 884 888
3099 4 2 1 4 884 232 888 231
3100 4 2 1 4 887 239 238 244
3101 4 2 1 4 882 229 234 883
3102 4 2 1 4 243 881 888 887
3103 4 2 1 4 881 243 239 887
3104 4 2 1 4 240 888 243 881
3105 4 2 1 4 243 239 240 881
3106 4 2 1 4 238 890 887 244
3107 4 2 1 4 242 240 889 888
3108 4 2 1 4 887 881 230 882
3109 4 2 1 4 888 240 243 242
3110 4 2 1 4 881 230 233 887
3111 4 2 1 4 230 234 887 882
3112 4 2 1 4 887 243 239 244
3113 4 2 1 4 234 233 230 887
3114 4 2 1 4 231 230 233 881
3115 4 2 1 4 234 230 229 882
3116 4 2 1 5 253 896 35 897
3117 4 2 1 5 253 39 896 898
3118 4 2 1 5 37 251 892 902
3119 4 2 1 5 891 251 33 902
3120 4 2 1 5 892 252 38 895
3121 4 2 1 5 897 901 36 257
3122 4 2 1 5 898 40 901 257
3123 4 2 1 5 34 252 891 895
3124 4 2 1 5 258 896 898 901
3125 4 2 1 5 902 891 895 245
3126 4 2 1 5 247 896 901 897
3127 4 2 1 5 895 260 892 902
3128 4 2 1 5 247 901 248 897
3129 4 2 1 5 891 902 250 245
3130 4 2 1 5 36 248 901 897
3131 4 2 1 5 37 260 902 892
3132 4 2 1 5 247 35 896 897
3133 4 2 1 5 258 40 901 898
3134 4 2 1 5 34 245 895 891
3135 4 2 1 5 896 258 898 256
3136 4 2 1 5 902 33 891 250
3137 4 2 1 5 247 36 35 897
3138 4 2 1 5 38 260 37 892
3139 4 2 1 5 248 36 247 897
3140 4 2 1 5 250 34 891 245
3141 4 2 1 5 256 896 39 898
3142 4 2 1 5 34 250 891 33
3143 4 2 1 5 898 256 40 39
3144 4 2 1 5 256 898 40 258
3145 4 2 1 5 260 895 892 254
3146 4 2 1 5 252 251 891 902
3147 4 2 1 5 892 251 252 902
3148 4 2 1 5 901 253 898 257
3149 4 2 1 5 897 253 901 257
3150 4 2 1 5 38 892 895 254
3151 4 2 1 5 38 260 892 254
3152 4 2 1 5 899 249 893 900
3153 4 2 1 5 893 259 899 900
3154 4 2 1 5 246 894 899 893
3155 4 2 1 5 900 893 259 258
3156 4 2 1 5 899 249 246 893
3157 4 2 1 5 246 250 899 894
3158 4 2 1 5 249 900 247 893
3159 4 2 1 5 900 249 247 248
3160 4 2 1 5 246 250 894 245
3161 4 2 1 5 895 252 891 902
3162 4 2 1 5 895 892 252 902
3163 4 2 1 5 253 901 898 896
3164 4 2 1 5 901 896 253 897
3165 4 2 1 5 249 250 899 246
3166 4 2 1 5 893 247 249 246
3167 4 2 1 5 256 259 893 258
3168 4 2 1 5 899 894 255 893
3169 4 2 1 5 900 258 901 896
3170 4 2 1 5 245 895 902 894
3171 4 2 1 5 255 259 899 893
3172 4 2 1 5 899 894 260 255
3173 4 2 1 5 258 900 893 896
3174 4 2 1 5 896 901 900 247
3175 4 2 1 5 894 902 260 895
3176 4 2 1 5 259 899 260 255
3177 4 2 1 5 896 900 893 247
3178 4 2 1 5 902 894 260 899
3179 4 2 1 5 250 894 902 899
3180 4 2 1 5 901 248 900 247
3181 4 2 1 5 894 250 902 245
3182 4 2 1 5 259 256 893 255
3183 4 2 1 5 896 893 258 256
3184 4 2 1 5 894 254 260 255
3185 4 2 1 5 254 260 895 894
3186 4 2 1 6 269 910 47 908
3187 4 2 1 6 41 267 914 903
3188 4 2 1 6 43 909 269 908
3189 4 2 1 6 273 44 913 909
3190 4 2 1 6 48 273 913 910
3191 4 2 1 6 903 907 42 268
3192 4 2 1 6 46 907 904 268
3193 4 2 1 6 914 267 45 904
3194 4 2 1 6 913 274 910 908
3195 4 2 1 6 904 914 907 270
3196 4 2 1 6 266 914 907 903
3197 4 2 1 6 263 913 909 908
3198 4 2 1 6 903 907 266 261
3199 4 2 1 6 272 910 274 908
3200 4 2 1 6 276 914 904 270
3201 4 2 1 6 913 263 909 264
3202 4 2 1 6 48 913 274 910
3203 4 2 1 6 42 907 903 261
3204 4 2 1 6 266 41 914 903
3205 4 2 1 6 47 272 908 910
3206 4 2 1 6 270 46 907 904
3207 4 2 1 6 44 264 913 909
3208 4 2 1 6 909 43 263 908
3209 4 2 1 6 266 42 41 903
3210 4 2 1 6 272 48 910 47
3211 4 2 1 6 48 272 910 274
3212 4 2 1 6 903 266 42 261
3213 4 2 1 6 46 276 904 270
3214 4 2 1 6 263 44 909 264
3215 4 2 1 6 44 263 909 43
3216 4 2 1 6 45 276 914 904
3217 4 2 1 6 276 46 904 45
3218 4 2 1 6 269 273 910 908
3219 4 2 1 6 269 909 273 908
3220 4 2 1 6 907 267 904 268
3221 4 2 1 6 267 907 903 268
3222 4 2 1 6 911 271 905 906
3223 4 2 1 6 911 265 905 912
3224 4 2 1 6 262 911 905 906
3225 4 2 1 6 911 271 906 270
3226 4 2 1 6 264 905 265 912
3227 4 2 1 6 911 262 905 265
3228 4 2 1 6 266 262 906 911
3229 4 2 1 6 261 262 906 266
3230 4 2 1 6 271 911 276 270
3231 4 2 1 6 905 264 265 263
3232 4 2 1 6 273 913 910 908
3233 4 2 1 6 913 273 909 908
3234 4 2 1 6 267 914 907 904
3235 4 2 1 6 907 914 267 903
3236 4 2 1 6 262 263 905 265
3237 4 2 1 6 262 911 266 265
3238 4 2 1 6 913 905 274 908
3239 4 2 1 6 907 914 911 270
3240 4 2 1 6 905 913 274 912
3241 4 2 1 6 906 907 911 270
3242 4 2 1 6 913 264 912 905
3243 4 2 1 6 914 911 266 907
3244 4 2 1 6 263 905 913 908
3245 4 2 1 6 266 906 907 911
3246 4 2 1 6 274 905 272 908
3247 4 2 1 6 906 266 907 261
3248 4 2 1 6 914 276 911 270
3249 4 2 1 6 913 264 905 263
3250 4 2 1 6 905 911 912 275
3251 4 2 1 6 905 274 275 912
3252 4 2 1 6 271 911 905 275
3253 4 2 1 6 274 905 275 272
3254 4 2 1 6 275 911 276 271
3255 4 2 1 6 905 271 275 272
3256 4 2 20 28 142 673 1411 1408
3257 4 2 20 28 1423 1417 1413 1419
3258 4 2 20 28 138 664 1405 1414
3259 4 2 20 28 668 140 1405 1408
3260 4 2 20 28 1424 1421 1404 1419
3261 4 2 20 28 678 144 1411 1414
3262 4 2 20 28 1404 1422 1424 1419
3263 4 2 20 28 1422 1417 1423 1419
3264 4 2 20 28 1423 1413 679 1419
3265 4 2 20 28 1410 1421 674 1420
3266 4 2 20 28 1418 1415 1407 676
3267 4 2 20 28 1422 1404 1417 1419
3268 4 2 20 28 1415 666 1407 676
3269 4 2 20 28 1420 1409 1421 1419
3270 4 2 20 28 1415 1407 662 1418
3271 4 2 20 28 1412 1413 1417 1419
3272 4 2 20 28 663 664 1416 1406
3273 4 2 20 28 677 673 1406 1416
3274 4 2 20 28 662 666 1407 1415
3275 4 2 20 28 671 676 666 1415
3276 4 2 20 28 1404 1415 1412 1409
3277 4 2 20 28 1409 1404 1421 1419
3278 4 2 20 28 143 1417 1413 1423
3279 4 2 20 28 1412 1417 1404 1419
3280 4 2 20 28 680 1422 1417 1423
3281 4 2 20 28 676 1407 1418 672
3282 4 2 20 28 1421 1410 1409 1420
3283 4 2 20 28 1421 1410 1404 1409
3284 4 2 20 28 671 1412 1415 1409
3285 4 2 20 28 676 666 1407 672
3286 4 2 20 28 1417 143 680 1423
3287 4 2 20 28 137 680 1422 1417
3288 4 2 20 28 1422 1424 669 1404
3289 4 2 20 28 1424 1421 670 1404
3290 4 2 20 28 1404 1415 1417 1412
3291 4 2 20 28 1414 1405 1425 1411
3292 4 2 20 28 666 662 1404 1415
3293 4 2 20 28 1412 1409 1420 1419
3294 4 2 20 28 679 1412 1420 1419
3295 4 2 20 28 1413 1412 679 1419
3296 4 2 20 28 1404 665 666 1409
3297 4 2 20 28 678 677 1416 673
3298 4 2 20 28 1410 670 1421 1404
3299 4 2 20 28 672 1406 677 673
3300 4 2 20 28 1411 1405 1425 1408
3301 4 2 20 28 668 1405 1411 1408
3302 4 2 20 28 1414 664 1405 1411
3303 4 2 20 28 672 1406 673 667
3304 4 2 20 28 661 137 1422 1417
3305 4 2 20 28 672 1406 667 677
3306 4 2 20 28 137 1422 669 661
3307 4 2 20 28 1416 663 1406 677
3308 4 2 20 28 1410 139 670 665
3309 4 2 20 28 676 672 671 666
3310 4 2 20 28 1409 1412 1404 1419
3311 4 2 20 28 676 671 1412 1415
3312 4 2 20 28 1407 663 1418 677
3313 4 2 20 28 1413 1417 143 675
3314 4 2 20 28 1418 1407 677 672
3315 4 2 20 28 1404 661 1422 1417
3316 4 2 20 28 1409 1410 674 1420
3317 4 2 20 28 668 667 673 1406
3318 4 2 20 28 1420 141 1412 679
3319 4 2 20 28 1412 1415 1417 675
3320 4 2 20 28 661 1422 669 1404
3321 4 2 20 28 661 1404 1415 1417
3322 4 2 20 28 1406 664 1416 678
3323 4 2 20 28 662 663 1418 1407
3324 4 2 20 28 1404 662 661 1415
3325 4 2 20 28 668 1405 664 1411
3326 4 2 20 28 667 677 1406 663
3327 4 2 20 28 676 1412 675 1415
3328 4 2 20 28 1416 1406 678 673
3329 4 2 20 28 677 667 1407 663
3330 4 2 20 28 679 143 1413 1423
3331 4 2 20 28 141 1412 1409 1420
3332 4 2 20 28 1417 1413 1412 675
3333 4 2 20 28 670 1410 665 1404
3334 4 2 20 28 1405 1425 138 1414
3335 4 2 20 28 667 677 1407 672
3336 4 2 20 28 664 1414 678 1411
3337 4 2 20 28 1414 1425 144 1411
3338 4 2 20 28 140 1425 1405 1408
3339 4 2 20 28 676 677 672 1418
3340 4 2 20 28 1409 674 141 1420
3341 4 2 20 28 1421 674 139 1410
3342 4 2 20 28 670 1421 139 1410
3343 4 2 20 28 667 666 672 1407
3344 4 2 20 28 670 669 1424 1404
3345 4 2 20 28 1408 1411 668 673
3346 4 2 20 28 1411 1425 142 1408
3347 4 2 20 28 1404 1410 665 1409
3348 4 2 20 28 138 140 1425 1405
3349 4 2 20 28 1406 664 678 673
3350 4 2 20 28 664 1406 668 673
3351 4 2 20 28 142 144 1425 1411
3352 4 2 20 28 141 1412 671 1409
3353 4 2 20 28 1425 144 138 1414
3354 4 2 20 28 1425 140 142 1408
3355 4 2 20 28 1409 1415 666 1404
3356 4 2 20 28 1409 666 1415 671
3357 4 2 20 28 664 673 1411 678
3358 4 2 20 28 1411 673 664 668
3359 4 2 21 29 684 147 1427 679
3360 4 2 21 29 148 685 680 1430
3361 4 2 21 29 1430 143 684 1423
3362 4 2 21 29 680 143 1430 1423
3363 4 2 21 29 147 683 1427 674
3364 4 2 21 29 1428 1424 1431 1426
3365 4 2 21 29 1429 137 685 1422
3366 4 2 21 29 1428 683 139 1421
3367 4 2 21 29 1422 680 1430 1423
3368 4 2 21 29 1427 1421 1428 1426
3369 4 2 21 29 143 1430 684 148
3370 4 2 21 29 1431 1424 1428 682
3371 4 2 21 29 137 1429 685 145
3372 4 2 21 29 143 148 680 1430
3373 4 2 21 29 680 685 137 1422
3374 4 2 21 29 1430 1429 1422 1426
3375 4 2 21 29 1422 685 1429 1430
3376 4 2 21 29 139 146 683 1428
3377 4 2 21 29 1421 1428 683 1427
3378 4 2 21 29 679 684 143 1423
3379 4 2 21 29 1420 1421 674 1427
3380 4 2 21 29 680 685 1422 1430
3381 4 2 21 29 1424 1428 1421 1426
3382 4 2 21 29 674 139 683 1421
3383 4 2 21 29 1423 679 684 1419
3384 4 2 21 29 1421 1424 1426 1419
3385 4 2 21 29 681 145 1429 669
3386 4 2 21 29 1426 1424 1422 1419
3387 4 2 21 29 682 1428 146 670
3388 4 2 21 29 1421 683 674 1427
3389 4 2 21 29 1421 139 1428 670
3390 4 2 21 29 1422 1429 137 669
3391 4 2 21 29 139 146 1428 670
3392 4 2 21 29 145 137 1429 669
3393 4 2 21 29 682 1424 1428 670
3394 4 2 21 29 1421 1428 1424 670
3395 4 2 21 29 682 669 1424 670
3396 4 2 21 29 682 1431 669 681
3397 4 2 21 29 682 669 1431 1424
3398 4 2 21 29 1429 669 1431 681
3399 4 2 21 29 1427 1421 1419 1420
3400 4 2 21 29 1419 1421 1427 1426
3401 4 2 21 29 1419 679 1427 1420
3402 4 2 21 29 1422 1430 1419 1423
3403 4 2 21 29 1422 1419 1430 1426
3404 4 2 21 29 684 1419 1430 1423
3405 4 2 21 29 684 1430 1419 1426
3406 4 2 21 29 1431 1426 1422 1429
3407 4 2 21 29 1422 1426 1431 1424
3408 4 2 21 29 1422 669 1431 1429
3409 4 2 21 29 1431 669 1422 1424
3410 4 2 21 29 684 1427 1419 679
3411 4 2 21 29 684 1419 1427 1426
3412 4 2 21 29 679 1420 147 1427
3413 4 2 21 29 679 147 1420 141
3414 4 2 21 29 674 147 1420 1427
3415 4 2 21 29 674 1420 147 141
3416 4 2 22 30 482 453 452 2345
3417 4 2 22 30 250 249 1557 246
3418 4 2 22 30 830 1700 911 829
3419 4 2 22 30 1233 504 1230 2143
3420 4 2 22 30 877 1749 225 1743
3421 4 2 22 30 1748 236 883 1742
3422 4 2 22 30 878 1745 219 1750
3423 4 2 22 30 1751 884 237 1744
3424 4 2 22 30 1011 1029 1057 2122
3425 4 2 22 30 1941 2060 2037 2346
3426 4 2 22 30 424 1040 425 2047
3427 4 2 22 30 940 357 279 2341
3428 4 2 22 30 225 129 877 1743
3429 4 2 22 30 884 78 237 1744
3430 4 2 22 30 236 76 883 1742
3431 4 2 22 30 1745 219 125 878
3432 4 2 22 30 854 85 199 1294
3433 4 2 22 30 830 266 1471 829
3434 4 2 22 30 129 225 790 1743
3435 4 2 22 30 764 237 78 1744
3436 4 2 22 30 76 236 817 1742
3437 4 2 22 30 1745 125 219 791
3438 4 2 22 30 70 2074 1997 2320
3439 4 2 22 30 327 405 966 2073
3440 4 2 22 30 1122 437 436 2293
3441 4 2 22 30 405 327 976 2073
3442 4 2 22 30 406 328 966 2177
3443 4 2 22 30 1029 1011 1002 2122
3444 4 2 22 30 958 328 406 2177
3445 4 2 22 30 1698 93 1584 591
3446 4 2 22 30 336 2049 335 2145
3447 4 2 22 30 372 373 2128 2171
3448 4 2 22 30 299 2081 298 2126
3449 4 2 22 30 988 346 345 2235
3450 4 2 22 30 1294 85 199 841
3451 4 2 22 30 971 348 347 2235
3452 4 2 22 30 1772 767 1773 2020
3453 4 2 22 30 1233 1230 540 2143
3454 4 2 22 30 1025 1024 1004 2075
3455 4 2 22 30 420 963 419 2337
3456 4 2 22 30 406 966 405 2073
3457 4 2 22 30 641 632 1384 2112
3458 4 2 22 30 71 2120 535 2176
3459 4 2 22 30 413 2146 412 2335
3460 4 2 22 30 790 225 1749 1743
3461 4 2 22 30 817 236 1748 1742
3462 4 2 22 30 1750 1745 219 791
3463 4 2 22 30 237 764 1751 1744
3464 4 2 22 30 381 922 380 2125
3465 4 2 22 30 1281 519 518 2058
3466 4 2 22 30 454 1140 455 2141
3467 4 2 22 30 52 956 56 1931
3468 4 2 22 30 818 180 25 1535
3469 4 2 22 30 85 854 579 1294
3470 4 2 22 30 1022 1045 1004 2171
3471 4 2 22 30 291 292 806 2157
3472 4 2 22 30 1747 1772 1773 2020
3473 4 2 22 30 762 654 1725 1722
3474 4 2 22 30 1836 569 568 352
3475 4 2 22 30 325 986 326 2076
3476 4 2 22 30 797 1553 798 2085
3477 4 2 22 30 535 2120 536 2144
3478 4 2 22 30 1690 888 819 887
3479 4 2 22 30 56 1086 427 2047
3480 4 2 22 30 1049 414 413 2121
3481 4 2 22 30 1735 648 876 875
3482 4 2 22 30 837 101 184 2308
3483 4 2 22 30 1870 767 1818 1822
3484 4 2 22 30 475 474 1149 2203
3485 4 2 22 30 327 326 976 2073
3486 4 2 22 30 66 2066 2072 2074
3487 4 2 22 30 514 1243 515 2340
3488 4 2 22 30 395 1041 396 2156
3489 4 2 22 30 453 482 481 2017
3490 4 2 22 30 1956 1503 2241 2264
3491 4 2 22 30 380 931 379 2125
3492 4 2 22 30 2114 2269 2223 2313
3493 4 2 22 30 762 1725 763 870
3494 4 2 22 30 1260 1279 1248 2199
3495 4 2 22 30 359 360 927 2093
3496 4 2 22 30 1448 196 10 1805
3497 4 2 22 30 469 63 526 2139
3498 4 2 22 30 129 877 1743 649
3499 4 2 22 30 884 78 1744 564
3500 4 2 22 30 76 562 883 1742
3501 4 2 22 30 647 1745 125 878
3502 4 2 22 30 1025 1001 1024 2252
3503 4 2 22 30 129 789 790 1955
3504 4 2 22 30 78 764 765 1960
3505 4 2 22 30 1150 475 1149 2181
3506 4 2 22 30 591 1699 97 2196
3507 4 2 22 30 356 357 940 2341
3508 4 2 22 30 1433 2059 1976 2160
3509 4 2 22 30 1970 2061 2060 2062
3510 4 2 22 30 534 1284 71 2120
3511 4 2 22 30 1280 537 536 2152
3512 4 2 22 30 1755 1791 1820 1785
3513 4 2 22 30 549 2243 550 2340
3514 4 2 22 30 291 807 1896 2094
3515 4 2 22 30 1714 823 1717 1719
3516 4 2 22 30 606 1362 107 2086
3517 4 2 22 30 653 654 1725 2099
3518 4 2 22 30 384 2300 385 2344
3519 4 2 22 30 807 291 1896 2195
3520 4 2 22 30 291 2131 292 2157
3521 4 2 22 30 426 56 1931 2313
3522 4 2 22 30 771 1793 1758 2221
3523 4 2 22 30 128 2028 653 2099
3524 4 2 22 30 53 2111 355 2342
3525 4 2 22 30 185 4 187 852
3526 4 2 22 30 488 2139 489 2311
3527 4 2 22 30 807 806 291 2195
3528 4 2 22 30 1025 2075 1004 2171
3529 4 2 22 30 56 426 1086 2047
3530 4 2 22 30 69 2101 2056 2153
3531 4 2 22 30 1974 1983 1982 2095
3532 4 2 22 30 304 2080 303 2124
3533 4 2 22 30 1061 419 1075 2288
3534 4 2 22 30 992 427 428 2281
3535 4 2 22 30 363 2057 364 2169
3536 4 2 22 30 179 2003 565 2307
3537 4 2 22 30 325 2051 324 2254
3538 4 2 22 30 1384 632 631 2112
3539 4 2 22 30 184 101 251 2308
3540 4 2 22 30 1015 2252 1001 2275
3541 4 2 22 30 962 323 322 2254
3542 4 2 22 30 541 542 1229 2201
3543 4 2 22 30 329 328 958 2177
3544 4 2 22 30 282 360 920 2356
3545 4 2 22 30 319 397 978 2136
3546 4 2 22 30 475 476 2166 2181
3547 4 2 22 30 323 962 401 2076
3548 4 2 22 30 322 321 961 2077
3549 4 2 22 30 1284 535 71 2120
3550 4 2 22 30 52 1931 56 2271
3551 4 2 22 30 989 397 319 2136
3552 4 2 22 30 304 303 919 2124
3553 4 2 22 30 784 1854 783 2051
3554 4 2 22 30 553 1835 74 753
3555 4 2 22 30 1144 1145 467 2268
3556 4 2 22 30 323 401 973 2076
3557 4 2 22 30 1773 767 1818 2020
3558 4 2 22 30 366 367 925 2131
3559 4 2 22 30 348 956 52 1931
3560 4 2 22 30 1743 790 129 789
3561 4 2 22 30 764 78 765 1744
3562 4 2 22 30 816 76 817 1742
3563 4 2 22 30 1745 792 125 791
3564 4 2 22 30 281 359 927 2109
3565 4 2 22 30 629 630 905 2333
3566 4 2 22 30 900 607 608 2332
3567 4 2 22 30 1717 104 603 1559
3568 4 2 22 30 470 1155 471 2200
3569 4 2 22 30 899 608 609 2323
3570 4 2 22 30 321 2078 320 2254
3571 4 2 22 30 194 11 193 862
3572 4 2 22 30 1704 633 1709 1544
3573 4 2 22 30 937 359 281 2109
3574 4 2 22 30 1720 1723 1725 871
3575 4 2 22 30 378 1038 1069 2088
3576 4 2 22 30 405 1064 1071 2306
3577 4 2 22 30 1935 1971 1945 2056
3578 4 2 22 30 309 308 930 2262
3579 4 2 22 30 326 2065 325 2184
3580 4 2 22 30 292 291 806 2195
3581 4 2 22 30 1120 439 438 2293
3582 4 2 22 30 1982 1974 2095 2222
3583 4 2 22 30 1725 1723 763 871
3584 4 2 22 30 49 2092 2091 2342
3585 4 2 22 30 411 2147 410 2252
3586 4 2 22 30 1956 2026 1503 2264
3587 4 2 22 30 303 2085 302 2125
3588 4 2 22 30 339 338 987 2336
3589 4 2 22 30 837 184 101 2323
3590 4 2 22 30 107 253 606 1957
3591 4 2 22 30 1025 2245 1001 2252
3592 4 2 22 30 1044 363 1079 2122
3593 4 2 22 30 337 415 977 2145
3594 4 2 22 30 1493 1947 1928 2074
3595 4 2 22 30 1062 412 411 2252
3596 4 2 22 30 300 301 2085 2125
3597 4 2 22 30 601 104 1717 2230
3598 4 2 22 30 33 182 184 891
3599 4 2 22 30 43 189 190 909
3600 4 2 22 30 52 2003 1931 2032
3601 4 2 22 30 1973 2095 1974 2222
3602 4 2 22 30 770 771 1758 2205
3603 4 2 22 30 840 108 183 2332
3604 4 2 22 30 839 190 118 2333
3605 4 2 22 30 533 1251 534 2179
3606 4 2 22 30 415 337 967 2145
3607 4 2 22 30 460 2209 459 2219
3608 4 2 22 30 393 55 2069 2310
3609 4 2 22 30 409 331 974 2147
3610 4 2 22 30 118 122 1389 1954
3611 4 2 22 30 82 1313 78 1960
3612 4 2 22 30 129 1401 130 1955
3613 4 2 22 30 331 409 985 2147
3614 4 2 22 30 478 479 1140 2141
3615 4 2 22 30 1251 1284 534 2120
3616 4 2 22 30 1049 1015 1014 2121
3617 4 2 22 30 1788 800 801 2081
3618 4 2 22 30 60 64 1137 2056
3619 4 2 22 30 1229 505 1233 2063
3620 4 2 22 30 1251 1280 536 2120
3621 4 2 22 30 409 974 408 2177
3622 4 2 22 30 1015 1009 1014 2121
3623 4 2 22 30 478 479 2141 2329
3624 4 2 22 30 1584 590 93 1698
3625 4 2 22 30 453 481 482 2166
3626 4 2 22 30 1535 180 26 817
3627 4 2 22 30 1515 2173 67 2176
3628 4 2 22 30 353 991 354 2029
3629 4 2 22 30 1009 1015 1001 2275
3630 4 2 22 30 385 947 384 2344
3631 4 2 22 30 1712 580 90 1563
3632 4 2 22 30 1230 539 540 2143
3633 4 2 22 30 371 372 2130 2245
3634 4 2 22 30 1971 2114 1967 2223
3635 4 2 22 30 1929 1974 1973 2095
3636 4 2 22 30 887 818 819 2331
3637 4 2 22 30 183 181 36 897
3638 4 2 22 30 42 192 191 903
3639 4 2 22 30 514 515 1992 2340
3640 4 2 22 30 565 2003 566 2307
3641 4 2 22 30 543 542 1271 2079
3642 4 2 22 30 199 188 1294 841
3643 4 2 22 30 181 606 253 1957
3644 4 2 22 30 428 1005 1042 2110
3645 4 2 22 30 828 188 1800 1467
3646 4 2 22 30 1290 1471 190 834
3647 4 2 22 30 1011 1002 2122 2183
3648 4 2 22 30 1001 2245 1026 2275
3649 4 2 22 30 1594 17 178 791
3650 4 2 22 30 402 973 401 2076
3651 4 2 22 30 817 236 76 2322
3652 4 2 22 30 646 220 645 1720
3653 4 2 22 30 341 342 2050 2337
3654 4 2 22 30 1081 369 368 2055
3655 4 2 22 30 942 379 301 2125
3656 4 2 22 30 2037 2060 1979 2346
3657 4 2 22 30 977 338 337 1930
3658 4 2 22 30 931 301 379 2125
3659 4 2 22 30 995 354 991 2091
3660 4 2 22 30 542 543 2201 2242
3661 4 2 22 30 806 807 291 1527
3662 4 2 22 30 1251 533 1274 2179
3663 4 2 22 30 1221 493 1226 2074
3664 4 2 22 30 65 69 2101 2197
3665 4 2 22 30 290 291 2094 2258
3666 4 2 22 30 193 593 594 1949
3667 4 2 22 30 549 548 2243 2340
3668 4 2 22 30 322 400 962 2077
3669 4 2 22 30 205 10 1555 9
3670 4 2 22 30 460 1119 459 1942
3671 4 2 22 30 1205 498 67 2064
3672 4 2 22 30 1977 2156 1978 2298
3673 4 2 22 30 1947 2177 2147 2211
3674 4 2 22 30 985 332 331 2147
3675 4 2 22 30 1025 1024 2075 2252
3676 4 2 22 30 330 974 331 2210
3677 4 2 22 30 1221 1226 529 2074
3678 4 2 22 30 1967 2223 2114 2269
3679 4 2 22 30 400 322 961 2077
3680 4 2 22 30 211 862 209 1949
3681 4 2 22 30 426 2047 56 2313
3682 4 2 22 30 315 51 2014 2069
3683 4 2 22 30 927 282 281 2093
3684 4 2 22 30 2147 2211 2177 2285
3685 4 2 22 30 523 1267 524 2200
3686 4 2 22 30 1032 1021 1059 2175
3687 4 2 22 30 820 888 819 2307
3688 4 2 22 30 541 2060 542 2201
3689 4 2 22 30 1289 838 192 268
3690 4 2 22 30 1281 519 2058 2314
3691 4 2 22 30 1557 250 1470 1798
3692 4 2 22 30 808 1785 807 2094
3693 4 2 22 30 766 767 1772 2020
3694 4 2 22 30 345 1942 346 2162
3695 4 2 22 30 302 922 303 2125
3696 4 2 22 30 976 404 405 2073
3697 4 2 22 30 1005 427 1086 2047
3698 4 2 22 30 506 1229 1228 2201
3699 4 2 22 30 303 381 919 2124
3700 4 2 22 30 379 378 1069 2088
3701 4 2 22 30 478 1140 454 2056
3702 4 2 22 30 59 92 444 2347
3703 4 2 22 30 428 2269 429 2281
3704 4 2 22 30 395 970 394 2297
3705 4 2 22 30 336 337 2013 2145
3706 4 2 22 30 643 644 745 1918
3707 4 2 22 30 1779 1552 778 1590
3708 4 2 22 30 942 301 300 2125
3709 4 2 22 30 1 197 1564 2
3710 4 2 22 30 507 508 1184 641
3711 4 2 22 30 478 454 1137 2056
3712 4 2 22 30 402 2175 403 2298
3713 4 2 22 30 655 1398 131 2334
3714 4 2 22 30 52 348 1931 2003
3715 4 2 22 30 405 404 1064 2159
3716 4 2 22 30 800 1788 1789 2081
3717 4 2 22 30 1004 2075 1024 2306
3718 4 2 22 30 542 1266 1271 2299
3719 4 2 22 30 1281 1263 519 2314
3720 4 2 22 30 1544 1709 1704 625
3721 4 2 22 30 358 948 357 2109
3722 4 2 22 30 897 253 257 1957
3723 4 2 22 30 344 1960 2050 2284
3724 4 2 22 30 1051 396 1041 2156
3725 4 2 22 30 1229 1233 541 2063
3726 4 2 22 30 205 9 1555 206
3727 4 2 22 30 1709 633 117 1445
3728 4 2 22 30 380 379 1074 2088
3729 4 2 22 30 421 2119 422 2209
3730 4 2 22 30 1251 535 1284 2120
3731 4 2 22 30 193 594 593 2196
3732 4 2 22 30 1698 1699 591 2196
3733 4 2 22 30 86 575 1314 2178
3734 4 2 22 30 1844 807 1896 2195
3735 4 2 22 30 185 187 4 1467
3736 4 2 22 30 66 1997 70 2074
3737 4 2 22 30 1818 767 1870 2050
3738 4 2 22 30 1722 762 654 1581
3739 4 2 22 30 415 416 977 1930
3740 4 2 22 30 1854 1878 325 2051
3741 4 2 22 30 363 362 2122 2169
3742 4 2 22 30 1785 1820 1755 1844
3743 4 2 22 30 324 323 973 2076
3744 4 2 22 30 1067 1039 403 2175
3745 4 2 22 30 90 581 1712 2292
3746 4 2 22 30 991 353 993 2029
3747 4 2 22 30 947 385 307 2202
3748 4 2 22 30 898 257 253 1957
3749 4 2 22 30 1964 2054 1932 2269
3750 4 2 22 30 1717 823 1714 2230
3751 4 2 22 30 307 385 939 2202
3752 4 2 22 30 321 320 968 2077
3753 4 2 22 30 527 526 1279 2199
3754 4 2 22 30 810 1787 809 2158
3755 4 2 22 30 1948 2073 2211 2298
3756 4 2 22 30 1245 69 65 2197
3757 4 2 22 30 1097 95 1102 596
3758 4 2 22 30 425 2046 426 2235
3759 4 2 22 30 488 446 2139 2311
3760 4 2 22 30 363 1044 364 2057
3761 4 2 22 30 358 359 937 2109
3762 4 2 22 30 1251 1262 1280 2152
3763 4 2 22 30 427 1005 428 2047
3764 4 2 22 30 344 2050 343 2284
3765 4 2 22 30 389 390 2280 2310
3766 4 2 22 30 190 269 118 2333
3767 4 2 22 30 108 257 183 2332
3768 4 2 22 30 1011 2097 1002 2183
3769 4 2 22 30 184 251 101 2323
3770 4 2 22 30 333 2146 334 2289
3771 4 2 22 30 659 1399 658 2334
3772 4 2 22 30 393 2216 55 2310
3773 4 2 22 30 1929 1983 1974 2095
3774 4 2 22 30 657 1397 127 2232
3775 4 2 22 30 1945 2056 1971 2223
3776 4 2 22 30 334 335 2049 2146
3777 4 2 22 30 1973 2057 2095 2222
3778 4 2 22 30 2051 325 2184 2254
3779 4 2 22 30 377 1038 378 2089
3780 4 2 22 30 93 590 1951 2294
3781 4 2 22 30 543 1271 1265 2348
3782 4 2 22 30 1356 603 104 2350
3783 4 2 22 30 1927 1974 1431 2241
3784 4 2 22 30 1701 829 1700 1708
3785 4 2 22 30 200 578 186 2178
3786 4 2 22 30 453 482 452 2166
3787 4 2 22 30 840 183 108 1957
3788 4 2 22 30 1714 895 823 1719
3789 4 2 22 30 541 542 2060 2299
3790 4 2 22 30 869 1722 762 870
3791 4 2 22 30 298 376 936 2251
3792 4 2 22 30 1947 1928 2074 2239
3793 4 2 22 30 466 1144 467 2164
3794 4 2 22 30 332 2210 333 2289
3795 4 2 22 30 335 413 959 2146
3796 4 2 22 30 346 347 2003 2235
3797 4 2 22 30 1025 2075 2171 2245
3798 4 2 22 30 122 504 505 1954
3799 4 2 22 30 64 2056 2101 2153
3800 4 2 22 30 373 374 2128 2238
3801 4 2 22 30 1310 82 78 2020
3802 4 2 22 30 413 412 2108 2335
3803 4 2 22 30 1394 129 130 2022
3804 4 2 22 30 376 298 926 2251
3805 4 2 22 30 2056 2101 69 2197
3806 4 2 22 30 644 745 1839 643
3807 4 2 22 30 1034 1008 431 2111
3808 4 2 22 30 335 965 413 2146
3809 4 2 22 30 1110 99 60 454
3810 4 2 22 30 209 863 211 1949
3811 4 2 22 30 1025 2075 2245 2252
3812 4 2 22 30 1009 1001 1026 2275
3813 4 2 22 30 1075 1018 1061 2288
3814 4 2 22 30 1740 1760 1780 2351
3815 4 2 22 30 783 1854 784 2319
3816 4 2 22 30 1251 536 535 2120
3817 4 2 22 30 373 2171 374 2238
3818 4 2 22 30 1400 654 653 2232
3819 4 2 22 30 62 2118 58 2339
3820 4 2 22 30 1147 1146 1142 2208
3821 4 2 22 30 986 404 326 2073
3822 4 2 22 30 463 2208 464 2209
3823 4 2 22 30 1119 435 459 1942
3824 4 2 22 30 1145 470 469 2268
3825 4 2 22 30 976 326 404 2073
3826 4 2 22 30 939 385 386 2202
3827 4 2 22 30 829 1700 911 1701
3828 4 2 22 30 862 194 209 1949
3829 4 2 22 30 93 1329 590 2294
3830 4 2 22 30 1005 1086 426 2047
3831 4 2 22 30 426 56 956 1931
3832 4 2 22 30 2011 2061 1970 2062
3833 4 2 22 30 945 286 364 2132
3834 4 2 22 30 429 428 1042 2110
3835 4 2 22 30 542 1228 1229 2201
3836 4 2 22 30 113 627 1377 2279
3837 4 2 22 30 380 1074 1060 2088
3838 4 2 22 30 589 590 1331 1951
3839 4 2 22 30 302 380 922 2125
3840 4 2 22 30 798 2085 2081 2226
3841 4 2 22 30 1069 1074 379 2088
3842 4 2 22 30 440 575 86 2178
3843 4 2 22 30 1144 464 1154 2164
3844 4 2 22 30 931 380 302 2125
3845 4 2 22 30 67 2064 498 2173
3846 4 2 22 30 360 361 920 2356
3847 4 2 22 30 318 317 981 2136
3848 4 2 22 30 651 1395 648 2024
3849 4 2 22 30 285 941 286 2169
3850 4 2 22 30 494 493 1221 2070
3851 4 2 22 30 1550 2034 1986 2173
3852 4 2 22 30 92 1327 584 2257
3853 4 2 22 30 595 1338 99 2256
3854 4 2 22 30 1982 1983 1508 1984
3855 4 2 22 30 1230 1227 539 2143
3856 4 2 22 30 1070 413 412 2108
3857 4 2 22 30 1235 501 1232 2144
3858 4 2 22 30 1062 1070 412 2108
3859 4 2 22 30 1114 61 457 2321
3860 4 2 22 30 1227 538 539 2143
3861 4 2 22 30 778 1778 1779 1590
3862 4 2 22 30 1383 633 632 1991
3863 4 2 22 30 1010 1002 1011 2097
3864 4 2 22 30 251 891 184 2308
3865 4 2 22 30 63 469 526 2198
3866 4 2 22 30 655 1722 654 1581
3867 4 2 22 30 950 315 314 2069
3868 4 2 22 30 130 129 1955 2078
3869 4 2 22 30 273 631 189 1954
3870 4 2 22 30 1552 779 1779 778
3871 4 2 22 30 1089 53 432 2111
3872 4 2 22 30 1285 69 552 2185
3873 4 2 22 30 1230 503 1227 2143
3874 4 2 22 30 376 375 1073 2089
3875 4 2 22 30 62 2163 2118 2339
3876 4 2 22 30 829 266 1471 1516
3877 4 2 22 30 539 1273 1268 2299
3878 4 2 22 30 363 362 1079 2122
3879 4 2 22 30 1159 1157 1147 2203
3880 4 2 22 30 482 2017 453 2345
3881 4 2 22 30 1471 43 190 834
3882 4 2 22 30 1835 74 278 553
3883 4 2 22 30 954 315 950 2069
3884 4 2 22 30 637 1386 630 2333
3885 4 2 22 30 1044 1085 364 2057
3886 4 2 22 30 88 1328 580 2257
3887 4 2 22 30 1337 93 591 2256
3888 4 2 22 30 118 122 1954 2005
3889 4 2 22 30 467 468 2190 2268
3890 4 2 22 30 952 950 314 2025
3891 4 2 22 30 2037 2062 1941 2151
3892 4 2 22 30 1235 1232 537 2144
3893 4 2 22 30 1281 1250 1263 2185
3894 4 2 22 30 1285 517 69 2153
3895 4 2 22 30 460 1942 459 2209
3896 4 2 22 30 55 51 954 2069
3897 4 2 22 30 819 2307 1690 2349
3898 4 2 22 30 1451 2050 1960 2284
3899 4 2 22 30 912 831 1705 830
3900 4 2 22 30 59 92 1112 444
3901 4 2 22 30 221 177 656 1955
3902 4 2 22 30 1015 2108 2252 2275
3903 4 2 22 30 1029 1002 1019 2122
3904 4 2 22 30 312 949 313 2025
3905 4 2 22 30 478 1137 64 2056
3906 4 2 22 30 550 551 2154 2185
3907 4 2 22 30 1010 1011 997 2097
3908 4 2 22 30 396 397 989 2136
3909 4 2 22 30 469 1128 63 2139
3910 4 2 22 30 221 656 177 2246
3911 4 2 22 30 1931 2003 1951 2149
3912 4 2 22 30 964 330 329 2177
3913 4 2 22 30 365 364 1085 2057
3914 4 2 22 30 446 488 2214 2311
3915 4 2 22 30 325 324 2076 2254
3916 4 2 22 30 1758 2205 771 2221
3917 4 2 22 30 70 529 2074 2320
3918 4 2 22 30 1025 1004 1045 2171
3919 4 2 22 30 324 402 982 2076
3920 4 2 22 30 402 324 973 2076
3921 4 2 22 30 507 508 641 2112
3922 4 2 22 30 432 995 991 2091
3923 4 2 22 30 402 403 2076 2298
3924 4 2 22 30 67 499 2033 2176
3925 4 2 22 30 1254 1271 1266 2299
3926 4 2 22 30 833 1516 262 1803
3927 4 2 22 30 1563 580 90 2257
3928 4 2 22 30 502 501 1235 2143
3929 4 2 22 30 179 1960 565 2003
3930 4 2 22 30 1986 2173 2034 2191
3931 4 2 22 30 1065 377 376 2089
3932 4 2 22 30 457 2218 458 2234
3933 4 2 22 30 2120 2144 535 2176
3934 4 2 22 30 1220 1223 496 2098
3935 4 2 22 30 396 1051 397 2156
3936 4 2 22 30 488 489 1191 2229
3937 4 2 22 30 532 2098 531 2302
3938 4 2 22 30 396 989 318 2136
3939 4 2 22 30 825 1798 826 899
3940 4 2 22 30 906 832 833 1803
3941 4 2 22 30 952 392 950 2025
3942 4 2 22 30 1495 1725 763 762
3943 4 2 22 30 318 981 396 2136
3944 4 2 22 30 905 1802 833 834
3945 4 2 22 30 1799 825 824 900
3946 4 2 22 30 253 107 898 1957
3947 4 2 22 30 1776 811 1529 812
3948 4 2 22 30 1065 376 1073 2089
3949 4 2 22 30 460 436 1119 1942
3950 4 2 22 30 1081 368 1048 2275
3951 4 2 22 30 1951 2003 1457 2149
3952 4 2 22 30 954 393 55 2069
3953 4 2 22 30 59 1128 445 2139
3954 4 2 22 30 1967 2054 1964 2269
3955 4 2 22 30 338 337 1930 2255
3956 4 2 22 30 96 843 196 2012
3957 4 2 22 30 2097 2122 1002 2183
3958 4 2 22 30 475 2193 474 2203
3959 4 2 22 30 281 2093 282 2225
3960 4 2 22 30 943 371 372 2130
3961 4 2 22 30 1994 2188 1992 2340
3962 4 2 22 30 537 2144 536 2187
3963 4 2 22 30 316 970 317 2297
3964 4 2 22 30 836 1518 205 1805
3965 4 2 22 30 54 2263 2265 2274
3966 4 2 22 30 1309 76 75 2225
3967 4 2 22 30 1820 1785 1867 1844
3968 4 2 22 30 1038 377 1065 2089
3969 4 2 22 30 1070 1049 413 2108
3970 4 2 22 30 1034 431 430 2110
3971 4 2 22 30 130 318 319 1955
3972 4 2 22 30 1227 502 1235 2143
3973 4 2 22 30 1786 809 1787 2094
3974 4 2 22 30 459 1118 458 2234
3975 4 2 22 30 537 536 2152 2187
3976 4 2 22 30 1057 1011 2122 2183
3977 4 2 22 30 1518 205 1804 836
3978 4 2 22 30 550 2243 2154 2340
3979 4 2 22 30 1835 278 74 277
3980 4 2 22 30 364 941 363 2169
3981 4 2 22 30 757 1825 81 574
3982 4 2 22 30 1789 1788 1837 2081
3983 4 2 22 30 480 456 1139 2236
3984 4 2 22 30 1719 895 823 894
3985 4 2 22 30 257 108 183 1957
3986 4 2 22 30 1786 1785 808 2094
3987 4 2 22 30 419 972 418 2337
3988 4 2 22 30 1971 2114 2223 2313
3989 4 2 22 30 374 924 373 2128
3990 4 2 22 30 89 187 846 2206
3991 4 2 22 30 1005 426 425 2047
3992 4 2 22 30 295 924 296 2128
3993 4 2 22 30 528 527 1260 2320
3994 4 2 22 30 386 385 2170 2202
3995 4 2 22 30 506 505 1229 2259
3996 4 2 22 30 1270 524 1267 2199
3997 4 2 22 30 273 119 631 1954
3998 4 2 22 30 2040 2135 2010 2310
3999 4 2 22 30 285 2169 286 2357
4000 4 2 22 30 183 897 257 1957
4001 4 2 22 30 1157 1146 1147 2203
4002 4 2 22 30 1434 1431 1974 2241
4003 4 2 22 30 404 1039 1064 2159
4004 4 2 22 30 1962 2241 2238 2247
4005 4 2 22 30 493 66 1226 2074
4006 4 2 22 30 1281 2185 1263 2314
4007 4 2 22 30 839 118 190 1954
4008 4 2 22 30 1006 1035 389 2274
4009 4 2 22 30 424 2046 425 2235
4010 4 2 22 30 1322 86 85 2240
4011 4 2 22 30 108 840 2005 2332
4012 4 2 22 30 839 118 2005 2333
4013 4 2 22 30 1005 997 1016 2110
4014 4 2 22 30 130 319 1858 1834
4015 4 2 22 30 609 610 1352 2323
4016 4 2 22 30 934 373 295 2128
4017 4 2 22 30 295 373 924 2128
4018 4 2 22 30 1227 1235 538 2143
4019 4 2 22 30 540 541 1233 2063
4020 4 2 22 30 1044 1027 1085 2275
4021 4 2 22 30 982 402 403 2076
4022 4 2 22 30 70 529 1226 2074
4023 4 2 22 30 325 324 982 2076
4024 4 2 22 30 1081 1026 2245 2275
4025 4 2 22 30 2150 2151 2004 2154
4026 4 2 22 30 992 349 996 2271
4027 4 2 22 30 366 1080 367 2275
4028 4 2 22 30 313 1855 658 659
4029 4 2 22 30 1038 1065 1022 2089
4030 4 2 22 30 919 382 304 2124
4031 4 2 22 30 928 382 383 2344
4032 4 2 22 30 2056 2153 64 2329
4033 4 2 22 30 504 503 1230 2143
4034 4 2 22 30 1042 1005 1016 2110
4035 4 2 22 30 267 268 903 1959
4036 4 2 22 30 131 655 1581 2246
4037 4 2 22 30 494 1221 1224 2070
4038 4 2 22 30 1011 997 2097 2183
4039 4 2 22 30 601 1346 1345 2023
4040 4 2 22 30 196 843 96 2207
4041 4 2 22 30 91 89 1325 1953
4042 4 2 22 30 1013 1056 398 2155
4043 4 2 22 30 100 598 1339 2345
4044 4 2 22 30 99 1340 597 2345
4045 4 2 22 30 1804 194 11 1468
4046 4 2 22 30 577 186 578 2178
4047 4 2 22 30 967 337 336 2145
4048 4 2 22 30 1942 2003 346 2162
4049 4 2 22 30 1824 1835 553 753
4050 4 2 22 30 315 2069 2014 2334
4051 4 2 22 30 1026 1081 1048 2275
4052 4 2 22 30 1836 568 1904 352
4053 4 2 22 30 384 385 2300 2343
4054 4 2 22 30 480 1138 456 2236
4055 4 2 22 30 344 979 345 1942
4056 4 2 22 30 530 1224 1221 2070
4057 4 2 22 30 631 632 1531 2112
4058 4 2 22 30 1040 424 1050 2097
4059 4 2 22 30 768 1773 767 2286
4060 4 2 22 30 501 502 2086 2143
4061 4 2 22 30 419 420 1933 2209
4062 4 2 22 30 539 538 1273 2152
4063 4 2 22 30 76 1309 562 2105
4064 4 2 22 30 1983 1984 1982 2095
4065 4 2 22 30 441 1113 58 2339
4066 4 2 22 30 498 1222 1225 2173
4067 4 2 22 30 355 53 1089 2111
4068 4 2 22 30 532 1223 1220 2098
4069 4 2 22 30 408 409 2177 2285
4070 4 2 22 30 1725 762 1722 870
4071 4 2 22 30 330 408 974 2177
4072 4 2 22 30 464 2164 465 2339
4073 4 2 22 30 1156 1141 1149 2203
4074 4 2 22 30 937 281 280 2109
4075 4 2 22 30 295 294 934 2128
4076 4 2 22 30 934 372 373 2128
4077 4 2 22 30 991 993 431 2029
4078 4 2 22 30 414 415 967 2145
4079 4 2 22 30 307 2104 306 2344
4080 4 2 22 30 418 1075 419 2288
4081 4 2 22 30 1511 1945 1944 1963
4082 4 2 22 30 1962 1989 2238 2241
4083 4 2 22 30 925 288 366 2132
4084 4 2 22 30 1049 1072 414 2121
4085 4 2 22 30 492 1218 66 1997
4086 4 2 22 30 1928 2100 1997 2320
4087 4 2 22 30 1236 499 1239 2176
4088 4 2 22 30 329 2065 328 2184
4089 4 2 22 30 561 1302 73 2224
4090 4 2 22 30 964 408 330 2177
4091 4 2 22 30 495 1224 1220 2070
4092 4 2 22 30 1737 1791 1785 2253
4093 4 2 22 30 64 2056 60 2101
4094 4 2 22 30 1489 2167 1952 2324
4095 4 2 22 30 1162 1144 466 2164
4096 4 2 22 30 935 366 288 2132
4097 4 2 22 30 1936 1988 1496 2069
4098 4 2 22 30 475 2181 2166 2193
4099 4 2 22 30 1010 1054 1028 2097
4100 4 2 22 30 1341 594 593 2345
4101 4 2 22 30 410 411 984 2147
4102 4 2 22 30 625 117 1378 2295
4103 4 2 22 30 604 605 1602 2117
4104 4 2 22 30 607 1353 612 2332
4105 4 2 22 30 1268 1273 1252 2299
4106 4 2 22 30 1552 1779 1754 1464
4107 4 2 22 30 1747 1773 1814 2020
4108 4 2 22 30 1061 1018 1028 2119
4109 4 2 22 30 551 550 1275 2185
4110 4 2 22 30 305 304 928 2344
4111 4 2 22 30 893 1715 896 821
4112 4 2 22 30 360 1057 1029 2122
4113 4 2 22 30 1996 2052 1929 2095
4114 4 2 22 30 193 862 211 1949
4115 4 2 22 30 221 656 133 1955
4116 4 2 22 30 423 1050 424 2097
4117 4 2 22 30 1746 2231 1766 2276
4118 4 2 22 30 321 968 399 2077
4119 4 2 22 30 399 961 321 2077
4120 4 2 22 30 978 398 320 2077
4121 4 2 22 30 98 863 209 1949
4122 4 2 22 30 409 410 2147 2285
4123 4 2 22 30 385 2300 2202 2344
4124 4 2 22 30 2118 2335 2145 2339
4125 4 2 22 30 262 261 1516 266
4126 4 2 22 30 504 1186 503 2005
4127 4 2 22 30 1124 468 63 2347
4128 4 2 22 30 353 352 993 2029
4129 4 2 22 30 438 2213 437 2293
4130 4 2 22 30 398 968 320 2077
4131 4 2 22 30 819 1689 1690 887
4132 4 2 22 30 463 464 1933 2209
4133 4 2 22 30 898 108 257 1957
4134 4 2 22 30 934 294 372 2128
4135 4 2 22 30 2075 2159 1004 2171
4136 4 2 22 30 435 1119 436 1942
4137 4 2 22 30 458 2218 459 2234
4138 4 2 22 30 1996 2031 1939 2097
4139 4 2 22 30 1928 1997 2074 2320
4140 4 2 22 30 956 348 426 1931
4141 4 2 22 30 496 495 1220 2070
4142 4 2 22 30 959 336 335 2145
4143 4 2 22 30 352 990 993 2281
4144 4 2 22 30 957 55 394 2297
4145 4 2 22 30 421 1028 1054 2119
4146 4 2 22 30 370 371 2130 2245
4147 4 2 22 30 523 1267 2200 2314
4148 4 2 22 30 325 2076 326 2184
4149 4 2 22 30 1159 1141 1157 2203
4150 4 2 22 30 474 1156 1149 2203
4151 4 2 22 30 897 181 253 1957
4152 4 2 22 30 325 403 986 2076
4153 4 2 22 30 1243 1241 515 2197
4154 4 2 22 30 1814 1773 1747 2286
4155 4 2 22 30 1148 1152 1143 2218
4156 4 2 22 30 319 318 130 1858
4157 4 2 22 30 350 349 992 2043
4158 4 2 22 30 466 1123 62 2118
4159 4 2 22 30 1123 442 58 2118
4160 4 2 22 30 344 1942 1960 2284
4161 4 2 22 30 957 51 55 2297
4162 4 2 22 30 982 403 325 2076
4163 4 2 22 30 593 211 863 1949
4164 4 2 22 30 1015 1062 1036 2252
4165 4 2 22 30 1016 997 1008 2110
4166 4 2 22 30 243 888 1690 887
4167 4 2 22 30 426 1931 2235 2313
4168 4 2 22 30 125 1393 126 2024
4169 4 2 22 30 1576 1438 1952 2167
4170 4 2 22 30 368 369 2131 2222
4171 4 2 22 30 1863 329 1889 2212
4172 4 2 22 30 1015 1049 1070 2108
4173 4 2 22 30 1082 373 372 2171
4174 4 2 22 30 1932 1944 1926 1964
4175 4 2 22 30 627 113 1706 2327
4176 4 2 22 30 192 903 268 1959
4177 4 2 22 30 1944 1971 1967 2223
4178 4 2 22 30 269 190 118 1954
4179 4 2 22 30 2081 2085 300 2226
4180 4 2 22 30 122 1186 504 2005
4181 4 2 22 30 1102 1090 1097 596
4182 4 2 22 30 428 2110 429 2269
4183 4 2 22 30 460 461 1122 2293
4184 4 2 22 30 832 628 907 906
4185 4 2 22 30 196 96 208 2207
4186 4 2 22 30 89 203 187 2206
4187 4 2 22 30 10 205 1555 1805
4188 4 2 22 30 1015 1070 1062 2108
4189 4 2 22 30 659 658 313 2334
4190 4 2 22 30 588 1331 587 2294
4191 4 2 22 30 657 127 311 2232
4192 4 2 22 30 1008 1034 1016 2110
4193 4 2 22 30 1515 2033 67 2064
4194 4 2 22 30 1022 1004 2089 2171
4195 4 2 22 30 70 1997 528 2320
4196 4 2 22 30 413 414 959 2145
4197 4 2 22 30 262 266 1516 265
4198 4 2 22 30 1602 605 604 2312
4199 4 2 22 30 1271 1254 1265 2079
4200 4 2 22 30 466 442 1123 2190
4201 4 2 22 30 367 289 925 2131
4202 4 2 22 30 321 320 2077 2254
4203 4 2 22 30 306 947 307 2344
4204 4 2 22 30 936 299 298 2126
4205 4 2 22 30 875 648 647 2024
4206 4 2 22 30 432 1008 1089 2111
4207 4 2 22 30 308 307 939 2202
4208 4 2 22 30 365 945 364 2132
4209 4 2 22 30 1850 135 130 650
4210 4 2 22 30 541 2063 2187 2201
4211 4 2 22 30 1763 1767 1747 2272
4212 4 2 22 30 300 378 942 2126
4213 4 2 22 30 547 2244 548 2359
4214 4 2 22 30 289 367 917 2131
4215 4 2 22 30 134 315 1829 1908
4216 4 2 22 30 1452 2356 2103 2357
4217 4 2 22 30 1396 651 648 2022
4218 4 2 22 30 300 2085 1483 2125
4219 4 2 22 30 457 61 1164 2317
4220 4 2 22 30 36 35 181 1456
4221 4 2 22 30 1924 1943 1427 1978
4222 4 2 22 30 341 963 342 2337
4223 4 2 22 30 535 1236 1239 2176
4224 4 2 22 30 2076 2184 325 2254
4225 4 2 22 30 946 378 300 2126
4226 4 2 22 30 293 371 943 2130
4227 4 2 22 30 280 2109 281 2273
4228 4 2 22 30 2034 2173 1550 2176
4229 4 2 22 30 362 1058 1079 2122
4230 4 2 22 30 292 293 1901 2195
4231 4 2 22 30 371 293 944 2130
4232 4 2 22 30 2175 2211 403 2298
4233 4 2 22 30 367 1048 368 2275
4234 4 2 22 30 381 380 1060 2315
4235 4 2 22 30 1431 1973 1929 1974
4236 4 2 22 30 343 969 344 2284
4237 4 2 22 30 378 2126 377 2247
4238 4 2 22 30 766 1562 767 2050
4239 4 2 22 30 1252 1261 1248 2179
4240 4 2 22 30 287 935 288 2132
4241 4 2 22 30 633 1381 117 2227
4242 4 2 22 30 1565 2014 2249 2297
4243 4 2 22 30 369 1081 1026 2245
4244 4 2 22 30 569 568 352 2224
4245 4 2 22 30 862 193 194 1949
4246 4 2 22 30 480 1164 61 2317
4247 4 2 22 30 2061 2120 1990 2191
4248 4 2 22 30 1584 1698 591 2196
4249 4 2 22 30 1141 1158 1148 2219
4250 4 2 22 30 292 2131 2130 2157
4251 4 2 22 30 1791 1755 1820 2194
4252 4 2 22 30 767 2045 1870 2050
4253 4 2 22 30 370 1026 1084 2245
4254 4 2 22 30 403 404 2073 2211
4255 4 2 22 30 1002 1010 1028 2097
4256 4 2 22 30 1984 2095 2052 2168
4257 4 2 22 30 534 1225 1222 2173
4258 4 2 22 30 551 1241 1243 2197
4259 4 2 22 30 572 1309 75 1821
4260 4 2 22 30 2269 2271 56 2313
4261 4 2 22 30 1035 390 389 2217
4262 4 2 22 30 1126 442 466 2190
4263 4 2 22 30 508 1234 1231 2204
4264 4 2 22 30 544 1231 1234 2204
4265 4 2 22 30 904 268 267 1959
4266 4 2 22 30 1050 997 1040 2097
4267 4 2 22 30 429 2054 430 2281
4268 4 2 22 30 881 882 563 2105
4269 4 2 22 30 387 2265 386 2274
4270 4 2 22 30 1004 2159 2075 2306
4271 4 2 22 30 187 203 89 1953
4272 4 2 22 30 85 841 1294 2240
4273 4 2 22 30 364 365 2132 2222
4274 4 2 22 30 1946 1952 1539 2059
4275 4 2 22 30 1848 1729 659 749
4276 4 2 22 30 773 772 1792 1597
4277 4 2 22 30 312 953 949 2280
4278 4 2 22 30 1924 2211 2068 2298
4279 4 2 22 30 208 96 196 2012
4280 4 2 22 30 1342 592 596 2039
4281 4 2 22 30 1708 623 622 2296
4282 4 2 22 30 1467 846 1293 845
4283 4 2 22 30 655 654 1399 1988
4284 4 2 22 30 395 981 317 2136
4285 4 2 22 30 1970 1979 692 2060
4286 4 2 22 30 1267 523 1257 2314
4287 4 2 22 30 431 1008 432 2111
4288 4 2 22 30 930 308 386 2202
4289 4 2 22 30 424 425 2046 2047
4290 4 2 22 30 301 931 302 2125
4291 4 2 22 30 336 2013 2049 2145
4292 4 2 22 30 211 593 193 1949
4293 4 2 22 30 110 498 1205 2064
4294 4 2 22 30 532 1274 533 2179
4295 4 2 22 30 1060 1074 1020 2088
4296 4 2 22 30 999 1037 1014 2121
4297 4 2 22 30 1040 997 1005 2110
4298 4 2 22 30 1753 1755 1791 2194
4299 4 2 22 30 1929 1973 1996 2095
4300 4 2 22 30 308 939 386 2202
4301 4 2 22 30 1069 1020 1074 2088
4302 4 2 22 30 919 381 382 2124
4303 4 2 22 30 565 179 241 1960
4304 4 2 22 30 1570 2041 1978 2167
4305 4 2 22 30 77 566 2003 2349
4306 4 2 22 30 203 852 201 1953
4307 4 2 22 30 2223 2269 1932 2313
4308 4 2 22 30 71 2176 2173 2191
4309 4 2 22 30 376 377 936 2126
4310 4 2 22 30 1309 75 1821 2225
4311 4 2 22 30 60 1137 454 2260
4312 4 2 22 30 386 2170 385 2343
4313 4 2 22 30 1023 1022 1004 2159
4314 4 2 22 30 1738 1797 1758 2286
4315 4 2 22 30 186 578 200 2220
4316 4 2 22 30 1072 415 414 2121
4317 4 2 22 30 398 2155 399 2298
4318 4 2 22 30 944 293 292 2130
4319 4 2 22 30 548 1258 1276 2244
4320 4 2 22 30 1952 2059 2135 2310
4321 4 2 22 30 1159 1158 1141 2219
4322 4 2 22 30 797 2085 798 2226
4323 4 2 22 30 766 767 2020 2050
4324 4 2 22 30 504 1954 122 2005
4325 4 2 22 30 965 335 334 2146
4326 4 2 22 30 344 82 1893 2050
4327 4 2 22 30 70 1226 66 2074
4328 4 2 22 30 314 313 952 2025
4329 4 2 22 30 789 1955 129 2078
4330 4 2 22 30 895 1714 823 2230
4331 4 2 22 30 1029 1019 1058 2122
4332 4 2 22 30 1023 1000 1022 2159
4333 4 2 22 30 335 2145 2049 2146
4334 4 2 22 30 542 2079 543 2242
4335 4 2 22 30 470 2139 469 2200
4336 4 2 22 30 1717 1719 823 2312
4337 4 2 22 30 86 439 440 2178
4338 4 2 22 30 561 73 1444 1965
4339 4 2 22 30 1246 511 68 2359
4340 4 2 22 30 1952 2167 2059 2310
4341 4 2 22 30 1975 2238 2241 2247
4342 4 2 22 30 961 399 400 2077
4343 4 2 22 30 1144 1154 1142 2165
4344 4 2 22 30 388 2135 389 2280
4345 4 2 22 30 1552 1779 1464 1590
4346 4 2 22 30 101 1352 102 2323
4347 4 2 22 30 771 772 1540 1793
4348 4 2 22 30 2028 2134 128 2261
4349 4 2 22 30 1947 2211 2147 2239
4350 4 2 22 30 292 806 2157 2195
4351 4 2 22 30 131 2014 1988 2334
4352 4 2 22 30 182 252 895 2230
4353 4 2 22 30 1979 2037 692 2060
4354 4 2 22 30 422 979 344 1942
4355 4 2 22 30 100 451 1104 598
4356 4 2 22 30 519 518 2058 2166
4357 4 2 22 30 1004 1024 1046 2306
4358 4 2 22 30 412 413 965 2146
4359 4 2 22 30 493 2066 66 2074
4360 4 2 22 30 1306 566 574 2003
4361 4 2 22 30 809 1787 1575 1786
4362 4 2 22 30 499 1205 67 2033
4363 4 2 22 30 237 764 78 1960
4364 4 2 22 30 129 790 225 1955
4365 4 2 22 30 300 2081 1483 2085
4366 4 2 22 30 870 1725 763 871
4367 4 2 22 30 389 2217 390 2310
4368 4 2 22 30 592 1343 596 2042
4369 4 2 22 30 952 313 949 2025
4370 4 2 22 30 1564 2 197 827
4371 4 2 22 30 1944 2002 2004 2154
4372 4 2 22 30 421 420 2209 2284
4373 4 2 22 30 1952 1438 2059 2167
4374 4 2 22 30 51 315 954 2069
4375 4 2 22 30 438 437 1121 2293
4376 4 2 22 30 399 398 1056 2155
4377 4 2 22 30 1855 313 1848 659
4378 4 2 22 30 1277 530 1260 2320
4379 4 2 22 30 1478 1508 1983 1984
4380 4 2 22 30 1978 1980 1948 2298
4381 4 2 22 30 1437 2059 1433 2160
4382 4 2 22 30 2080 2124 304 2344
4383 4 2 22 30 1073 1022 1065 2089
4384 4 2 22 30 78 564 1310 2020
4385 4 2 22 30 979 423 345 1942
4386 4 2 22 30 1022 1000 1038 2277
4387 4 2 22 30 1394 649 129 2022
4388 4 2 22 30 639 1385 115 2090
4389 4 2 22 30 1700 911 1705 830
4390 4 2 22 30 297 298 2081 2127
4391 4 2 22 30 1162 466 62 2164
4392 4 2 22 30 2010 2135 2059 2310
4393 4 2 22 30 62 2164 2163 2339
4394 4 2 22 30 954 950 393 2069
4395 4 2 22 30 1727 658 1855 659
4396 4 2 22 30 432 53 995 2091
4397 4 2 22 30 354 995 49 2091
4398 4 2 22 30 408 2177 407 2285
4399 4 2 22 30 1978 2156 1980 2298
4400 4 2 22 30 2147 2211 2083 2239
4401 4 2 22 30 1006 1017 1035 2217
4402 4 2 22 30 807 291 1527 2094
4403 4 2 22 30 648 1395 647 2024
4404 4 2 22 30 1022 2089 1004 2159
4405 4 2 22 30 397 398 2136 2156
4406 4 2 22 30 460 2219 461 2293
4407 4 2 22 30 1960 2003 1951 2162
4408 4 2 22 30 450 2148 451 2330
4409 4 2 22 30 131 1402 656 2014
4410 4 2 22 30 128 1397 653 2028
4411 4 2 22 30 1973 2129 2055 2222
4412 4 2 22 30 1779 779 1552 1754
4413 4 2 22 30 507 506 1228 2201
4414 4 2 22 30 1017 998 1007 2217
4415 4 2 22 30 252 1714 895 2230
4416 4 2 22 30 397 1013 398 2155
4417 4 2 22 30 1262 1251 1261 2179
4418 4 2 22 30 286 945 287 2132
4419 4 2 22 30 52 349 2032 2271
4420 4 2 22 30 290 2131 291 2258
4421 4 2 22 30 443 444 92 2071
4422 4 2 22 30 1763 1747 1773 2286
4423 4 2 22 30 315 314 2069 2334
4424 4 2 22 30 770 1758 1797 2286
4425 4 2 22 30 122 1175 504 1186
4426 4 2 22 30 425 1040 1005 2047
4427 4 2 22 30 82 1960 78 2050
4428 4 2 22 30 1564 88 577 2220
4429 4 2 22 30 388 2133 54 2135
4430 4 2 22 30 846 187 89 2326
4431 4 2 22 30 541 2187 540 2299
4432 4 2 22 30 1247 1256 1252 2299
4433 4 2 22 30 367 368 2222 2275
4434 4 2 22 30 492 66 2023 2072
4435 4 2 22 30 1968 1493 2066 2074
4436 4 2 22 30 396 981 395 2136
4437 4 2 22 30 74 1299 73 1999
4438 4 2 22 30 649 648 876 2022
4439 4 2 22 30 1067 403 402 2175
4440 4 2 22 30 1205 67 2033 2064
4441 4 2 22 30 1539 1952 1576 2059
4442 4 2 22 30 1963 2151 2150 2154
4443 4 2 22 30 1031 1020 1003 2315
4444 4 2 22 30 249 825 1798 1557
4445 4 2 22 30 1789 1837 1788 2248
4446 4 2 22 30 625 1709 117 1445
4447 4 2 22 30 406 966 2073 2177
4448 4 2 22 30 1854 783 2051 2065
4449 4 2 22 30 1345 1346 600 2023
4450 4 2 22 30 1917 749 1850 660
4451 4 2 22 30 347 346 980 2235
4452 4 2 22 30 1015 1036 1001 2252
4453 4 2 22 30 1161 1151 1143 2181
4454 4 2 22 30 1058 1019 1079 2122
4455 4 2 22 30 531 1220 1224 2070
4456 4 2 22 30 388 955 54 2133
4457 4 2 22 30 51 2014 2069 2324
4458 4 2 22 30 2041 1565 2297 2324
4459 4 2 22 30 358 359 2109 2168
4460 4 2 22 30 100 1098 1105 1090
4461 4 2 22 30 597 1110 99 2345
4462 4 2 22 30 203 201 853 1953
4463 4 2 22 30 1045 1073 375 2171
4464 4 2 22 30 518 1250 1281 2185
4465 4 2 22 30 311 127 657 1860
4466 4 2 22 30 407 958 406 2177
4467 4 2 22 30 1066 1037 416 2288
4468 4 2 22 30 1542 1980 1978 2041
4469 4 2 22 30 130 1955 319 2078
4470 4 2 22 30 815 816 1775 2182
4471 4 2 22 30 72 2325 2346 2359
4472 4 2 22 30 108 898 107 1957
4473 4 2 22 30 2010 2059 2167 2310
4474 4 2 22 30 1224 530 531 2070
4475 4 2 22 30 840 1957 108 2005
4476 4 2 22 30 887 819 1689 2331
4477 4 2 22 30 1255 1252 1248 2186
4478 4 2 22 30 575 1319 1317 1107
4479 4 2 22 30 1283 546 1258 2244
4480 4 2 22 30 1015 1009 2121 2275
4481 4 2 22 30 1238 68 510 2325
4482 4 2 22 30 1904 567 1830 351
4483 4 2 22 30 303 2080 2085 2125
4484 4 2 22 30 1501 2145 2013 2255
4485 4 2 22 30 1767 1763 1738 2272
4486 4 2 22 30 574 757 1825 1842
4487 4 2 22 30 573 574 1307 2162
4488 4 2 22 30 1518 1555 205 1805
4489 4 2 22 30 421 420 2119 2209
4490 4 2 22 30 481 2017 482 2036
4491 4 2 22 30 470 2200 469 2268
4492 4 2 22 30 589 590 2012 2291
4493 4 2 22 30 1979 2060 1970 2063
4494 4 2 22 30 463 1154 464 2208
4495 4 2 22 30 2093 282 2225 2356
4496 4 2 22 30 828 188 1467 1294
4497 4 2 22 30 1096 438 86 1103
4498 4 2 22 30 409 410 985 2147
4499 4 2 22 30 616 1361 110 2033
4500 4 2 22 30 1089 1008 355 2111
4501 4 2 22 30 1754 1500 1552 1464
4502 4 2 22 30 654 1936 653 2232
4503 4 2 22 30 895 823 182 2230
4504 4 2 22 30 1929 1985 1932 2328
4505 4 2 22 30 1507 1451 1960 2284
4506 4 2 22 30 292 2130 293 2157
4507 4 2 22 30 464 1144 465 2164
4508 4 2 22 30 2100 2142 2053 2320
4509 4 2 22 30 1788 2081 801 2266
4510 4 2 22 30 57 2236 61 2321
4511 4 2 22 30 446 488 2102 2214
4512 4 2 22 30 1753 1740 1755 2194
4513 4 2 22 30 1761 1780 1760 2351
4514 4 2 22 30 1364 113 114 2036
4515 4 2 22 30 536 2144 2120 2187
4516 4 2 22 30 595 1334 94 456
4517 4 2 22 30 183 181 897 1957
4518 4 2 22 30 1358 615 605 2117
4519 4 2 22 30 516 1245 65 2197
4520 4 2 22 30 488 1209 1208 2139
4521 4 2 22 30 1792 1791 1737 2221
4522 4 2 22 30 2163 2335 2118 2339
4523 4 2 22 30 1783 781 782 2248
4524 4 2 22 30 1744 884 564 881
4525 4 2 22 30 877 1743 649 876
4526 4 2 22 30 647 875 1745 878
4527 4 2 22 30 883 562 882 1742
4528 4 2 22 30 104 1602 603 1559
4529 4 2 22 30 63 2113 526 2139
4530 4 2 22 30 346 2003 1942 2235
4531 4 2 22 30 520 2193 519 2314
4532 4 2 22 30 464 2172 2164 2339
4533 4 2 22 30 1361 616 606 2033
4534 4 2 22 30 1339 2330 100 2345
4535 4 2 22 30 492 1997 66 2072
4536 4 2 22 30 1186 1199 503 2005
4537 4 2 22 30 937 280 358 2109
4538 4 2 22 30 72 546 2244 2325
4539 4 2 22 30 391 1043 392 2217
4540 4 2 22 30 450 2115 484 2148
4541 4 2 22 30 410 2252 2147 2285
4542 4 2 22 30 457 2218 2234 2317
4543 4 2 22 30 2075 2285 1024 2306
4544 4 2 22 30 1995 2145 1501 2255
4545 4 2 22 30 59 490 2113 2139
4546 4 2 22 30 69 2153 2056 2154
4547 4 2 22 30 948 358 280 2109
4548 4 2 22 30 125 219 791 2009
4549 4 2 22 30 1855 1848 1727 659
4550 4 2 22 30 779 2027 780 2212
4551 4 2 22 30 1018 1068 1037 2288
4552 4 2 22 30 1932 1964 1926 2328
4553 4 2 22 30 43 189 44 1517
4554 4 2 22 30 1964 1985 1932 2054
4555 4 2 22 30 66 1218 70 1997
4556 4 2 22 30 426 2235 2046 2313
4557 4 2 22 30 1310 570 82 2020
4558 4 2 22 30 2026 1956 2170 2264
4559 4 2 22 30 992 2271 427 2281
4560 4 2 22 30 803 1506 802 1568
4561 4 2 22 30 1784 782 783 2248
4562 4 2 22 30 339 983 340 2337
4563 4 2 22 30 1944 1963 1945 2154
4564 4 2 22 30 315 1908 134 2014
4565 4 2 22 30 616 110 1172 500
4566 4 2 22 30 816 1958 817 2225
4567 4 2 22 30 1515 67 2033 2176
4568 4 2 22 30 72 546 1283 2244
4569 4 2 22 30 1932 2054 2047 2269
4570 4 2 22 30 605 615 1357 2064
4571 4 2 22 30 1756 1776 1738 2272
4572 4 2 22 30 1837 1789 2081 2226
4573 4 2 22 30 261 262 1803 906
4574 4 2 22 30 249 248 900 1799
4575 4 2 22 30 223 1722 869 870
4576 4 2 22 30 1141 1148 1149 2116
4577 4 2 22 30 129 130 2022 2078
4578 4 2 22 30 62 1123 58 2118
4579 4 2 22 30 1352 2090 102 2323
4580 4 2 22 30 1931 2149 1951 2321
4581 4 2 22 30 367 1080 1048 2275
4582 4 2 22 30 219 867 220 2009
4583 4 2 22 30 1028 1002 2097 2119
4584 4 2 22 30 82 1960 344 2162
4585 4 2 22 30 1945 1971 1944 2223
4586 4 2 22 30 992 996 427 2271
4587 4 2 22 30 565 241 79 1960
4588 4 2 22 30 399 968 398 2077
4589 4 2 22 30 301 302 2085 2125
4590 4 2 22 30 650 1394 130 2022
4591 4 2 22 30 1952 2059 1946 2135
4592 4 2 22 30 1573 624 113 2327
4593 4 2 22 30 1545 2091 2092 2342
4594 4 2 22 30 130 319 1834 2078
4595 4 2 22 30 1165 1145 469 2268
4596 4 2 22 30 419 1061 420 2119
4597 4 2 22 30 400 1059 401 2175
4598 4 2 22 30 54 1087 388 2274
4599 4 2 22 30 955 50 54 2133
4600 4 2 22 30 1746 2024 1769 2231
4601 4 2 22 30 334 2146 2049 2289
4602 4 2 22 30 780 781 1782 2212
4603 4 2 22 30 187 852 203 1953
4604 4 2 22 30 1154 1147 1142 2208
4605 4 2 22 30 984 332 410 2147
4606 4 2 22 30 1342 596 100 2039
4607 4 2 22 30 95 596 1343 2042
4608 4 2 22 30 374 296 924 2251
4609 4 2 22 30 475 1150 476 2181
4610 4 2 22 30 1282 528 1260 2320
4611 4 2 22 30 66 2072 1928 2074
4612 4 2 22 30 985 410 332 2147
4613 4 2 22 30 1705 830 831 2189
4614 4 2 22 30 1060 1020 1031 2315
4615 4 2 22 30 1820 1755 1844 2194
4616 4 2 22 30 395 1041 2156 2216
4617 4 2 22 30 2164 464 2208 2209
4618 4 2 22 30 104 1559 1717 2230
4619 4 2 22 30 344 1960 82 2050
4620 4 2 22 30 1735 1769 1746 2024
4621 4 2 22 30 624 1573 113 2036
4622 4 2 22 30 530 531 2142 2320
4623 4 2 22 30 994 350 992 2281
4624 4 2 22 30 1819 2231 1746 2276
4625 4 2 22 30 528 1218 1217 2113
4626 4 2 22 30 1527 2131 291 2157
4627 4 2 22 30 322 1891 321 2078
4628 4 2 22 30 643 644 1392 2104
4629 4 2 22 30 569 352 1836 2224
4630 4 2 22 30 888 1690 819 2307
4631 4 2 22 30 977 416 338 1930
4632 4 2 22 30 1974 1975 2007 2238
4633 4 2 22 30 225 873 221 1955
4634 4 2 22 30 885 237 241 1960
4635 4 2 22 30 909 269 273 1954
4636 4 2 22 30 918 296 374 2251
4637 4 2 22 30 1754 1782 1788 2266
4638 4 2 22 30 1043 1017 1007 2217
4639 4 2 22 30 1844 2194 1755 2195
4640 4 2 22 30 2170 2265 2263 2274
4641 4 2 22 30 584 1320 1318 1093
4642 4 2 22 30 1037 1066 1014 2121
4643 4 2 22 30 565 241 179 2307
4644 4 2 22 30 1732 1913 1730 1902
4645 4 2 22 30 503 502 1227 2143
4646 4 2 22 30 2083 2211 2147 2285
4647 4 2 22 30 1217 1218 492 2113
4648 4 2 22 30 1967 2054 1966 2358
4649 4 2 22 30 1222 498 497 2098
4650 4 2 22 30 295 296 2107 2127
4651 4 2 22 30 1992 2188 514 2340
4652 4 2 22 30 455 1140 479 2141
4653 4 2 22 30 1746 1762 1766 2231
4654 4 2 22 30 423 2046 424 2235
4655 4 2 22 30 478 1161 479 2329
4656 4 2 22 30 651 652 1395 2024
4657 4 2 22 30 50 915 54 2265
4658 4 2 22 30 685 1944 693 1964
4659 4 2 22 30 637 122 1386 2005
4660 4 2 22 30 100 1098 1090 596
4661 4 2 22 30 191 267 903 1959
4662 4 2 22 30 1705 1700 830 2189
4663 4 2 22 30 464 465 1115 2339
4664 4 2 22 30 530 2074 529 2142
4665 4 2 22 30 1250 1259 1263 2185
4666 4 2 22 30 1396 648 649 2022
4667 4 2 22 30 462 463 1120 2293
4668 4 2 22 30 422 423 979 1942
4669 4 2 22 30 1832 2205 1758 2221
4670 4 2 22 30 499 1236 500 2144
4671 4 2 22 30 567 1732 1730 1904
4672 4 2 22 30 361 360 1029 2122
4673 4 2 22 30 481 1206 114 1171
4674 4 2 22 30 1924 1977 1943 1978
4675 4 2 22 30 1924 2068 1977 2298
4676 4 2 22 30 427 2047 428 2269
4677 4 2 22 30 1228 542 543 2201
4678 4 2 22 30 903 192 191 1959
4679 4 2 22 30 1789 1736 1790 2248
4680 4 2 22 30 76 1742 816 2105
4681 4 2 22 30 1046 1023 1004 2306
4682 4 2 22 30 479 1139 455 2141
4683 4 2 22 30 1717 1714 601 2230
4684 4 2 22 30 1775 815 1522 816
4685 4 2 22 30 91 1323 89 2240
4686 4 2 22 30 177 20 19 1580
4687 4 2 22 30 125 647 1393 2024
4688 4 2 22 30 454 2141 455 2260
4689 4 2 22 30 757 574 1911 1902
4690 4 2 22 30 1049 2108 1015 2121
4691 4 2 22 30 816 817 76 2225
4692 4 2 22 30 359 2168 358 2183
4693 4 2 22 30 1755 1740 1781 2195
4694 4 2 22 30 784 785 1777 2319
4695 4 2 22 30 369 370 2129 2245
4696 4 2 22 30 1043 1007 392 2216
4697 4 2 22 30 1017 1006 998 2343
4698 4 2 22 30 1251 1274 1261 2179
4699 4 2 22 30 420 1028 421 2119
4700 4 2 22 30 660 134 749 1829
4701 4 2 22 30 1042 1016 429 2110
4702 4 2 22 30 810 1787 1575 809
4703 4 2 22 30 1770 1746 1769 2231
4704 4 2 22 30 551 2154 552 2197
4705 4 2 22 30 481 2017 65 2101
4706 4 2 22 30 300 2125 1483 2126
4707 4 2 22 30 482 114 481 2036
4708 4 2 22 30 846 1467 1543 845
4709 4 2 22 30 1925 1939 1929 2031
4710 4 2 22 30 468 63 1997 2268
4711 4 2 22 30 811 1776 1756 2272
4712 4 2 22 30 881 1734 230 882
4713 4 2 22 30 1735 876 217 875
4714 4 2 22 30 362 361 1058 2122
4715 4 2 22 30 263 262 905 1802
4716 4 2 22 30 249 250 1798 899
4717 4 2 22 30 299 946 300 2126
4718 4 2 22 30 508 641 2112 2227
4719 4 2 22 30 1116 434 433 2321
4720 4 2 22 30 1691 887 890 244
4721 4 2 22 30 100 1339 98 2330
4722 4 2 22 30 1932 1985 1964 2328
4723 4 2 22 30 1785 2094 1786 2253
4724 4 2 22 30 427 2269 428 2281
4725 4 2 22 30 802 1752 1795 1568
4726 4 2 22 30 465 1144 1162 2164
4727 4 2 22 30 1034 430 1016 2110
4728 4 2 22 30 904 116 268 1959
4729 4 2 22 30 1243 2197 515 2340
4730 4 2 22 30 194 1468 844 1949
4731 4 2 22 30 344 82 1843 1893
4732 4 2 22 30 303 2124 2080 2125
4733 4 2 22 30 595 1334 1100 1336
4734 4 2 22 30 315 51 1908 2014
4735 4 2 22 30 1240 1243 514 2340
4736 4 2 22 30 1778 1464 1779 1590
4737 4 2 22 30 1865 294 1899 2157
4738 4 2 22 30 333 2210 2146 2289
4739 4 2 22 30 294 2128 295 2157
4740 4 2 22 30 310 745 1907 127
4741 4 2 22 30 490 489 2139 2229
4742 4 2 22 30 112 1362 616 2086
4743 4 2 22 30 1244 512 1242 2340
4744 4 2 22 30 1778 1779 1741 2266
4745 4 2 22 30 1524 2003 179 2307
4746 4 2 22 30 2037 2060 1941 2062
4747 4 2 22 30 1041 1007 998 2217
4748 4 2 22 30 1793 772 1540 1494
4749 4 2 22 30 579 1294 854 2206
4750 4 2 22 30 590 1698 1584 2291
4751 4 2 22 30 388 1087 1006 2274
4752 4 2 22 30 359 2093 2109 2168
4753 4 2 22 30 361 1029 1058 2122
4754 4 2 22 30 1146 1155 1142 2165
4755 4 2 22 30 798 799 1790 2226
4756 4 2 22 30 1428 1976 1433 2059
4757 4 2 22 30 845 1543 844 1518
4758 4 2 22 30 368 917 367 2131
4759 4 2 22 30 289 917 290 2131
4760 4 2 22 30 1234 508 507 2201
4761 4 2 22 30 1976 2040 1977 2087
4762 4 2 22 30 550 1259 1275 2243
4763 4 2 22 30 1117 440 439 2338
4764 4 2 22 30 200 847 199 2178
4765 4 2 22 30 1832 1758 2205 2286
4766 4 2 22 30 552 69 1245 2197
4767 4 2 22 30 684 1426 1427 2304
4768 4 2 22 30 1294 579 85 2240
4769 4 2 22 30 366 935 365 2132
4770 4 2 22 30 71 2191 2173 2302
4771 4 2 22 30 285 2356 2169 2357
4772 4 2 22 30 298 2126 2081 2127
4773 4 2 22 30 1014 2121 1009 2275
4774 4 2 22 30 753 1903 569 1733
4775 4 2 22 30 1244 1242 548 2340
4776 4 2 22 30 355 1008 356 2111
4777 4 2 22 30 1027 365 1085 2275
4778 4 2 22 30 623 1365 1367 2115
4779 4 2 22 30 1942 459 2209 2234
4780 4 2 22 30 364 2169 2057 2222
4781 4 2 22 30 820 819 1524 2307
4782 4 2 22 30 1004 2159 2089 2171
4783 4 2 22 30 994 992 428 2281
4784 4 2 22 30 1010 997 1050 2097
4785 4 2 22 30 1431 1927 1973 1974
4786 4 2 22 30 127 745 657 1860
4787 4 2 22 30 1764 787 788 2276
4788 4 2 22 30 1976 1977 1975 2087
4789 4 2 22 30 103 1345 600 2023
4790 4 2 22 30 103 492 1203 2066
4791 4 2 22 30 533 2179 534 2302
4792 4 2 22 30 1234 543 544 2201
4793 4 2 22 30 117 1445 633 1991
4794 4 2 22 30 1053 1030 997 2183
4795 4 2 22 30 552 2154 69 2197
4796 4 2 22 30 1993 2060 2061 2062
4797 4 2 22 30 394 1088 1007 2216
4798 4 2 22 30 190 1290 839 1517
4799 4 2 22 30 541 1266 542 2299
4800 4 2 22 30 1777 785 1766 2319
4801 4 2 22 30 1080 366 1027 2275
4802 4 2 22 30 1083 373 1082 2171
4803 4 2 22 30 1592 2049 2146 2289
4804 4 2 22 30 370 369 1026 2245
4805 4 2 22 30 1006 389 388 2274
4806 4 2 22 30 11 1555 1804 1468
4807 4 2 22 30 1507 1960 1942 2284
4808 4 2 22 30 369 2055 1081 2245
4809 4 2 22 30 291 806 1527 2157
4810 4 2 22 30 484 2115 450 2123
4811 4 2 22 30 2164 2335 2163 2339
4812 4 2 22 30 1552 780 2027 2065
4813 4 2 22 30 518 1281 2058 2185
4814 4 2 22 30 478 2056 64 2329
4815 4 2 22 30 359 2093 927 2109
4816 4 2 22 30 1024 2075 2252 2285
4817 4 2 22 30 610 2090 1352 2323
4818 4 2 22 30 129 2022 789 2078
4819 4 2 22 30 779 1552 780 2027
4820 4 2 22 30 1282 70 528 2320
4821 4 2 22 30 1948 2184 2076 2254
4822 4 2 22 30 1152 458 1153 2317
4823 4 2 22 30 354 2091 49 2092
4824 4 2 22 30 480 61 1138 2236
4825 4 2 22 30 1576 2167 1570 2316
4826 4 2 22 30 1252 2179 1248 2186
4827 4 2 22 30 518 517 1250 2185
4828 4 2 22 30 1155 470 1145 2165
4829 4 2 22 30 1049 1014 1072 2121
4830 4 2 22 30 53 49 995 2091
4831 4 2 22 30 1143 1151 1150 2181
4832 4 2 22 30 1854 2051 325 2065
4833 4 2 22 30 1232 501 500 2144
4834 4 2 22 30 291 1896 290 2094
4835 4 2 22 30 1047 1001 1025 2245
4836 4 2 22 30 574 1842 347 2162
4837 4 2 22 30 1930 2145 1995 2255
4838 4 2 22 30 2003 2032 77 2349
4839 4 2 22 30 604 603 1359 2117
4840 4 2 22 30 1726 657 1859 658
4841 4 2 22 30 1830 81 567 757
4842 4 2 22 30 771 772 1793 2221
4843 4 2 22 30 423 424 988 2235
4844 4 2 22 30 1365 618 1367 2115
4845 4 2 22 30 1948 1969 1924 2239
4846 4 2 22 30 447 446 2214 2311
4847 4 2 22 30 2146 2210 1482 2289
4848 4 2 22 30 1537 1951 1457 2149
4849 4 2 22 30 1276 1258 1249 2348
4850 4 2 22 30 1028 420 1061 2119
4851 4 2 22 30 501 2143 2086 2144
4852 4 2 22 30 805 2157 806 2195
4853 4 2 22 30 1818 2020 767 2050
4854 4 2 22 30 1903 569 74 753
4855 4 2 22 30 190 43 1471 1517
4856 4 2 22 30 1792 1737 1793 2221
4857 4 2 22 30 2150 2340 548 2359
4858 4 2 22 30 1098 450 100 1105
4859 4 2 22 30 1755 2194 1740 2195
4860 4 2 22 30 1267 1255 1270 2199
4861 4 2 22 30 1056 1032 399 2155
4862 4 2 22 30 1782 781 1783 2248
4863 4 2 22 30 221 874 225 1955
4864 4 2 22 30 886 241 237 1960
4865 4 2 22 30 910 273 269 1954
4866 4 2 22 30 446 2102 447 2214
4867 4 2 22 30 122 123 1389 2112
4868 4 2 22 30 532 531 2179 2302
4869 4 2 22 30 363 932 362 2169
4870 4 2 22 30 517 1285 1250 2185
4871 4 2 22 30 839 118 1954 2005
4872 4 2 22 30 524 1208 1209 2139
4873 4 2 22 30 88 580 1713 2220
4874 4 2 22 30 1602 104 603 1968
4875 4 2 22 30 446 2102 488 2139
4876 4 2 22 30 1122 461 437 2293
4877 4 2 22 30 67 498 1225 2173
4878 4 2 22 30 380 381 2247 2315
4879 4 2 22 30 310 955 951 2280
4880 4 2 22 30 356 2168 357 2341
4881 4 2 22 30 1557 250 245 1470
4882 4 2 22 30 2006 1941 2150 2346
4883 4 2 22 30 535 536 1236 2144
4884 4 2 22 30 1484 1950 2255 2284
4885 4 2 22 30 378 946 377 2126
4886 4 2 22 30 329 330 1889 2027
4887 4 2 22 30 1973 2057 1996 2095
4888 4 2 22 30 652 126 1393 2024
4889 4 2 22 30 55 1088 394 2216
4890 4 2 22 30 318 1955 130 2174
4891 4 2 22 30 1774 788 789 2022
4892 4 2 22 30 550 2185 2154 2243
4893 4 2 22 30 555 554 1824 279
4894 4 2 22 30 453 2017 481 2101
4895 4 2 22 30 988 424 346 2235
4896 4 2 22 30 1498 2037 1963 2151
4897 4 2 22 30 519 1263 520 2314
4898 4 2 22 30 568 567 1730 1904
4899 4 2 22 30 789 1774 1490 788
4900 4 2 22 30 279 948 280 2109
4901 4 2 22 30 1479 1964 1966 2358
4902 4 2 22 30 515 2197 1992 2340
4903 4 2 22 30 4 198 1801 855
4904 4 2 22 30 10 205 1805 860
4905 4 2 22 30 329 2027 2065 2184
4906 4 2 22 30 479 480 1139 2141
4907 4 2 22 30 329 2027 1889 2212
4908 4 2 22 30 1382 631 119 2112
4909 4 2 22 30 322 2077 962 2254
4910 4 2 22 30 909 190 269 1954
4911 4 2 22 30 2173 2176 2034 2191
4912 4 2 22 30 424 980 346 2235
4913 4 2 22 30 388 389 2135 2274
4914 4 2 22 30 461 1121 437 2293
4915 4 2 22 30 1740 1780 2195 2351
4916 4 2 22 30 201 852 185 1953
4917 4 2 22 30 323 1868 322 2276
4918 4 2 22 30 196 836 1518 1297
4919 4 2 22 30 770 2205 1758 2286
4920 4 2 22 30 1035 2217 389 2274
4921 4 2 22 30 1549 1457 1524 2349
4922 4 2 22 30 1352 102 1174 610
4923 4 2 22 30 997 2110 2097 2183
4924 4 2 22 30 1232 536 537 2144
4925 4 2 22 30 626 1544 1704 625
4926 4 2 22 30 325 2051 1492 2065
4927 4 2 22 30 49 1999 2092 2342
4928 4 2 22 30 364 2057 365 2222
4929 4 2 22 30 511 1242 512 2140
4930 4 2 22 30 69 2154 2056 2197
4931 4 2 22 30 1051 1013 397 2155
4932 4 2 22 30 479 1161 1160 2317
4933 4 2 22 30 542 2201 2060 2242
4934 4 2 22 30 804 1780 1761 2195
4935 4 2 22 30 794 1770 1769 2231
4936 4 2 22 30 499 67 1239 2176
4937 4 2 22 30 808 1596 809 2094
4938 4 2 22 30 185 3 201 849
4939 4 2 22 30 95 1102 596 2042
4940 4 2 22 30 1925 1940 1939 1998
4941 4 2 22 30 1025 1083 1082 2171
4942 4 2 22 30 133 656 1403 2174
4943 4 2 22 30 1924 1948 1542 1969
4944 4 2 22 30 362 921 361 2356
4945 4 2 22 30 420 2284 963 2337
4946 4 2 22 30 1936 2025 1988 2069
4947 4 2 22 30 349 52 996 2271
4948 4 2 22 30 134 315 2014 2334
4949 4 2 22 30 51 2297 2014 2324
4950 4 2 22 30 503 2005 1199 2086
4951 4 2 22 30 516 65 2035 2278
4952 4 2 22 30 801 2081 1862 2266
4953 4 2 22 30 1755 806 807 2195
4954 4 2 22 30 1972 2083 2075 2211
4955 4 2 22 30 533 534 1222 2098
4956 4 2 22 30 455 595 99 2067
4957 4 2 22 30 1996 2168 2095 2183
4958 4 2 22 30 1359 613 614 2350
4959 4 2 22 30 783 1554 784 2051
4960 4 2 22 30 72 2346 2244 2359
4961 4 2 22 30 1595 594 97 2017
4962 4 2 22 30 590 1331 1951 2294
4963 4 2 22 30 1832 1877 1852 2205
4964 4 2 22 30 555 1301 554 2273
4965 4 2 22 30 1051 2156 1041 2354
4966 4 2 22 30 251 252 891 2308
4967 4 2 22 30 236 879 235 2322
4968 4 2 22 30 1471 44 189 1517
4969 4 2 22 30 1248 1255 2186 2199
4970 4 2 22 30 547 1258 548 2244
4971 4 2 22 30 787 786 2078 2276
4972 4 2 22 30 1256 1268 1252 2299
4973 4 2 22 30 844 1543 845 2330
4974 4 2 22 30 279 2161 2109 2273
4975 4 2 22 30 414 967 336 2145
4976 4 2 22 30 959 414 336 2145
4977 4 2 22 30 832 628 906 2090
4978 4 2 22 30 467 466 2163 2190
4979 4 2 22 30 589 1331 588 2270
4980 4 2 22 30 131 134 2014 2334
4981 4 2 22 30 1925 1926 1939 1940
4982 4 2 22 30 1761 804 803 1464
4983 4 2 22 30 109 612 1353 2005
4984 4 2 22 30 398 399 2077 2298
4985 4 2 22 30 53 2342 2091 2353
4986 4 2 22 30 1990 2191 2120 2302
4987 4 2 22 30 342 2284 2050 2337
4988 4 2 22 30 406 405 1071 2306
4989 4 2 22 30 1525 1700 829 1708
4990 4 2 22 30 72 2325 2244 2346
4991 4 2 22 30 1565 2014 2297 2324
4992 4 2 22 30 537 538 2144 2187
4993 4 2 22 30 1929 1996 1939 2097
4994 4 2 22 30 310 745 127 1860
4995 4 2 22 30 1162 62 465 2164
4996 4 2 22 30 321 322 2078 2254
4997 4 2 22 30 1924 1934 1925 1981
4998 4 2 22 30 1223 497 496 2098
4999 4 2 22 30 970 316 394 2297
5000 4 2 22 30 1040 2047 424 2097
5001 4 2 22 30 492 1178 103 1203
5002 4 2 22 30 651 1396 650 2022
5003 4 2 22 30 757 574 1902 1842
5004 4 2 22 30 309 915 50 2262
5005 4 2 22 30 370 933 369 2130
5006 4 2 22 30 1773 1814 2020 2286
5007 4 2 22 30 401 1076 402 2175
5008 4 2 22 30 2216 2217 1041 2354
5009 4 2 22 30 1002 2122 2097 2237
5010 4 2 22 30 604 1602 603 2117
5011 4 2 22 30 1363 116 621 2287
5012 4 2 22 30 468 1997 2190 2268
5013 4 2 22 30 1007 395 394 2216
5014 4 2 22 30 1892 284 1871 2182
5015 4 2 22 30 526 2139 525 2198
5016 4 2 22 30 2137 2058 2154 2329
5017 4 2 22 30 633 1709 1544 1445
5018 4 2 22 30 745 1728 657 1860
5019 4 2 22 30 1727 1919 1726 751
5020 4 2 22 30 471 1132 470 2102
5021 4 2 22 30 94 456 57 2067
5022 4 2 22 30 203 853 89 1953
5023 4 2 22 30 2073 2211 1947 2239
5024 4 2 22 30 91 2311 447 2326
5025 4 2 22 30 606 105 1361 2033
5026 4 2 22 30 1223 1222 497 2098
5027 4 2 22 30 1390 128 645 1987
5028 4 2 22 30 552 69 2154 2185
5029 4 2 22 30 957 394 316 2297
5030 4 2 22 30 1564 577 88 1995
5031 4 2 22 30 693 1944 685 2151
5032 4 2 22 30 492 2023 2113 2347
5033 4 2 22 30 836 194 1518 1295
5034 4 2 22 30 1765 1734 1747 2105
5035 4 2 22 30 766 1771 765 2020
5036 4 2 22 30 603 1719 1717 2312
5037 4 2 22 30 975 333 411 2146
5038 4 2 22 30 422 423 1942 2046
5039 4 2 22 30 793 1488 794 2080
5040 4 2 22 30 1788 801 1752 2266
5041 4 2 22 30 1360 107 112 2086
5042 4 2 22 30 1925 1934 1926 1940
5043 4 2 22 30 845 1467 1543 1518
5044 4 2 22 30 945 365 287 2132
5045 4 2 22 30 935 287 365 2132
5046 4 2 22 30 1072 1066 415 2121
5047 4 2 22 30 1046 1024 1078 2306
5048 4 2 22 30 537 1280 1262 2152
5049 4 2 22 30 1357 105 605 2064
5050 4 2 22 30 588 2270 1331 2294
5051 4 2 22 30 291 369 933 2131
5052 4 2 22 30 526 1211 1214 2139
5053 4 2 22 30 525 2139 524 2200
5054 4 2 22 30 875 647 1745 2024
5055 4 2 22 30 1232 500 1236 2144
5056 4 2 22 30 2153 2154 2058 2329
5057 4 2 22 30 1718 821 1715 2096
5058 4 2 22 30 517 518 2153 2185
5059 4 2 22 30 1215 1207 484 2123
5060 4 2 22 30 60 2056 1137 2260
5061 4 2 22 30 541 2063 540 2187
5062 4 2 22 30 93 1537 590 1584
5063 4 2 22 30 803 1761 1795 2266
5064 4 2 22 30 1764 2022 1746 2276
5065 4 2 22 30 456 94 57 1111
5066 4 2 22 30 368 2055 369 2222
5067 4 2 22 30 1263 1259 1253 2355
5068 4 2 22 30 1924 1948 2211 2298
5069 4 2 22 30 1946 2135 2059 2264
5070 4 2 22 30 395 396 2136 2156
5071 4 2 22 30 1849 1919 651 652
5072 4 2 22 30 297 298 2127 2251
5073 4 2 22 30 1877 337 338 2205
5074 4 2 22 30 1854 325 326 2065
5075 4 2 22 30 90 1712 1563 2292
5076 4 2 22 30 98 1339 593 1949
5077 4 2 22 30 1087 54 387 2274
5078 4 2 22 30 92 584 443 2071
5079 4 2 22 30 267 191 41 914
5080 4 2 22 30 896 35 181 253
5081 4 2 22 30 317 2249 2174 2297
5082 4 2 22 30 364 2132 2169 2222
5083 4 2 22 30 499 500 2033 2144
5084 4 2 22 30 1280 536 2120 2152
5085 4 2 22 30 1448 590 1584 2291
5086 4 2 22 30 1503 2026 2263 2264
5087 4 2 22 30 2067 2149 93 2256
5088 4 2 22 30 426 2046 425 2047
5089 4 2 22 30 1232 1236 536 2144
5090 4 2 22 30 1066 416 415 2121
5091 4 2 22 30 1570 2167 1978 2316
5092 4 2 22 30 408 407 1078 2285
5093 4 2 22 30 82 78 2020 2050
5094 4 2 22 30 2040 2059 2010 2135
5095 4 2 22 30 446 1132 447 2102
5096 4 2 22 30 74 553 1299 2161
5097 4 2 22 30 369 291 923 2131
5098 4 2 22 30 488 2038 2214 2311
5099 4 2 22 30 1982 2001 1974 2222
5100 4 2 22 30 431 432 2091 2353
5101 4 2 22 30 925 2131 288 2132
5102 4 2 22 30 551 552 2154 2185
5103 4 2 22 30 542 2242 2060 2299
5104 4 2 22 30 1294 841 1293 2240
5105 4 2 22 30 1478 1479 2000 2233
5106 4 2 22 30 220 868 219 2009
5107 4 2 22 30 539 1268 540 2299
5108 4 2 22 30 1737 1785 1786 2253
5109 4 2 22 30 560 559 2283 2349
5110 4 2 22 30 1772 1747 1734 2020
5111 4 2 22 30 527 528 2113 2198
5112 4 2 22 30 534 71 2173 2302
5113 4 2 22 30 1761 2195 1780 2351
5114 4 2 22 30 1451 1507 2008 2284
5115 4 2 22 30 783 1757 1784 2248
5116 4 2 22 30 1309 2105 76 2225
5117 4 2 22 30 461 1159 462 2219
5118 4 2 22 30 340 1879 339 2205
5119 4 2 22 30 550 1243 1240 2340
5120 4 2 22 30 186 847 200 2178
5121 4 2 22 30 1159 1141 2203 2219
5122 4 2 22 30 1974 2007 2129 2238
5123 4 2 22 30 329 2065 2027 2212
5124 4 2 22 30 180 235 879 2322
5125 4 2 22 30 802 803 1795 2266
5126 4 2 22 30 78 1960 765 2050
5127 4 2 22 30 2154 2243 2150 2340
5128 4 2 22 30 601 1345 104 2023
5129 4 2 22 30 194 1949 844 2330
5130 4 2 22 30 1045 1083 1025 2171
5131 4 2 22 30 1267 2199 524 2200
5132 4 2 22 30 253 106 107 606
5133 4 2 22 30 1030 357 356 2183
5134 4 2 22 30 957 316 51 2297
5135 4 2 22 30 1942 1960 1951 2162
5136 4 2 22 30 114 1195 617 482
5137 4 2 22 30 1214 1211 490 2139
5138 4 2 22 30 1076 401 1059 2175
5139 4 2 22 30 491 1178 103 492
5140 4 2 22 30 100 451 598 2345
5141 4 2 22 30 464 1933 2172 2339
5142 4 2 22 30 297 926 298 2251
5143 4 2 22 30 1477 1542 1948 1969
5144 4 2 22 30 660 1402 134 2174
5145 4 2 22 30 59 2021 490 2139
5146 4 2 22 30 765 1744 78 2020
5147 4 2 22 30 129 1743 789 2022
5148 4 2 22 30 308 2104 307 2202
5149 4 2 22 30 71 2120 2176 2191
5150 4 2 22 30 87 58 442 2071
5151 4 2 22 30 962 2076 323 2254
5152 4 2 22 30 356 355 2168 2341
5153 4 2 22 30 1028 1018 1002 2237
5154 4 2 22 30 425 426 971 2235
5155 4 2 22 30 1290 1499 1471 834
5156 4 2 22 30 1316 2178 575 2267
5157 4 2 22 30 130 1955 1401 2174
5158 4 2 22 30 105 2033 1583 2064
5159 4 2 22 30 1275 1259 1250 2185
5160 4 2 22 30 2150 2151 2037 2346
5161 4 2 22 30 122 1389 1954 2112
5162 4 2 22 30 1163 1151 1161 2329
5163 4 2 22 30 1527 291 2131 2258
5164 4 2 22 30 1028 2097 1054 2119
5165 4 2 22 30 762 761 1581 2246
5166 4 2 22 30 1118 434 458 2234
5167 4 2 22 30 530 531 2070 2142
5168 4 2 22 30 542 2079 2242 2299
5169 4 2 22 30 1929 1932 1926 2328
5170 4 2 22 30 548 1242 547 2359
5171 4 2 22 30 951 955 388 2280
5172 4 2 22 30 1045 375 374 2171
5173 4 2 22 30 634 121 1376 1190
5174 4 2 22 30 2170 2202 385 2300
5175 4 2 22 30 941 285 363 2169
5176 4 2 22 30 59 490 2021 2113
5177 4 2 22 30 1076 1067 402 2175
5178 4 2 22 30 539 540 2143 2187
5179 4 2 22 30 1746 2022 1819 2276
5180 4 2 22 30 575 2178 440 2267
5181 4 2 22 30 411 412 975 2146
5182 4 2 22 30 975 334 333 2146
5183 4 2 22 30 423 424 2046 2097
5184 4 2 22 30 791 792 125 2082
5185 4 2 22 30 940 279 278 2341
5186 4 2 22 30 1055 1012 383 2343
5187 4 2 22 30 794 1769 2080 2231
5188 4 2 22 30 110 1205 2033 2064
5189 4 2 22 30 1796 796 797 2226
5190 4 2 22 30 1804 1555 205 1518
5191 4 2 22 30 376 926 375 2251
5192 4 2 22 30 386 2202 2170 2265
5193 4 2 22 30 1391 646 125 2104
5194 4 2 22 30 422 1054 1010 2097
5195 4 2 22 30 2026 2202 1937 2262
5196 4 2 22 30 932 363 285 2169
5197 4 2 22 30 483 484 2115 2148
5198 4 2 22 30 526 469 2139 2198
5199 4 2 22 30 1223 533 1222 2098
5200 4 2 22 30 574 573 1842 2162
5201 4 2 22 30 530 529 1260 2320
5202 4 2 22 30 445 2021 59 2139
5203 4 2 22 30 1819 1817 1746 2231
5204 4 2 22 30 122 1175 505 504
5205 4 2 22 30 99 595 455 1336
5206 4 2 22 30 1759 1790 1736 2248
5207 4 2 22 30 1112 586 92 2311
5208 4 2 22 30 1581 655 1722 2246
5209 4 2 22 30 301 1880 300 2226
5210 4 2 22 30 534 71 1225 2173
5211 4 2 22 30 1551 2064 2098 2117
5212 4 2 22 30 1855 1726 1859 658
5213 4 2 22 30 356 929 355 2341
5214 4 2 22 30 281 927 2093 2109
5215 4 2 22 30 361 2095 360 2122
5216 4 2 22 30 453 452 1129 2166
5217 4 2 22 30 1471 43 44 1517
5218 4 2 22 30 906 833 832 1287
5219 4 2 22 30 826 1287 825 899
5220 4 2 22 30 544 543 1265 2348
5221 4 2 22 30 71 535 1239 2176
5222 4 2 22 30 78 1313 79 1960
5223 4 2 22 30 1389 119 118 1954
5224 4 2 22 30 1567 73 558 1999
5225 4 2 22 30 133 1401 129 1955
5226 4 2 22 30 1228 1234 507 2201
5227 4 2 22 30 1731 1836 569 568
5228 4 2 22 30 410 409 1063 2285
5229 4 2 22 30 1228 543 1234 2201
5230 4 2 22 30 807 1527 808 2094
5231 4 2 22 30 182 891 252 2308
5232 4 2 22 30 440 439 1950 2178
5233 4 2 22 30 1722 223 1725 870
5234 4 2 22 30 1837 1876 1853 2081
5235 4 2 22 30 546 1237 545 2325
5236 4 2 22 30 837 184 1961 2308
5237 4 2 22 30 385 2202 947 2344
5238 4 2 22 30 1116 458 434 2234
5239 4 2 22 30 815 1522 816 1481
5240 4 2 22 30 645 1392 1390 1987
5241 4 2 22 30 515 1241 516 2197
5242 4 2 22 30 495 494 1224 2070
5243 4 2 22 30 819 1689 1444 1690
5244 4 2 22 30 1819 1746 1817 2022
5245 4 2 22 30 454 455 99 2260
5246 4 2 22 30 1489 1576 1952 2167
5247 4 2 22 30 1735 1746 1764 2022
5248 4 2 22 30 886 79 241 1960
5249 4 2 22 30 910 119 273 1954
5250 4 2 22 30 459 1148 460 2219
5251 4 2 22 30 1712 1713 580 2220
5252 4 2 22 30 221 133 874 1955
5253 4 2 22 30 1939 1998 1940 2015
5254 4 2 22 30 644 1390 1392 1987
5255 4 2 22 30 187 185 852 1953
5256 4 2 22 30 1939 1996 1929 2031
5257 4 2 22 30 1956 2241 2170 2264
5258 4 2 22 30 456 1138 57 2236
5259 4 2 22 30 466 467 2163 2164
5260 4 2 22 30 1168 1374 1372 1368
5261 4 2 22 30 598 1092 1332 597
5262 4 2 22 30 1034 431 2110 2111
5263 4 2 22 30 1729 1727 1848 659
5264 4 2 22 30 801 1862 2081 2107
5265 4 2 22 30 467 1145 468 2268
5266 4 2 22 30 1981 2163 2083 2239
5267 4 2 22 30 399 1032 400 2155
5268 4 2 22 30 1451 2008 1484 2284
5269 4 2 22 30 545 2242 546 2325
5270 4 2 22 30 1591 654 655 1988
5271 4 2 22 30 430 429 1016 2110
5272 4 2 22 30 457 1153 458 2317
5273 4 2 22 30 986 2073 326 2076
5274 4 2 22 30 1456 36 35 1557
5275 4 2 22 30 1041 2216 1007 2217
5276 4 2 22 30 109 2005 108 2086
5277 4 2 22 30 278 553 74 2161
5278 4 2 22 30 629 833 906 2018
5279 4 2 22 30 899 825 608 2018
5280 4 2 22 30 1583 2033 105 2096
5281 4 2 22 30 76 562 1742 2105
5282 4 2 22 30 407 2211 406 2306
5283 4 2 22 30 1286 824 825 900
5284 4 2 22 30 1286 905 833 834
5285 4 2 22 30 1565 2069 2014 2324
5286 4 2 22 30 132 133 221 656
5287 4 2 22 30 134 314 749 1829
5288 4 2 22 30 405 2159 1064 2306
5289 4 2 22 30 780 2027 2065 2212
5290 4 2 22 30 1040 2097 997 2110
5291 4 2 22 30 431 2111 432 2353
5292 4 2 22 30 1320 87 442 584
5293 4 2 22 30 58 1938 1995 2118
5294 4 2 22 30 913 189 44 273
5295 4 2 22 30 252 34 182 895
5296 4 2 22 30 220 18 178 871
5297 4 2 22 30 341 2050 2045 2337
5298 4 2 22 30 1933 1950 2213 2284
5299 4 2 22 30 293 294 1865 2157
5300 4 2 22 30 63 59 1124 2347
5301 4 2 22 30 407 329 958 2177
5302 4 2 22 30 506 507 2112 2259
5303 4 2 22 30 1516 265 1471 262
5304 4 2 22 30 427 56 2047 2269
5305 4 2 22 30 280 279 2109 2273
5306 4 2 22 30 329 330 2027 2210
5307 4 2 22 30 1494 772 1447 1597
5308 4 2 22 30 1154 2164 464 2208
5309 4 2 22 30 454 2056 1140 2141
5310 4 2 22 30 1725 1723 653 2099
5311 4 2 22 30 324 325 1878 2051
5312 4 2 22 30 92 59 1112 2021
5313 4 2 22 30 1973 1974 2129 2222
5314 4 2 22 30 278 1824 1835 553
5315 4 2 22 30 1174 1167 611 610
5316 4 2 22 30 1324 581 90 2021
5317 4 2 22 30 1565 2041 1489 2324
5318 4 2 22 30 1739 1766 1762 2319
5319 4 2 22 30 406 407 2177 2211
5320 4 2 22 30 1055 383 2315 2343
5321 4 2 22 30 644 643 1839 2104
5322 4 2 22 30 594 1340 97 2017
5323 4 2 22 30 61 1114 57 2321
5324 4 2 22 30 964 329 407 2177
5325 4 2 22 30 515 516 1992 2197
5326 4 2 22 30 753 553 1824 1910
5327 4 2 22 30 990 352 351 2281
5328 4 2 22 30 389 2280 2135 2310
5329 4 2 22 30 2164 2172 464 2209
5330 4 2 22 30 58 1995 1938 2071
5331 4 2 22 30 1707 1544 1700 626
5332 4 2 22 30 277 355 929 2341
5333 4 2 22 30 540 2187 539 2299
5334 4 2 22 30 442 58 87 1109
5335 4 2 22 30 55 393 1088 2216
5336 4 2 22 30 1934 1940 1925 1981
5337 4 2 22 30 55 2216 2215 2324
5338 4 2 22 30 125 867 219 2009
5339 4 2 22 30 1015 2121 2108 2275
5340 4 2 22 30 369 2129 370 2130
5341 4 2 22 30 178 1594 791 2009
5342 4 2 22 30 430 993 990 2281
5343 4 2 22 30 2019 1001 2245 2252
5344 4 2 22 30 381 2125 380 2247
5345 4 2 22 30 373 2128 2171 2238
5346 4 2 22 30 58 1113 62 2339
5347 4 2 22 30 1946 1509 2134 2263
5348 4 2 22 30 1345 103 104 2023
5349 4 2 22 30 290 923 291 2131
5350 4 2 22 30 369 923 368 2131
5351 4 2 22 30 1146 1147 2203 2208
5352 4 2 22 30 1705 913 831 912
5353 4 2 22 30 1182 618 483 484
5354 4 2 22 30 496 497 2064 2098
5355 4 2 22 30 1358 605 604 2117
5356 4 2 22 30 387 1006 1087 2274
5357 4 2 22 30 911 914 829 1701
5358 4 2 22 30 1283 1258 547 2244
5359 4 2 22 30 412 965 334 2146
5360 4 2 22 30 334 975 412 2146
5361 4 2 22 30 2026 2263 2170 2265
5362 4 2 22 30 788 1774 1764 2022
5363 4 2 22 30 2016 2053 1990 2186
5364 4 2 22 30 1774 1580 1743 789
5365 4 2 22 30 55 2215 394 2297
5366 4 2 22 30 543 2079 1271 2348
5367 4 2 22 30 1781 1740 1780 2195
5368 4 2 22 30 405 404 2159 2211
5369 4 2 22 30 520 1207 1215 2123
5370 4 2 22 30 1036 1024 1001 2252
5371 4 2 22 30 524 1270 525 2199
5372 4 2 22 30 1142 1145 1144 2165
5373 4 2 22 30 600 1178 103 491
5374 4 2 22 30 1000 1023 1039 2159
5375 4 2 22 30 2058 2185 1281 2314
5376 4 2 22 30 524 2102 470 2139
5377 4 2 22 30 571 1311 572 2105
5378 4 2 22 30 122 1954 505 2112
5379 4 2 22 30 105 110 1361 2033
5380 4 2 22 30 1246 68 72 2359
5381 4 2 22 30 1076 1059 1021 2175
5382 4 2 22 30 1990 2142 1981 2303
5383 4 2 22 30 1884 1862 297 2107
5384 4 2 22 30 1137 2056 454 2260
5385 4 2 22 30 1 198 854 1800
5386 4 2 22 30 11 205 859 1804
5387 4 2 22 30 281 2109 2093 2225
5388 4 2 22 30 1313 1960 82 2162
5389 4 2 22 30 122 124 1175 637
5390 4 2 22 30 1206 481 114 2035
5391 4 2 22 30 1528 811 810 2158
5392 4 2 22 30 284 932 285 2356
5393 4 2 22 30 641 642 1383 2227
5394 4 2 22 30 211 193 593 2196
5395 4 2 22 30 1712 580 1563 2220
5396 4 2 22 30 486 1210 1213 2102
5397 4 2 22 30 1027 366 365 2275
5398 4 2 22 30 1075 1068 1018 2288
5399 4 2 22 30 799 800 1789 2081
5400 4 2 22 30 1021 1067 1076 2175
5401 4 2 22 30 802 1752 801 2266
5402 4 2 22 30 1285 2153 69 2185
5403 4 2 22 30 1263 2185 1259 2355
5404 4 2 22 30 625 626 1544 1445
5405 4 2 22 30 786 1560 787 2078
5406 4 2 22 30 1026 1048 1009 2275
5407 4 2 22 30 1820 1785 1791 2253
5408 4 2 22 30 590 1448 1584 1951
5409 4 2 22 30 344 1843 82 2162
5410 4 2 22 30 601 1346 2023 2308
5411 4 2 22 30 765 2020 78 2050
5412 4 2 22 30 2037 1979 2106 2346
5413 4 2 22 30 1442 685 694 1964
5414 4 2 22 30 1101 1335 1332 588
5415 4 2 22 30 513 514 2188 2340
5416 4 2 22 30 273 119 120 631
5417 4 2 22 30 1399 2232 658 2334
5418 4 2 22 30 999 2121 1014 2275
5419 4 2 22 30 378 2088 379 2247
5420 4 2 22 30 1723 763 871 2099
5421 4 2 22 30 417 987 416 2336
5422 4 2 22 30 2050 2284 2255 2337
5423 4 2 22 30 1592 1995 2118 2145
5424 4 2 22 30 1271 2079 1265 2348
5425 4 2 22 30 1496 1988 2014 2069
5426 4 2 22 30 1249 1258 1278 2348
5427 4 2 22 30 1357 615 110 2064
5428 4 2 22 30 1427 1978 1943 2316
5429 4 2 22 30 575 440 86 1107
5430 4 2 22 30 532 533 1223 2098
5431 4 2 22 30 92 586 1324 2311
5432 4 2 22 30 91 1325 585 2311
5433 4 2 22 30 277 278 74 2161
5434 4 2 22 30 522 1257 523 2314
5435 4 2 22 30 909 273 189 1954
5436 4 2 22 30 885 241 179 1960
5437 4 2 22 30 177 221 873 1955
5438 4 2 22 30 306 2104 2082 2344
5439 4 2 22 30 564 1744 881 2020
5440 4 2 22 30 530 2142 529 2320
5441 4 2 22 30 792 793 1530 1768
5442 4 2 22 30 657 1859 311 1860
5443 4 2 22 30 1942 2209 460 2293
5444 4 2 22 30 1251 1280 2120 2152
5445 4 2 22 30 2031 2121 2108 2335
5446 4 2 22 30 541 2187 2060 2201
5447 4 2 22 30 616 110 500 2033
5448 4 2 22 30 1743 649 876 2022
5449 4 2 22 30 624 1573 623 2327
5450 4 2 22 30 328 2177 329 2184
5451 4 2 22 30 1254 1266 1256 2299
5452 4 2 22 30 920 283 282 2356
5453 4 2 22 30 840 2005 839 2309
5454 4 2 22 30 1448 1951 590 2012
5455 4 2 22 30 196 1448 1518 1805
5456 4 2 22 30 317 318 2174 2249
5457 4 2 22 30 1160 480 479 2317
5458 4 2 22 30 453 2101 481 2166
5459 4 2 22 30 1081 2055 368 2275
5460 4 2 22 30 519 2193 2058 2314
5461 4 2 22 30 645 646 1392 2138
5462 4 2 22 30 2047 1932 2269 2313
5463 4 2 22 30 1745 125 792 2024
5464 4 2 22 30 1573 624 623 2036
5465 4 2 22 30 841 1484 188 1588
5466 4 2 22 30 983 418 340 2337
5467 4 2 22 30 1899 1841 1865 2195
5468 4 2 22 30 395 1007 1041 2216
5469 4 2 22 30 438 86 1103 2213
5470 4 2 22 30 838 837 1470 1561
5471 4 2 22 30 1744 564 78 2020
5472 4 2 22 30 577 578 1316 2178
5473 4 2 22 30 1320 1318 1093 1317
5474 4 2 22 30 1743 129 649 2022
5475 4 2 22 30 925 366 2131 2132
5476 4 2 22 30 1943 1978 2010 2167
5477 4 2 22 30 762 1581 1722 2246
5478 4 2 22 30 1763 2272 1747 2286
5479 4 2 22 30 1248 2186 2179 2199
5480 4 2 22 30 97 594 1595 2196
5481 4 2 22 30 1139 456 455 2067
5482 4 2 22 30 1832 2205 1852 2286
5483 4 2 22 30 2078 2249 320 2254
5484 4 2 22 30 646 1391 1392 2104
5485 4 2 22 30 1850 130 135 1816
5486 4 2 22 30 4 198 1467 1801
5487 4 2 22 30 2156 2216 1041 2354
5488 4 2 22 30 1925 1927 1972 1973
5489 4 2 22 30 467 2190 2163 2268
5490 4 2 22 30 54 2135 2263 2274
5491 4 2 22 30 1761 1778 1741 2266
5492 4 2 22 30 91 1953 1325 2311
5493 4 2 22 30 130 1401 136 2174
5494 4 2 22 30 2172 2335 2164 2339
5495 4 2 22 30 516 1241 1245 2197
5496 4 2 22 30 436 1102 95 2042
5497 4 2 22 30 508 509 1991 2204
5498 4 2 22 30 1832 2221 1758 2253
5499 4 2 22 30 633 1991 1383 2227
5500 4 2 22 30 1555 206 9 835
5501 4 2 22 30 372 2128 2129 2171
5502 4 2 22 30 1262 538 537 2152
5503 4 2 22 30 972 340 418 2337
5504 4 2 22 30 1471 262 1802 833
5505 4 2 22 30 54 2265 387 2274
5506 4 2 22 30 72 1283 547 2244
5507 4 2 22 30 353 354 1965 2029
5508 4 2 22 30 482 2036 2017 2345
5509 4 2 22 30 1970 2011 1474 2034
5510 4 2 22 30 374 373 1083 2171
5511 4 2 22 30 466 2118 62 2163
5512 4 2 22 30 1259 1276 1249 2243
5513 4 2 22 30 63 526 2113 2198
5514 4 2 22 30 1948 1978 1542 1980
5515 4 2 22 30 1766 785 786 2276
5516 4 2 22 30 388 2135 54 2274
5517 4 2 22 30 1447 1540 772 1494
5518 4 2 22 30 833 629 905 2018
5519 4 2 22 30 608 825 900 2018
5520 4 2 22 30 912 1705 911 830
5521 4 2 22 30 2093 2109 1958 2225
5522 4 2 22 30 2145 2335 1930 2339
5523 4 2 22 30 2084 2154 2150 2340
5524 4 2 22 30 441 58 2267 2338
5525 4 2 22 30 998 1006 1033 2343
5526 4 2 22 30 294 295 1899 2107
5527 4 2 22 30 566 1306 77 2003
5528 4 2 22 30 1572 2003 1931 2149
5529 4 2 22 30 92 2257 444 2347
5530 4 2 22 30 1051 2155 397 2156
5531 4 2 22 30 641 508 1184 2227
5532 4 2 22 30 2031 1998 2172 2335
5533 4 2 22 30 1011 1053 997 2183
5534 4 2 22 30 543 544 2201 2242
5535 4 2 22 30 353 1965 354 2224
5536 4 2 22 30 1837 1862 1884 2081
5537 4 2 22 30 10 1555 1448 1805
5538 4 2 22 30 1721 132 221 656
5539 4 2 22 30 66 2066 2023 2072
5540 4 2 22 30 550 1275 2185 2243
5541 4 2 22 30 819 1524 2307 2349
5542 4 2 22 30 309 2262 930 2265
5543 4 2 22 30 1704 633 1544 2189
5544 4 2 22 30 1551 1968 2070 2074
5545 4 2 22 30 930 386 387 2265
5546 4 2 22 30 2029 2054 2043 2281
5547 4 2 22 30 1509 1946 1539 2059
5548 4 2 22 30 406 2073 405 2211
5549 4 2 22 30 1758 2221 1793 2253
5550 4 2 22 30 1737 2221 1791 2253
5551 4 2 22 30 881 1734 882 2105
5552 4 2 22 30 2150 2243 548 2340
5553 4 2 22 30 439 440 1950 2338
5554 4 2 22 30 1787 2094 809 2158
5555 4 2 22 30 579 1322 85 2240
5556 4 2 22 30 86 1322 583 2240
5557 4 2 22 30 253 1716 106 606
5558 4 2 22 30 131 1724 655 2246
5559 4 2 22 30 1542 1463 1980 2041
5560 4 2 22 30 1832 2253 1758 2286
5561 4 2 22 30 63 1165 469 2268
5562 4 2 22 30 65 2017 481 2035
5563 4 2 22 30 1455 1964 1944 1967
5564 4 2 22 30 839 1456 840 2309
5565 4 2 22 30 76 2105 816 2225
5566 4 2 22 30 81 1830 1825 757
5567 4 2 22 30 1279 1264 1248 2199
5568 4 2 22 30 1566 2080 2082 2344
5569 4 2 22 30 429 430 2054 2110
5570 4 2 22 30 492 2113 1997 2347
5571 4 2 22 30 449 2123 450 2330
5572 4 2 22 30 2050 2255 2045 2337
5573 4 2 22 30 506 1229 2201 2259
5574 4 2 22 30 1542 1924 1969 2303
5575 4 2 22 30 1206 516 65 2035
5576 4 2 22 30 1484 2255 1451 2284
5577 4 2 22 30 87 1328 88 2071
5578 4 2 22 30 94 93 1337 2067
5579 4 2 22 30 422 423 2046 2097
5580 4 2 22 30 2023 59 2113 2347
5581 4 2 22 30 1332 1100 1334 1336
5582 4 2 22 30 457 458 2218 2317
5583 4 2 22 30 113 1364 624 2036
5584 4 2 22 30 1921 643 126 1856
5585 4 2 22 30 105 110 2033 2064
5586 4 2 22 30 1017 998 2217 2343
5587 4 2 22 30 1535 1775 1522 816
5588 4 2 22 30 952 391 392 2025
5589 4 2 22 30 237 31 78 884
5590 4 2 22 30 21 125 219 878
5591 4 2 22 30 186 577 578 2220
5592 4 2 22 30 527 528 2198 2320
5593 4 2 22 30 337 977 1930 2145
5594 4 2 22 30 415 1930 977 2145
5595 4 2 22 30 909 189 190 1954
5596 4 2 22 30 184 891 182 1961
5597 4 2 22 30 1287 899 826 2323
5598 4 2 22 30 2047 2269 56 2313
5599 4 2 22 30 125 21 647 878
5600 4 2 22 30 884 31 78 564
5601 4 2 22 30 362 361 2169 2356
5602 4 2 22 30 1001 2019 2245 2275
5603 4 2 22 30 639 1387 628 2090
5604 4 2 22 30 1549 1524 1444 2349
5605 4 2 22 30 1319 1091 1317 1107
5606 4 2 22 30 1929 1939 1932 2097
5607 4 2 22 30 2056 2154 2153 2329
5608 4 2 22 30 127 1390 644 2261
5609 4 2 22 30 1487 2080 793 2082
5610 4 2 22 30 284 362 932 2356
5611 4 2 22 30 1102 1090 596 2042
5612 4 2 22 30 2170 2263 2135 2274
5613 4 2 22 30 1942 2008 1507 2284
5614 4 2 22 30 858 207 589 2012
5615 4 2 22 30 792 793 1768 2024
5616 4 2 22 30 1483 2081 798 2085
5617 4 2 22 30 1977 2155 2156 2298
5618 4 2 22 30 1789 1788 1736 2248
5619 4 2 22 30 385 2170 2300 2343
5620 4 2 22 30 101 837 2038 2308
5621 4 2 22 30 1488 2080 2124 2125
5622 4 2 22 30 1294 188 1467 1588
5623 4 2 22 30 1108 447 91 2311
5624 4 2 22 30 420 419 1933 2337
5625 4 2 22 30 1944 2004 2151 2154
5626 4 2 22 30 1044 1079 1019 2237
5627 4 2 22 30 651 1806 1811 652
5628 4 2 22 30 1038 2088 378 2089
5629 4 2 22 30 1486 2014 1955 2249
5630 4 2 22 30 470 524 2139 2200
5631 4 2 22 30 1983 1929 2052 2095
5632 4 2 22 30 1944 1945 1511 1971
5633 4 2 22 30 1293 841 842 2042
5634 4 2 22 30 574 1911 1902 573
5635 4 2 22 30 396 397 2136 2156
5636 4 2 22 30 768 767 2045 2286
5637 4 2 22 30 1983 2233 2052 2358
5638 4 2 22 30 290 368 923 2131
5639 4 2 22 30 952 949 391 2025
5640 4 2 22 30 368 290 917 2131
5641 4 2 22 30 1592 2049 2013 2145
5642 4 2 22 30 622 1366 621 2115
5643 4 2 22 30 1941 2151 2150 2346
5644 4 2 22 30 900 1286 824 2332
5645 4 2 22 30 834 1286 905 2333
5646 4 2 22 30 1725 763 1723 2099
5647 4 2 22 30 1299 558 73 1999
5648 4 2 22 30 1305 567 568 2044
5649 4 2 22 30 1929 1985 1996 2097
5650 4 2 22 30 362 284 921 2356
5651 4 2 22 30 1282 1260 529 2320
5652 4 2 22 30 1707 626 627 2327
5653 4 2 22 30 1090 100 596 2039
5654 4 2 22 30 581 90 2021 2292
5655 4 2 22 30 1779 1778 778 2351
5656 4 2 22 30 2114 2149 1931 2236
5657 4 2 22 30 1155 1145 1142 2165
5658 4 2 22 30 849 185 3 827
5659 4 2 22 30 1936 1952 1946 2025
5660 4 2 22 30 366 367 2222 2275
5661 4 2 22 30 1263 2314 2185 2355
5662 4 2 22 30 2032 2283 77 2349
5663 4 2 22 30 129 225 874 1955
5664 4 2 22 30 886 237 78 1960
5665 4 2 22 30 118 910 269 1954
5666 4 2 22 30 1148 1143 1149 2116
5667 4 2 22 30 1944 2002 2154 2223
5668 4 2 22 30 1007 1088 393 2216
5669 4 2 22 30 327 2065 326 2184
5670 4 2 22 30 1199 502 503 2086
5671 4 2 22 30 560 1690 559 2349
5672 4 2 22 30 1730 1731 568 1904
5673 4 2 22 30 1756 810 811 2158
5674 4 2 22 30 574 347 1842 2352
5675 4 2 22 30 2177 407 2285 2306
5676 4 2 22 30 1727 1726 1919 747
5677 4 2 22 30 624 1706 113 2327
5678 4 2 22 30 1566 2124 2080 2344
5679 4 2 22 30 405 2073 404 2211
5680 4 2 22 30 1693 561 73 1444
5681 4 2 22 30 245 1559 823 822
5682 4 2 22 30 1126 443 442 2071
5683 4 2 22 30 421 960 420 2284
5684 4 2 22 30 450 484 2123 2148
5685 4 2 22 30 68 1238 72 2325
5686 4 2 22 30 193 1595 594 2196
5687 4 2 22 30 1690 1689 243 887
5688 4 2 22 30 865 12 193 835
5689 4 2 22 30 827 186 2 850
5690 4 2 22 30 809 1786 808 2094
5691 4 2 22 30 1942 1951 2003 2162
5692 4 2 22 30 2093 2225 2103 2356
5693 4 2 22 30 541 2060 2187 2299
5694 4 2 22 30 1931 2003 1572 2032
5695 4 2 22 30 2049 2145 1592 2146
5696 4 2 22 30 526 1264 1279 2199
5697 4 2 22 30 457 1116 433 2321
5698 4 2 22 30 1492 2051 325 2184
5699 4 2 22 30 563 571 1312 2105
5700 4 2 22 30 1316 575 576 2267
5701 4 2 22 30 1148 459 1152 2218
5702 4 2 22 30 548 2244 2150 2359
5703 4 2 22 30 616 500 1196 2086
5704 4 2 22 30 358 2109 357 2168
5705 4 2 22 30 1489 1952 2069 2324
5706 4 2 22 30 1330 589 588 2270
5707 4 2 22 30 1508 1974 1982 2001
5708 4 2 22 30 2213 2284 2008 2293
5709 4 2 22 30 1766 2276 2231 2319
5710 4 2 22 30 1936 1952 2025 2069
5711 4 2 22 30 296 297 2107 2127
5712 4 2 22 30 491 2021 490 2113
5713 4 2 22 30 1449 1968 1493 2066
5714 4 2 22 30 531 2098 2070 2142
5715 4 2 22 30 188 1950 841 2213
5716 4 2 22 30 534 2120 71 2302
5717 4 2 22 30 914 191 41 829
5718 4 2 22 30 896 181 35 821
5719 4 2 22 30 459 2046 2218 2219
5720 4 2 22 30 1433 1976 682 2241
5721 4 2 22 30 574 2162 347 2352
5722 4 2 22 30 1024 1036 1063 2252
5723 4 2 22 30 1435 1434 1431 1974
5724 4 2 22 30 390 949 953 2280
5725 4 2 22 30 419 2172 1933 2336
5726 4 2 22 30 417 2288 418 2336
5727 4 2 22 30 387 386 1006 2274
5728 4 2 22 30 1493 2072 2066 2074
5729 4 2 22 30 1261 1277 1248 2179
5730 4 2 22 30 2010 1978 2156 2215
5731 4 2 22 30 1057 359 1011 2183
5732 4 2 22 30 1904 568 567 2044
5733 4 2 22 30 103 600 491 2023
5734 4 2 22 30 508 1991 2201 2204
5735 4 2 22 30 1128 2113 63 2139
5736 4 2 22 30 1242 511 1246 2359
5737 4 2 22 30 67 1225 71 2173
5738 4 2 22 30 1829 1908 316 2014
5739 4 2 22 30 507 641 1184 2112
5740 4 2 22 30 427 56 2269 2271
5741 4 2 22 30 887 1689 1691 890
5742 4 2 22 30 1064 1039 1023 2159
5743 4 2 22 30 552 1241 551 2197
5744 4 2 22 30 50 2134 2133 2261
5745 4 2 22 30 1954 2112 1991 2259
5746 4 2 22 30 1725 1495 763 2099
5747 4 2 22 30 1796 1759 1739 2319
5748 4 2 22 30 451 100 2330 2345
5749 4 2 22 30 1144 2164 1154 2165
5750 4 2 22 30 451 450 100 1098
5751 4 2 22 30 1998 2163 2164 2335
5752 4 2 22 30 480 479 2317 2318
5753 4 2 22 30 457 458 1116 2234
5754 4 2 22 30 299 377 946 2126
5755 4 2 22 30 377 299 936 2126
5756 4 2 22 30 120 1702 273 631
5757 4 2 22 30 437 1942 436 2293
5758 4 2 22 30 1443 1969 1948 2239
5759 4 2 22 30 341 419 963 2337
5760 4 2 22 30 1924 2083 2211 2239
5761 4 2 22 30 1731 1916 1730 759
5762 4 2 22 30 806 1755 1781 2195
5763 4 2 22 30 308 2202 930 2262
5764 4 2 22 30 2001 2129 1974 2222
5765 4 2 22 30 570 1312 571 2020
5766 4 2 22 30 367 368 2131 2222
5767 4 2 22 30 916 277 49 2342
5768 4 2 22 30 125 1745 647 2024
5769 4 2 22 30 181 1473 821 2096
5770 4 2 22 30 1304 561 560 2044
5771 4 2 22 30 780 1782 1500 1754
5772 4 2 22 30 602 1344 1346 2308
5773 4 2 22 30 436 1942 437 2008
5774 4 2 22 30 83 1313 82 2162
5775 4 2 22 30 1040 1005 2047 2110
5776 4 2 22 30 2004 2150 1941 2151
5777 4 2 22 30 1199 2005 109 2086
5778 4 2 22 30 1924 1925 1426 1972
5779 4 2 22 30 542 1271 2079 2299
5780 4 2 22 30 497 498 2064 2098
5781 4 2 22 30 54 2135 2133 2263
5782 4 2 22 30 802 801 1506 2107
5783 4 2 22 30 505 2063 1229 2259
5784 4 2 22 30 372 2171 2129 2245
5785 4 2 22 30 434 2294 433 2321
5786 4 2 22 30 1527 2094 291 2258
5787 4 2 22 30 1114 457 433 2321
5788 4 2 22 30 1911 1913 1732 1902
5789 4 2 22 30 1127 477 64 2101
5790 4 2 22 30 953 312 311 2280
5791 4 2 22 30 1467 185 187 1472
5792 4 2 22 30 1156 1157 1141 2203
5793 4 2 22 30 568 1731 1836 1904
5794 4 2 22 30 92 2071 444 2257
5795 4 2 22 30 366 367 2131 2222
5796 4 2 22 30 1474 2034 2011 2191
5797 4 2 22 30 974 2147 331 2210
5798 4 2 22 30 1178 493 103 1203
5799 4 2 22 30 1904 567 351 2044
5800 4 2 22 30 419 341 972 2337
5801 4 2 22 30 1572 1457 2003 2149
5802 4 2 22 30 1255 1247 1252 2186
5803 4 2 22 30 2011 2034 1970 2061
5804 4 2 22 30 346 1942 345 2235
5805 4 2 22 30 376 2089 377 2238
5806 4 2 22 30 372 2129 2128 2130
5807 4 2 22 30 2111 2168 355 2342
5808 4 2 22 30 46 116 628 907
5809 4 2 22 30 562 30 76 883
5810 4 2 22 30 877 129 24 649
5811 4 2 22 30 71 1239 67 2176
5812 4 2 22 30 907 1289 192 268
5813 4 2 22 30 914 267 191 2296
5814 4 2 22 30 134 1908 1829 2014
5815 4 2 22 30 583 1091 91 1321
5816 4 2 22 30 1975 2247 2241 2300
5817 4 2 22 30 184 1470 837 1561
5818 4 2 22 30 1860 311 127 310
5819 4 2 22 30 24 225 129 877
5820 4 2 22 30 907 46 116 268
5821 4 2 22 30 236 76 30 883
5822 4 2 22 30 631 1531 1954 2112
5823 4 2 22 30 97 1699 594 2196
5824 4 2 22 30 1952 2135 2025 2310
5825 4 2 22 30 408 964 407 2177
5826 4 2 22 30 1759 2226 1790 2248
5827 4 2 22 30 401 2175 402 2298
5828 4 2 22 30 849 201 185 2292
5829 4 2 22 30 325 2065 1492 2184
5830 4 2 22 30 66 1203 492 2066
5831 4 2 22 30 1258 546 545 2348
5832 4 2 22 30 1515 2033 1957 2144
5833 4 2 22 30 2087 2241 2170 2300
5834 4 2 22 30 395 2215 394 2216
5835 4 2 22 30 344 1893 343 2050
5836 4 2 22 30 1924 2083 1972 2211
5837 4 2 22 30 1980 2077 1948 2298
5838 4 2 22 30 59 2113 1128 2139
5839 4 2 22 30 1950 2213 439 2338
5840 4 2 22 30 437 2213 2008 2293
5841 4 2 22 30 286 2169 2132 2357
5842 4 2 22 30 1971 2067 1935 2149
5843 4 2 22 30 1503 1526 1460 2134
5844 4 2 22 30 782 2065 783 2248
5845 4 2 22 30 2083 2075 2211 2285
5846 4 2 22 30 833 1802 1471 1499
5847 4 2 22 30 311 312 2232 2280
5848 4 2 22 30 295 2127 2107 2157
5849 4 2 22 30 1768 1530 792 1582
5850 4 2 22 30 1262 2152 1251 2179
5851 4 2 22 30 537 2152 538 2187
5852 4 2 22 30 772 1540 1447 771
5853 4 2 22 30 1233 2063 504 2143
5854 4 2 22 30 1015 2108 1062 2252
5855 4 2 22 30 464 2338 1933 2339
5856 4 2 22 30 639 638 1387 2018
5857 4 2 22 30 103 491 492 2023
5858 4 2 22 30 1246 547 1242 2359
5859 4 2 22 30 1944 2002 1926 2004
5860 4 2 22 30 99 1338 97 2256
5861 4 2 22 30 1327 92 90 2257
5862 4 2 22 30 584 1327 580 2257
5863 4 2 22 30 591 1338 595 2256
5864 4 2 22 30 1365 623 624 2036
5865 4 2 22 30 1765 2105 1747 2182
5866 4 2 22 30 486 487 1194 2287
5867 4 2 22 30 392 1007 393 2216
5868 4 2 22 30 1978 1977 2010 2156
5869 4 2 22 30 510 509 1237 2204
5870 4 2 22 30 1771 766 1772 2020
5871 4 2 22 30 1975 2238 1974 2241
5872 4 2 22 30 899 2018 608 2323
5873 4 2 22 30 1245 1241 552 2197
5874 4 2 22 30 1098 100 1333 596
5875 4 2 22 30 594 1949 593 2345
5876 4 2 22 30 295 296 2127 2128
5877 4 2 22 30 1958 2109 2161 2273
5878 4 2 22 30 1919 1920 1828 651
5879 4 2 22 30 1330 96 589 2012
5880 4 2 22 30 688 2160 2241 2264
5881 4 2 22 30 422 1010 423 2097
5882 4 2 22 30 326 2073 327 2184
5883 4 2 22 30 127 644 1907 2261
5884 4 2 22 30 1835 277 74 2092
5885 4 2 22 30 1544 830 1700 2189
5886 4 2 22 30 1747 2272 1814 2286
5887 4 2 22 30 397 2155 398 2156
5888 4 2 22 30 1592 1533 2049 2289
5889 4 2 22 30 324 2051 323 2254
5890 4 2 22 30 543 544 2242 2348
5891 4 2 22 30 468 1145 1165 2268
5892 4 2 22 30 1297 1518 196 843
5893 4 2 22 30 1928 2074 2239 2320
5894 4 2 22 30 67 2173 71 2176
5895 4 2 22 30 496 495 2070 2117
5896 4 2 22 30 944 370 371 2130
5897 4 2 22 30 681 1983 1929 2328
5898 4 2 22 30 522 2102 472 2200
5899 4 2 22 30 1570 1978 1497 2316
5900 4 2 22 30 520 474 2123 2148
5901 4 2 22 30 458 1152 459 2218
5902 4 2 22 30 11 206 1555 12
5903 4 2 22 30 606 105 2033 2096
5904 4 2 22 30 1993 1941 2060 2062
5905 4 2 22 30 108 1360 109 2086
5906 4 2 22 30 1545 2029 1965 2091
5907 4 2 22 30 1159 2203 1147 2208
5908 4 2 22 30 1585 2201 1991 2204
5909 4 2 22 30 390 1035 1017 2217
5910 4 2 22 30 330 2177 974 2210
5911 4 2 22 30 588 587 434 2294
5912 4 2 22 30 1592 2013 1501 2145
5913 4 2 22 30 631 189 1531 2189
5914 4 2 22 30 1730 756 1732 1902
5915 4 2 22 30 53 49 2091 2342
5916 4 2 22 30 1473 605 1602 2312
5917 4 2 22 30 1854 783 2065 2248
5918 4 2 22 30 763 178 18 871
5919 4 2 22 30 823 182 34 895
5920 4 2 22 30 913 44 189 831
5921 4 2 22 30 1248 1264 1255 2199
5922 4 2 22 30 1091 1317 585 1321
5923 4 2 22 30 1764 788 2022 2276
5924 4 2 22 30 1031 1012 1055 2315
5925 4 2 22 30 1577 2021 90 2292
5926 4 2 22 30 603 1602 604 2312
5927 4 2 22 30 86 1096 1103 2240
5928 4 2 22 30 933 370 292 2130
5929 4 2 22 30 1158 460 1148 2219
5930 4 2 22 30 1998 2164 2172 2335
5931 4 2 22 30 427 996 56 2271
5932 4 2 22 30 1553 1483 798 2085
5933 4 2 22 30 2014 2069 1988 2334
5934 4 2 22 30 2098 2142 531 2302
5935 4 2 22 30 1794 1740 1753 2194
5936 4 2 22 30 1379 627 626 2188
5937 4 2 22 30 331 2210 332 2289
5938 4 2 22 30 34 1470 823 245
5939 4 2 22 30 2142 2239 2074 2320
5940 4 2 22 30 57 2149 2236 2321
5941 4 2 22 30 1945 1963 2084 2154
5942 4 2 22 30 546 2242 545 2348
5943 4 2 22 30 422 2119 2097 2209
5944 4 2 22 30 944 292 370 2130
5945 4 2 22 30 375 918 374 2251
5946 4 2 22 30 1360 108 107 2086
5947 4 2 22 30 1017 1043 391 2217
5948 4 2 22 30 1585 2204 1991 2282
5949 4 2 22 30 1026 1047 1084 2245
5950 4 2 22 30 625 1544 1709 1445
5951 4 2 22 30 2019 1001 2252 2275
5952 4 2 22 30 65 2197 2101 2278
5953 4 2 22 30 296 918 297 2251
5954 4 2 22 30 1920 1727 747 1850
5955 4 2 22 30 462 2209 463 2293
5956 4 2 22 30 1043 2216 392 2217
5957 4 2 22 30 293 1865 1901 2195
5958 4 2 22 30 2052 2168 1996 2183
5959 4 2 22 30 1316 578 1314 2178
5960 4 2 22 30 776 1532 777 2289
5961 4 2 22 30 1000 1022 2159 2277
5962 4 2 22 30 1912 570 571 1823
5963 4 2 22 30 819 1690 1444 2349
5964 4 2 22 30 1017 2217 1006 2343
5965 4 2 22 30 1298 556 1301 2322
5966 4 2 22 30 1233 540 2063 2143
5967 4 2 22 30 606 107 1957 2086
5968 4 2 22 30 582 1325 89 1953
5969 4 2 22 30 470 2102 524 2200
5970 4 2 22 30 354 2029 991 2091
5971 4 2 22 30 1980 2156 2077 2298
5972 4 2 22 30 585 1108 91 2311
5973 4 2 22 30 783 784 1757 2319
5974 4 2 22 30 345 1843 344 2162
5975 4 2 22 30 745 643 1918 1849
5976 4 2 22 30 692 1474 1970 2011
5977 4 2 22 30 1818 1870 1894 2050
5978 4 2 22 30 1282 529 70 2320
5979 4 2 22 30 1397 657 653 2232
5980 4 2 22 30 655 1399 659 2334
5981 4 2 22 30 539 2143 538 2187
5982 4 2 22 30 179 28 27 1599
5983 4 2 22 30 1110 60 99 2017
5984 4 2 22 30 539 538 2152 2187
5985 4 2 22 30 817 76 2225 2322
5986 4 2 22 30 1066 1072 1014 2121
5987 4 2 22 30 1221 2070 493 2074
5988 4 2 22 30 262 1471 1516 833
5989 4 2 22 30 1044 1085 2057 2275
5990 4 2 22 30 1941 1944 1926 2004
5991 4 2 22 30 474 473 1156 2203
5992 4 2 22 30 837 101 2038 2323
5993 4 2 22 30 781 780 2065 2212
5994 4 2 22 30 108 2005 1957 2086
5995 4 2 22 30 658 1855 1726 1727
5996 4 2 22 30 589 1951 1331 2270
5997 4 2 22 30 1531 632 1991 2112
5998 4 2 22 30 2100 2239 2142 2320
5999 4 2 22 30 411 2083 2146 2147
6000 4 2 22 30 1932 1939 1926 1940
6001 4 2 22 30 1126 466 467 2190
6002 4 2 22 30 1354 611 610 2018
6003 4 2 22 30 1543 846 845 2326
6004 4 2 22 30 895 1719 254 894
6005 4 2 22 30 1493 1928 1923 1938
6006 4 2 22 30 1592 1501 1995 2145
6007 4 2 22 30 776 1590 777 1532
6008 4 2 22 30 112 107 1362 2086
6009 4 2 22 30 1923 2147 2083 2239
6010 4 2 22 30 1939 2097 2031 2119
6011 4 2 22 30 1136 449 448 2123
6012 4 2 22 30 513 1994 512 2340
6013 4 2 22 30 1318 443 584 1093
6014 4 2 22 30 49 1999 277 2092
6015 4 2 22 30 558 73 1567 1444
6016 4 2 22 30 1700 1705 1703 2189
6017 4 2 22 30 572 1309 1821 2105
6018 4 2 22 30 475 1149 2116 2203
6019 4 2 22 30 342 343 2050 2284
6020 4 2 22 30 520 2148 519 2193
6021 4 2 22 30 1862 2107 801 2266
6022 4 2 22 30 1216 482 481 2166
6023 4 2 22 30 1205 110 1172 498
6024 4 2 22 30 2007 2171 2075 2245
6025 4 2 22 30 1531 189 631 1954
6026 4 2 22 30 1141 1148 2116 2219
6027 4 2 22 30 1974 2238 1989 2241
6028 4 2 22 30 2046 2209 459 2234
6029 4 2 22 30 1349 1180 102 610
6030 4 2 22 30 1975 2089 2007 2238
6031 4 2 22 30 1062 2108 412 2252
6032 4 2 22 30 11 205 1555 206
6033 4 2 22 30 101 102 2038 2323
6034 4 2 22 30 1816 660 749 1829
6035 4 2 22 30 494 1968 493 2070
6036 4 2 22 30 91 1095 583 2240
6037 4 2 22 30 380 379 2088 2247
6038 4 2 22 30 1075 418 1068 2288
6039 4 2 22 30 2168 2341 355 2342
6040 4 2 22 30 510 1237 1238 2325
6041 4 2 22 30 309 930 387 2265
6042 4 2 22 30 285 284 2356 2357
6043 4 2 22 30 1977 1978 1924 2298
6044 4 2 22 30 623 2296 1708 2327
6045 4 2 22 30 1776 811 1528 1529
6046 4 2 22 30 1001 1047 1026 2245
6047 4 2 22 30 380 2125 379 2247
6048 4 2 22 30 1551 1493 1968 2074
6049 4 2 22 30 1791 2194 1820 2221
6050 4 2 22 30 2010 2167 1978 2215
6051 4 2 22 30 1830 567 1732 757
6052 4 2 22 30 1702 913 273 2189
6053 4 2 22 30 184 33 1470 1571
6054 4 2 22 30 1782 2212 781 2248
6055 4 2 22 30 1100 1332 1099 1336
6056 4 2 22 30 1535 1480 1775 1742
6057 4 2 22 30 1251 2120 534 2179
6058 4 2 22 30 1187 497 110 615
6059 4 2 22 30 1704 1700 1544 626
6060 4 2 22 30 61 2236 1931 2321
6061 4 2 22 30 623 2115 622 2296
6062 4 2 22 30 420 342 963 2284
6063 4 2 22 30 1898 304 305 2082
6064 4 2 22 30 1572 2043 2032 2283
6065 4 2 22 30 467 468 1125 2190
6066 4 2 22 30 387 915 309 2265
6067 4 2 22 30 773 1597 774 2049
6068 4 2 22 30 1817 2022 1746 2024
6069 4 2 22 30 471 2102 470 2200
6070 4 2 22 30 1012 384 383 2343
6071 4 2 22 30 638 637 1388 2018
6072 4 2 22 30 766 765 1562 2050
6073 4 2 22 30 1877 2205 1832 2221
6074 4 2 22 30 1277 2053 1248 2179
6075 4 2 22 30 816 815 2103 2225
6076 4 2 22 30 352 2044 351 2281
6077 4 2 22 30 1253 1257 1269 2314
6078 4 2 22 30 2134 2261 50 2262
6079 4 2 22 30 462 1120 438 2293
6080 4 2 22 30 1855 313 658 2232
6081 4 2 22 30 478 1140 2056 2141
6082 4 2 22 30 1543 1468 844 1518
6083 4 2 22 30 71 2120 2191 2302
6084 4 2 22 30 406 2211 405 2306
6085 4 2 22 30 1154 463 1147 2208
6086 4 2 22 30 571 1909 1812 572
6087 4 2 22 30 577 1564 186 2178
6088 4 2 22 30 960 342 420 2284
6089 4 2 22 30 1231 509 508 2204
6090 4 2 22 30 1332 1099 1336 597
6091 4 2 22 30 1147 462 1159 2208
6092 4 2 22 30 85 2042 841 2240
6093 4 2 22 30 598 1104 100 1333
6094 4 2 22 30 1315 88 577 2267
6095 4 2 22 30 1044 2057 363 2122
6096 4 2 22 30 1024 2285 1078 2306
6097 4 2 22 30 516 2197 65 2278
6098 4 2 22 30 1972 1977 1924 2068
6099 4 2 22 30 1919 1726 752 1728
6100 4 2 22 30 478 2141 2056 2329
6101 4 2 22 30 1750 1582 1745 791
6102 4 2 22 30 1160 1161 1143 2317
6103 4 2 22 30 1276 549 548 2243
6104 4 2 22 30 114 482 481 1171
6105 4 2 22 30 68 2180 2282 2325
6106 4 2 22 30 391 949 390 2025
6107 4 2 22 30 455 595 1100 1336
6108 4 2 22 30 1397 128 127 2028
6109 4 2 22 30 2097 2110 1985 2183
6110 4 2 22 30 423 1942 2046 2235
6111 4 2 22 30 409 2147 974 2177
6112 4 2 22 30 2014 2174 1955 2249
6113 4 2 22 30 401 402 2076 2298
6114 4 2 22 30 1919 1727 747 1920
6115 4 2 22 30 1047 1025 1082 2245
6116 4 2 22 30 538 1262 1273 2152
6117 4 2 22 30 751 1727 1919 1920
6118 4 2 22 30 1254 1249 1265 2355
6119 4 2 22 30 517 2153 1285 2185
6120 4 2 22 30 1984 2000 2168 2233
6121 4 2 22 30 1583 605 105 2064
6122 4 2 22 30 1470 34 250 245
6123 4 2 22 30 170 310 745 1907
6124 4 2 22 30 376 377 2126 2238
6125 4 2 22 30 567 81 176 757
6126 4 2 22 30 172 134 659 749
6127 4 2 22 30 135 1850 1917 650
6128 4 2 22 30 1769 1768 793 2024
6129 4 2 22 30 1021 1032 1003 2277
6130 4 2 22 30 464 440 1117 2338
6131 4 2 22 30 549 1259 550 2243
6132 4 2 22 30 1541 765 764 1960
6133 4 2 22 30 1592 1995 1938 2118
6134 4 2 22 30 1384 640 641 2112
6135 4 2 22 30 398 2077 2156 2298
6136 4 2 22 30 2051 2078 786 2276
6137 4 2 22 30 61 2234 457 2321
6138 4 2 22 30 688 2241 1503 2264
6139 4 2 22 30 2037 1963 2150 2180
6140 4 2 22 30 437 1102 436 2042
6141 4 2 22 30 560 1444 1689 1690
6142 4 2 22 30 565 79 1308 2162
6143 4 2 22 30 1791 773 774 2221
6144 4 2 22 30 806 1465 807 1527
6145 4 2 22 30 1045 374 1083 2171
6146 4 2 22 30 643 745 1839 1849
6147 4 2 22 30 1761 1760 1778 2351
6148 4 2 22 30 1470 34 33 250
6149 4 2 22 30 356 357 2168 2183
6150 4 2 22 30 1250 1285 552 2185
6151 4 2 22 30 780 1500 1552 1754
6152 4 2 22 30 1525 829 1471 1516
6153 4 2 22 30 438 1121 462 2293
6154 4 2 22 30 1231 544 545 2204
6155 4 2 22 30 1933 2255 1950 2284
6156 4 2 22 30 2031 2083 1998 2335
6157 4 2 22 30 844 2250 98 2330
6158 4 2 22 30 82 1813 1843 570
6159 4 2 22 30 1943 2010 2059 2167
6160 4 2 22 30 1963 2150 2084 2154
6161 4 2 22 30 351 350 994 2281
6162 4 2 22 30 300 942 2125 2126
6163 4 2 22 30 10 1555 9 1448
6164 4 2 22 30 428 2047 1005 2110
6165 4 2 22 30 589 590 1951 2012
6166 4 2 22 30 1252 1273 1262 2152
6167 4 2 22 30 1380 625 634 2295
6168 4 2 22 30 632 633 1531 1991
6169 4 2 22 30 1259 2243 1249 2355
6170 4 2 22 30 488 487 2102 2214
6171 4 2 22 30 320 2078 319 2249
6172 4 2 22 30 1899 294 2107 2157
6173 4 2 22 30 2126 2127 298 2251
6174 4 2 22 30 1152 1153 1143 2317
6175 4 2 22 30 844 194 1295 1518
6176 4 2 22 30 1437 1428 1433 2059
6177 4 2 22 30 353 1965 352 2029
6178 4 2 22 30 414 2145 413 2335
6179 4 2 22 30 829 914 191 2296
6180 4 2 22 30 1041 998 1051 2354
6181 4 2 22 30 2129 2130 369 2131
6182 4 2 22 30 1144 2165 1145 2268
6183 4 2 22 30 1431 1929 1435 1974
6184 4 2 22 30 217 1743 876 1735
6185 4 2 22 30 882 1734 230 1742
6186 4 2 22 30 1744 1734 230 881
6187 4 2 22 30 1745 1735 217 875
6188 4 2 22 30 1993 2061 1934 2062
6189 4 2 22 30 1990 1940 2016 2186
6190 4 2 22 30 947 2202 307 2344
6191 4 2 22 30 1944 2004 1941 2151
6192 4 2 22 30 384 383 2300 2344
6193 4 2 22 30 356 355 2111 2168
6194 4 2 22 30 1951 1960 1507 2003
6195 4 2 22 30 1443 1477 1948 1969
6196 4 2 22 30 375 374 2238 2251
6197 4 2 22 30 1002 2097 2119 2237
6198 4 2 22 30 546 1238 1237 2325
6199 4 2 22 30 389 2135 2217 2310
6200 4 2 22 30 1452 2258 2132 2357
6201 4 2 22 30 511 1204 68 2228
6202 4 2 22 30 450 2115 2148 2330
6203 4 2 22 30 868 791 219 2009
6204 4 2 22 30 1399 1988 654 2232
6205 4 2 22 30 1541 1507 1451 1960
6206 4 2 22 30 1767 813 1747 2272
6207 4 2 22 30 61 2048 2234 2313
6208 4 2 22 30 441 1115 465 2339
6209 4 2 22 30 464 1115 440 2338
6210 4 2 22 30 278 279 2161 2341
6211 4 2 22 30 843 2008 96 2207
6212 4 2 22 30 105 605 1583 2096
6213 4 2 22 30 1438 1576 1952 2059
6214 4 2 22 30 1496 1988 131 2014
6215 4 2 22 30 1458 1474 2011 2191
6216 4 2 22 30 2152 2179 1252 2186
6217 4 2 22 30 539 2152 1273 2299
6218 4 2 22 30 1826 2231 1819 2276
6219 4 2 22 30 2019 2245 2075 2252
6220 4 2 22 30 1964 1985 2054 2358
6221 4 2 22 30 2100 1928 2239 2320
6222 4 2 22 30 312 2025 2232 2280
6223 4 2 22 30 187 846 1467 1543
6224 4 2 22 30 1732 567 1830 1904
6225 4 2 22 30 1745 1582 792 791
6226 4 2 22 30 375 2089 376 2238
6227 4 2 22 30 527 2198 526 2199
6228 4 2 22 30 528 70 1218 1997
6229 4 2 22 30 631 1531 632 2189
6230 4 2 22 30 583 1323 91 2240
6231 4 2 22 30 1704 632 633 2189
6232 4 2 22 30 1105 100 1090 2039
6233 4 2 22 30 343 421 969 2284
6234 4 2 22 30 380 2088 1060 2315
6235 4 2 22 30 1468 1543 844 1949
6236 4 2 22 30 1289 268 907 2090
6237 4 2 22 30 278 356 940 2341
6238 4 2 22 30 494 493 1968 2350
6239 4 2 22 30 1732 757 1911 1902
6240 4 2 22 30 1021 1039 1067 2277
6241 4 2 22 30 1829 660 134 2174
6242 4 2 22 30 536 2120 2152 2187
6243 4 2 22 30 1697 866 864 1696
6244 4 2 22 30 541 1229 2063 2201
6245 4 2 22 30 1451 2255 2050 2284
6246 4 2 22 30 1719 1714 895 254
6247 4 2 22 30 660 749 1850 1816
6248 4 2 22 30 658 2232 313 2334
6249 4 2 22 30 1443 1948 1947 2239
6250 4 2 22 30 1817 2024 1746 2231
6251 4 2 22 30 415 416 1930 2335
6252 4 2 22 30 193 594 1595 1949
6253 4 2 22 30 173 74 569 753
6254 4 2 22 30 1702 273 631 2189
6255 4 2 22 30 1585 1991 2201 2259
6256 4 2 22 30 1102 436 95 1097
6257 4 2 22 30 692 2011 1970 2062
6258 4 2 22 30 1434 682 1431 2241
6259 4 2 22 30 421 343 960 2284
6260 4 2 22 30 329 2027 2184 2210
6261 4 2 22 30 929 356 278 2341
6262 4 2 22 30 1069 1038 1020 2277
6263 4 2 22 30 4 3 185 1467
6264 4 2 22 30 745 169 127 657
6265 4 2 22 30 1483 2085 1488 2125
6266 4 2 22 30 577 2178 1316 2267
6267 4 2 22 30 827 849 185 2292
6268 4 2 22 30 845 1293 1467 1518
6269 4 2 22 30 617 1364 114 2036
6270 4 2 22 30 658 1399 654 2232
6271 4 2 22 30 1923 2145 2118 2335
6272 4 2 22 30 399 2155 400 2298
6273 4 2 22 30 1257 522 1269 2314
6274 4 2 22 30 1971 2149 2114 2236
6275 4 2 22 30 1049 413 2108 2121
6276 4 2 22 30 73 558 1693 1444
6277 4 2 22 30 1929 1932 1985 2097
6278 4 2 22 30 571 572 1821 2105
6279 4 2 22 30 1276 1249 2243 2348
6280 4 2 22 30 839 1290 1499 1517
6281 4 2 22 30 358 2168 357 2183
6282 4 2 22 30 1931 2236 2149 2321
6283 4 2 22 30 1573 2035 113 2036
6284 4 2 22 30 389 2217 2135 2274
6285 4 2 22 30 388 2133 2135 2280
6286 4 2 22 30 1848 749 659 2334
6287 4 2 22 30 468 1997 63 2347
6288 4 2 22 30 1594 792 1582 791
6289 4 2 22 30 623 1367 622 2115
6290 4 2 22 30 823 1717 1559 2230
6291 4 2 22 30 1595 1949 2017 2035
6292 4 2 22 30 297 2081 2107 2127
6293 4 2 22 30 435 95 1101 588
6294 4 2 22 30 465 1113 441 2339
6295 4 2 22 30 465 2164 62 2339
6296 4 2 22 30 1159 461 1158 2219
6297 4 2 22 30 1306 2003 574 2352
6298 4 2 22 30 846 1543 187 1953
6299 4 2 22 30 1754 2212 1782 2266
6300 4 2 22 30 1948 1924 1978 2298
6301 4 2 22 30 462 2208 463 2209
6302 4 2 22 30 685 1926 1944 1964
6303 4 2 22 30 1528 811 1776 1756
6304 4 2 22 30 971 347 425 2235
6305 4 2 22 30 92 59 2021 2072
6306 4 2 22 30 837 184 1561 1961
6307 4 2 22 30 832 906 1287 2090
6308 4 2 22 30 480 2141 479 2318
6309 4 2 22 30 896 1715 893 256
6310 4 2 22 30 189 631 273 2189
6311 4 2 22 30 378 2089 2088 2247
6312 4 2 22 30 1842 574 1902 573
6313 4 2 22 30 59 2072 92 2347
6314 4 2 22 30 827 197 1564 1467
6315 4 2 22 30 1710 1712 581 2292
6316 4 2 22 30 60 453 1127 2101
6317 4 2 22 30 1865 2157 1899 2195
6318 4 2 22 30 1840 1889 1888 2027
6319 4 2 22 30 459 2218 2046 2234
6320 4 2 22 30 1923 1947 2147 2239
6321 4 2 22 30 900 608 2018 2332
6322 4 2 22 30 629 905 2018 2333
6323 4 2 22 30 1006 2217 1035 2274
6324 4 2 22 30 1250 551 1275 2185
6325 4 2 22 30 1814 1747 2020 2182
6326 4 2 22 30 483 484 618 2115
6327 4 2 22 30 916 53 355 2342
6328 4 2 22 30 321 2077 322 2254
6329 4 2 22 30 307 2202 2104 2344
6330 4 2 22 30 1518 1587 196 843
6331 4 2 22 30 2109 2161 279 2341
6332 4 2 22 30 1884 297 2081 2107
6333 4 2 22 30 845 1293 1292 2039
6334 4 2 22 30 1392 1391 643 2104
6335 4 2 22 30 1738 2272 1763 2286
6336 4 2 22 30 1747 2182 1814 2272
6337 4 2 22 30 655 1724 1722 2246
6338 4 2 22 30 1735 1746 2022 2024
6339 4 2 22 30 1545 1966 2029 2091
6340 4 2 22 30 1100 1334 595 456
6341 4 2 22 30 749 314 171 1829
6342 4 2 22 30 347 980 425 2235
6343 4 2 22 30 692 1970 2060 2062
6344 4 2 22 30 1924 1972 2068 2211
6345 4 2 22 30 836 1804 194 2250
6346 4 2 22 30 1731 569 1836 1733
6347 4 2 22 30 930 2202 386 2265
6348 4 2 22 30 1036 1062 411 2252
6349 4 2 22 30 292 1901 1844 2195
6350 4 2 22 30 79 1313 83 2162
6351 4 2 22 30 559 1690 1694 2349
6352 4 2 22 30 1715 605 1718 2312
6353 4 2 22 30 189 1531 1471 1517
6354 4 2 22 30 92 1324 90 2021
6355 4 2 22 30 809 1575 1528 1465
6356 4 2 22 30 72 2244 547 2359
6357 4 2 22 30 1210 522 1213 2102
6358 4 2 22 30 443 584 92 1318
6359 4 2 22 30 2004 2006 1941 2150
6360 4 2 22 30 384 2300 383 2343
6361 4 2 22 30 618 1182 619 484
6362 4 2 22 30 1746 787 1764 2276
6363 4 2 22 30 1022 1038 2089 2277
6364 4 2 22 30 503 2086 502 2309
6365 4 2 22 30 591 93 1502 2256
6366 4 2 22 30 1537 93 590 1951
6367 4 2 22 30 1565 2014 1486 2249
6368 4 2 22 30 1350 1178 600 1192
6369 4 2 22 30 1775 1522 1480 1535
6370 4 2 22 30 375 374 2171 2238
6371 4 2 22 30 1925 1929 1973 2031
6372 4 2 22 30 2147 2177 409 2285
6373 4 2 22 30 504 2005 503 2309
6374 4 2 22 30 1037 417 416 2288
6375 4 2 22 30 549 1276 1259 2243
6376 4 2 22 30 992 2043 349 2271
6377 4 2 22 30 56 996 52 2271
6378 4 2 22 30 1910 553 1824 554
6379 4 2 22 30 526 525 1264 2199
6380 4 2 22 30 1161 2181 1143 2317
6381 4 2 22 30 789 2022 788 2078
6382 4 2 22 30 1883 1869 336 2013
6383 4 2 22 30 1948 2073 1947 2239
6384 4 2 22 30 208 207 858 2012
6385 4 2 22 30 426 2046 2047 2313
6386 4 2 22 30 1265 1249 1278 2348
6387 4 2 22 30 122 505 1185 2112
6388 4 2 22 30 1977 2068 2155 2298
6389 4 2 22 30 1317 1318 1093 1094
6390 4 2 22 30 444 1125 468 2347
6391 4 2 22 30 600 1346 599 2229
6392 4 2 22 30 1576 1438 2167 2316
6393 4 2 22 30 2135 2280 2025 2310
6394 4 2 22 30 284 1871 2182 2357
6395 4 2 22 30 411 2083 2147 2252
6396 4 2 22 30 1837 1788 2248 2266
6397 4 2 22 30 1881 1873 334 2049
6398 4 2 22 30 2061 2144 2120 2176
6399 4 2 22 30 1559 603 1717 2312
6400 4 2 22 30 816 2182 815 2225
6401 4 2 22 30 844 1949 1543 2330
6402 4 2 22 30 1883 337 1877 2013
6403 4 2 22 30 1736 1757 1759 2248
6404 4 2 22 30 588 1101 434 587
6405 4 2 22 30 785 2276 1766 2319
6406 4 2 22 30 1023 2159 1004 2306
6407 4 2 22 30 312 949 2025 2280
6408 4 2 22 30 2185 2243 1259 2355
6409 4 2 22 30 92 2072 90 2257
6410 4 2 22 30 2077 2136 398 2156
6411 4 2 22 30 1841 2195 1899 2266
6412 4 2 22 30 277 929 278 2341
6413 4 2 22 30 1844 1896 291 2195
6414 4 2 22 30 92 2021 90 2072
6415 4 2 22 30 1592 2146 1482 2289
6416 4 2 22 30 192 838 1516 1561
6417 4 2 22 30 1073 2089 375 2171
6418 4 2 22 30 1850 1920 1727 1729
6419 4 2 22 30 1925 1927 1426 1972
6420 4 2 22 30 1875 1854 326 2065
6421 4 2 22 30 1834 2022 130 2078
6422 4 2 22 30 896 1716 1715 256
6423 4 2 22 30 1274 532 1261 2179
6424 4 2 22 30 627 2188 1379 2279
6425 4 2 22 30 436 435 1942 2270
6426 4 2 22 30 563 1311 571 2105
6427 4 2 22 30 1204 510 68 2228
6428 4 2 22 30 1564 186 2 827
6429 4 2 22 30 1235 2143 501 2144
6430 4 2 22 30 685 1944 1926 2151
6431 4 2 22 30 628 1385 639 2090
6432 4 2 22 30 196 1805 836 2207
6433 4 2 22 30 187 1801 828 2206
6434 4 2 22 30 1509 1946 2059 2160
6435 4 2 22 30 322 2078 2051 2276
6436 4 2 22 30 339 2205 338 2255
6437 4 2 22 30 1542 1978 1924 2303
6438 4 2 22 30 1242 548 2340 2359
6439 4 2 22 30 1541 1562 765 2050
6440 4 2 22 30 1270 1255 1264 2199
6441 4 2 22 30 419 1933 2172 2209
6442 4 2 22 30 133 136 1401 2174
6443 4 2 22 30 850 851 849 2220
6444 4 2 22 30 475 2116 1149 2181
6445 4 2 22 30 757 175 1825 1842
6446 4 2 22 30 102 1191 2038 2090
6447 4 2 22 30 779 1779 778 2212
6448 4 2 22 30 1973 2007 2055 2129
6449 4 2 22 30 109 1353 108 2005
6450 4 2 22 30 122 118 1386 2005
6451 4 2 22 30 482 2148 452 2166
6452 4 2 22 30 831 830 1471 2189
6453 4 2 22 30 427 2271 2269 2281
6454 4 2 22 30 419 418 2336 2337
6455 4 2 22 30 1836 569 1903 1733
6456 4 2 22 30 582 201 849 1710
6457 4 2 22 30 493 1968 2066 2074
6458 4 2 22 30 1342 100 98 2039
6459 4 2 22 30 1907 644 1839 2261
6460 4 2 22 30 103 1203 493 2066
6461 4 2 22 30 598 593 1339 2345
6462 4 2 22 30 998 1033 1052 2343
6463 4 2 22 30 938 383 384 2344
6464 4 2 22 30 470 2165 1155 2200
6465 4 2 22 30 310 170 745 1860
6466 4 2 22 30 1492 2051 2184 2254
6467 4 2 22 30 340 341 2045 2337
6468 4 2 22 30 119 1389 123 2112
6469 4 2 22 30 1265 1249 2348 2355
6470 4 2 22 30 1542 1978 1570 2041
6471 4 2 22 30 779 780 1552 1754
6472 4 2 22 30 1099 1110 99 597
6473 4 2 22 30 1063 1077 1024 2285
6474 4 2 22 30 1734 2020 1747 2105
6475 4 2 22 30 842 1292 1293 2042
6476 4 2 22 30 1254 2079 1271 2299
6477 4 2 22 30 633 632 1531 2189
6478 4 2 22 30 1941 2062 1430 2151
6479 4 2 22 30 1563 185 1467 1472
6480 4 2 22 30 1525 41 829 1516
6481 4 2 22 30 532 533 2098 2302
6482 4 2 22 30 429 2269 2054 2281
6483 4 2 22 30 80 79 565 241
6484 4 2 22 30 657 1728 1726 1859
6485 4 2 22 30 561 1444 560 1549
6486 4 2 22 30 1024 1077 1078 2285
6487 4 2 22 30 1448 1555 1518 1805
6488 4 2 22 30 2174 2249 2014 2297
6489 4 2 22 30 1273 2152 1252 2299
6490 4 2 22 30 181 606 1558 2096
6491 4 2 22 30 444 468 1124 2347
6492 4 2 22 30 886 78 79 1960
6493 4 2 22 30 118 119 910 1954
6494 4 2 22 30 129 874 133 1955
6495 4 2 22 30 208 858 96 2012
6496 4 2 22 30 349 2043 2032 2271
6497 4 2 22 30 568 1904 352 2044
6498 4 2 22 30 2068 2211 2175 2298
6499 4 2 22 30 1939 1940 1932 2015
6500 4 2 22 30 1941 2006 2060 2346
6501 4 2 22 30 1997 2198 528 2320
6502 4 2 22 30 1976 2241 2160 2264
6503 4 2 22 30 1542 1948 1924 1978
6504 4 2 22 30 474 475 1133 2148
6505 4 2 22 30 66 1997 1928 2072
6506 4 2 22 30 838 268 1289 2090
6507 4 2 22 30 508 2112 1991 2227
6508 4 2 22 30 1141 2116 1149 2203
6509 4 2 22 30 1886 1879 340 2045
6510 4 2 22 30 685 693 694 1964
6511 4 2 22 30 1883 1877 1832 2221
6512 4 2 22 30 774 1753 1791 2194
6513 4 2 22 30 1950 440 2178 2267
6514 4 2 22 30 1934 1990 2011 2061
6515 4 2 22 30 1855 312 313 2232
6516 4 2 22 30 1888 331 1874 2027
6517 4 2 22 30 116 907 268 2090
6518 4 2 22 30 1563 185 3 1467
6519 4 2 22 30 1923 2083 2163 2239
6520 4 2 22 30 1894 1870 342 2050
6521 4 2 22 30 95 1343 96 2042
6522 4 2 22 30 51 316 2014 2297
6523 4 2 22 30 59 445 1112 2021
6524 4 2 22 30 462 1147 463 2208
6525 4 2 22 30 548 2243 2150 2244
6526 4 2 22 30 1018 2119 1061 2288
6527 4 2 22 30 284 285 1871 2357
6528 4 2 22 30 335 1869 1881 2049
6529 4 2 22 30 1551 2098 2070 2117
6530 4 2 22 30 1998 2083 2163 2335
6531 4 2 22 30 829 1701 914 2296
6532 4 2 22 30 123 1382 119 2112
6533 4 2 22 30 1525 1573 1476 2327
6534 4 2 22 30 459 2209 2046 2219
6535 4 2 22 30 503 502 2143 2309
6536 4 2 22 30 786 2051 1560 2078
6537 4 2 22 30 475 2148 474 2193
6538 4 2 22 30 558 1567 1999 2290
6539 4 2 22 30 318 319 1955 2249
6540 4 2 22 30 90 1563 1577 2292
6541 4 2 22 30 220 871 178 2099
6542 4 2 22 30 2038 2229 2021 2311
6543 4 2 22 30 557 1301 556 2290
6544 4 2 22 30 572 562 1309 2105
6545 4 2 22 30 645 220 646 2138
6546 4 2 22 30 590 587 1331 2294
6547 4 2 22 30 522 472 2193 2200
6548 4 2 22 30 2086 2143 502 2309
6549 4 2 22 30 85 841 2042 2213
6550 4 2 22 30 1740 2195 2194 2351
6551 4 2 22 30 194 209 1949 2330
6552 4 2 22 30 2129 2130 372 2245
6553 4 2 22 30 1060 2088 1020 2315
6554 4 2 22 30 1573 2115 623 2296
6555 4 2 22 30 1146 2165 1142 2208
6556 4 2 22 30 1061 2119 419 2288
6557 4 2 22 30 1066 416 2121 2288
6558 4 2 22 30 3 197 827 1467
6559 4 2 22 30 950 314 2025 2069
6560 4 2 22 30 2281 2283 2044 2305
6561 4 2 22 30 692 691 2011 2062
6562 4 2 22 30 1220 496 2070 2098
6563 4 2 22 30 382 1055 383 2315
6564 4 2 22 30 354 1965 2091 2092
6565 4 2 22 30 65 2101 2017 2278
6566 4 2 22 30 1094 585 1317 586
6567 4 2 22 30 1317 1093 575 1107
6568 4 2 22 30 499 2144 2033 2176
6569 4 2 22 30 1838 1882 1863 2212
6570 4 2 22 30 455 2141 2067 2260
6571 4 2 22 30 1337 2067 93 2256
6572 4 2 22 30 88 2071 1328 2257
6573 4 2 22 30 68 2282 2180 2301
6574 4 2 22 30 1350 103 1188 613
6575 4 2 22 30 1544 626 1707 2327
6576 4 2 22 30 329 2177 330 2210
6577 4 2 22 30 1729 1920 1727 750
6578 4 2 22 30 466 2163 62 2164
6579 4 2 22 30 1923 2163 1928 2239
6580 4 2 22 30 1366 1363 621 2287
6581 4 2 22 30 1747 2105 2020 2182
6582 4 2 22 30 655 131 1988 2334
6583 4 2 22 30 476 477 2166 2181
6584 4 2 22 30 784 2051 785 2319
6585 4 2 22 30 2153 2154 69 2185
6586 4 2 22 30 1041 2217 998 2354
6587 4 2 22 30 2031 2108 2083 2335
6588 4 2 22 30 1701 1708 622 2296
6589 4 2 22 30 2017 2101 60 2278
6590 4 2 22 30 1774 1490 1580 789
6591 4 2 22 30 341 1870 1886 2045
6592 4 2 22 30 450 100 1105 2330
6593 4 2 22 30 1979 2242 2106 2346
6594 4 2 22 30 298 936 2126 2251
6595 4 2 22 30 496 2098 2064 2117
6596 4 2 22 30 1544 1707 1700 2327
6597 4 2 22 30 818 1444 180 1535
6598 4 2 22 30 189 273 913 2189
6599 4 2 22 30 492 2072 2023 2347
6600 4 2 22 30 1496 131 655 1581
6601 4 2 22 30 324 323 2076 2254
6602 4 2 22 30 783 2248 1854 2319
6603 4 2 22 30 1034 2110 1008 2111
6604 4 2 22 30 832 907 628 2090
6605 4 2 22 30 1946 1509 2263 2264
6606 4 2 22 30 115 1385 116 2090
6607 4 2 22 30 555 554 279 2273
6608 4 2 22 30 561 2044 1304 2224
6609 4 2 22 30 365 2057 366 2222
6610 4 2 22 30 1573 1476 113 2035
6611 4 2 22 30 464 2172 1933 2209
6612 4 2 22 30 484 485 2115 2123
6613 4 2 22 30 365 2057 1085 2275
6614 4 2 22 30 684 2011 691 2062
6615 4 2 22 30 359 358 1011 2183
6616 4 2 22 30 1435 1974 1929 1983
6617 4 2 22 30 2242 2244 546 2325
6618 4 2 22 30 2126 2238 377 2247
6619 4 2 22 30 277 74 1999 2161
6620 4 2 22 30 1738 1758 2253 2286
6621 4 2 22 30 1488 2085 2080 2125
6622 4 2 22 30 1481 1958 2093 2109
6623 4 2 22 30 492 1997 2072 2347
6624 4 2 22 30 472 2102 471 2200
6625 4 2 22 30 1861 1731 1733 1916
6626 4 2 22 30 825 1470 1798 1557
6627 4 2 22 30 441 58 2338 2339
6628 4 2 22 30 1973 1974 2007 2129
6629 4 2 22 30 1746 1770 1762 2231
6630 4 2 22 30 316 1908 51 2014
6631 4 2 22 30 1084 371 370 2245
6632 4 2 22 30 314 134 315 1829
6633 4 2 22 30 1429 1926 1964 2328
6634 4 2 22 30 456 2067 1139 2141
6635 4 2 22 30 1946 2059 2160 2264
6636 4 2 22 30 376 2126 936 2251
6637 4 2 22 30 306 2082 305 2344
6638 4 2 22 30 1978 2192 1497 2316
6639 4 2 22 30 390 1017 391 2217
6640 4 2 22 30 1028 1002 2119 2237
6641 4 2 22 30 692 2060 2037 2062
6642 4 2 22 30 1522 1535 816 1481
6643 4 2 22 30 98 1949 209 2330
6644 4 2 22 30 618 1365 617 2036
6645 4 2 22 30 1253 1259 1249 2355
6646 4 2 22 30 394 395 2136 2215
6647 4 2 22 30 1314 575 1316 2178
6648 4 2 22 30 614 615 1358 2117
6649 4 2 22 30 624 1364 1365 2036
6650 4 2 22 30 2139 2198 469 2200
6651 4 2 22 30 439 2178 86 2213
6652 4 2 22 30 114 113 1377 2279
6653 4 2 22 30 1783 782 1784 2248
6654 4 2 22 30 1484 841 188 1950
6655 4 2 22 30 1133 451 450 2148
6656 4 2 22 30 810 1575 1528 809
6657 4 2 22 30 1902 1911 1913 1912
6658 4 2 22 30 1359 603 613 2350
6659 4 2 22 30 432 2111 53 2353
6660 4 2 22 30 2128 2238 374 2251
6661 4 2 22 30 82 2020 1893 2050
6662 4 2 22 30 488 1191 2038 2229
6663 4 2 22 30 617 114 482 2036
6664 4 2 22 30 1355 612 611 2018
6665 4 2 22 30 1099 99 455 1336
6666 4 2 22 30 327 328 2065 2184
6667 4 2 22 30 1462 1962 1956 2241
6668 4 2 22 30 2241 2247 1962 2300
6669 4 2 22 30 1883 336 337 2013
6670 4 2 22 30 1169 1174 1201 611
6671 4 2 22 30 2216 2310 2167 2324
6672 4 2 22 30 1334 1100 94 456
6673 4 2 22 30 2073 2177 1947 2211
6674 4 2 22 30 1813 570 1912 1823
6675 4 2 22 30 1515 2033 2144 2176
6676 4 2 22 30 522 472 2123 2193
6677 4 2 22 30 475 2116 2181 2193
6678 4 2 22 30 439 86 440 1107
6679 4 2 22 30 342 960 343 2284
6680 4 2 22 30 123 122 1185 2112
6681 4 2 22 30 2060 2061 1970 2187
6682 4 2 22 30 650 130 1850 1828
6683 4 2 22 30 1468 1804 194 1518
6684 4 2 22 30 60 2017 453 2101
6685 4 2 22 30 2061 2034 2144 2176
6686 4 2 22 30 1250 552 551 2185
6687 4 2 22 30 1451 1541 1960 2050
6688 4 2 22 30 1332 1092 1335 1101
6689 4 2 22 30 1496 2014 1565 2069
6690 4 2 22 30 583 1319 86 1096
6691 4 2 22 30 1920 747 1919 1828
6692 4 2 22 30 1990 2179 2152 2186
6693 4 2 22 30 802 801 2107 2266
6694 4 2 22 30 1263 1253 2314 2355
6695 4 2 22 30 1175 122 637 2005
6696 4 2 22 30 1027 1044 999 2237
6697 4 2 22 30 1933 439 2213 2338
6698 4 2 22 30 543 2242 2079 2348
6699 4 2 22 30 1754 1752 1500 1464
6700 4 2 22 30 518 2153 2058 2166
6701 4 2 22 30 846 89 2206 2326
6702 4 2 22 30 2163 2164 467 2268
6703 4 2 22 30 1402 131 134 2014
6704 4 2 22 30 1191 102 2038 2229
6705 4 2 22 30 761 869 872 2246
6706 4 2 22 30 449 2214 2123 2330
6707 4 2 22 30 1050 423 1010 2097
6708 4 2 22 30 1923 2118 1928 2163
6709 4 2 22 30 1192 491 600 2229
6710 4 2 22 30 1094 1317 1318 586
6711 4 2 22 30 1023 1046 1071 2306
6712 4 2 22 30 564 570 1310 2020
6713 4 2 22 30 292 2157 293 2195
6714 4 2 22 30 2045 2050 1451 2255
6715 4 2 22 30 894 823 1719 2312
6716 4 2 22 30 627 1379 636 2279
6717 4 2 22 30 348 52 1906 2352
6718 4 2 22 30 1335 1333 596 1092
6719 4 2 22 30 765 766 2020 2050
6720 4 2 22 30 1563 3 185 827
6721 4 2 22 30 1427 2192 1978 2316
6722 4 2 22 30 1493 1923 1482 1938
6723 4 2 22 30 1426 1925 1926 1929
6724 4 2 22 30 2040 2170 2135 2274
6725 4 2 22 30 1552 2065 2027 2184
6726 4 2 22 30 422 2097 2046 2209
6727 4 2 22 30 1491 2077 1980 2249
6728 4 2 22 30 1163 1161 478 2329
6729 4 2 22 30 1174 1167 1201 611
6730 4 2 22 30 1289 907 832 2090
6731 4 2 22 30 866 865 211 2196
6732 4 2 22 30 833 1287 906 2018
6733 4 2 22 30 899 1287 825 2018
6734 4 2 22 30 1108 1095 91 447
6735 4 2 22 30 504 503 2143 2309
6736 4 2 22 30 1293 1588 1467 1518
6737 4 2 22 30 1259 2185 1275 2243
6738 4 2 22 30 1560 2078 2051 2254
6739 4 2 22 30 1835 1824 174 753
6740 4 2 22 30 618 617 483 2036
6741 4 2 22 30 811 1529 812 1452
6742 4 2 22 30 1933 2209 420 2284
6743 4 2 22 30 1515 2034 1550 2176
6744 4 2 22 30 1196 616 1172 500
6745 4 2 22 30 576 575 440 2267
6746 4 2 22 30 382 2124 381 2300
6747 4 2 22 30 525 2198 2139 2200
6748 4 2 22 30 1025 2171 1082 2245
6749 4 2 22 30 1255 1267 1257 2186
6750 4 2 22 30 1888 330 331 2027
6751 4 2 22 30 1359 2117 603 2350
6752 4 2 22 30 1528 810 1596 2158
6753 4 2 22 30 86 1103 2213 2240
6754 4 2 22 30 532 2179 533 2302
6755 4 2 22 30 1516 838 1470 1561
6756 4 2 22 30 93 1537 2149 2294
6757 4 2 22 30 1708 1700 1707 2327
6758 4 2 22 30 1872 1845 286 2272
6759 4 2 22 30 833 905 629 906
6760 4 2 22 30 608 825 899 900
6761 4 2 22 30 64 477 1163 2329
6762 4 2 22 30 544 545 2204 2242
6763 4 2 22 30 86 1314 85 2178
6764 4 2 22 30 81 1306 574 2352
6765 4 2 22 30 1599 764 1541 765
6766 4 2 22 30 91 1108 585 1321
6767 4 2 22 30 472 473 1136 2123
6768 4 2 22 30 1797 1738 1763 2286
6769 4 2 22 30 369 2130 933 2131
6770 4 2 22 30 1911 1902 573 1912
6771 4 2 22 30 199 5 85 854
6772 4 2 22 30 98 209 15 859
6773 4 2 22 30 649 1394 650 2022
6774 4 2 22 30 322 323 2051 2254
6775 4 2 22 30 1933 2284 2213 2293
6776 4 2 22 30 1853 1876 299 2081
6777 4 2 22 30 1395 652 647 2024
6778 4 2 22 30 2011 2061 1990 2191
6779 4 2 22 30 1849 1919 1828 651
6780 4 2 22 30 1886 340 341 2045
6781 4 2 22 30 2131 2132 2001 2258
6782 4 2 22 30 1249 2243 2348 2355
6783 4 2 22 30 443 444 2071 2347
6784 4 2 22 30 1127 453 477 2166
6785 4 2 22 30 417 339 987 2336
6786 4 2 22 30 1171 1206 114 2279
6787 4 2 22 30 50 955 310 2133
6788 4 2 22 30 1782 1736 1788 2248
6789 4 2 22 30 1990 2016 1981 2053
6790 4 2 22 30 564 1312 570 2020
6791 4 2 22 30 1568 1788 1752 1500
6792 4 2 22 30 480 61 2236 2318
6793 4 2 22 30 596 1333 1098 1092
6794 4 2 22 30 817 1535 180 1547
6795 4 2 22 30 1157 472 1146 2203
6796 4 2 22 30 688 1503 2160 2264
6797 4 2 22 30 2052 2095 1996 2168
6798 4 2 22 30 999 1014 1009 2275
6799 4 2 22 30 1939 2048 2046 2218
6800 4 2 22 30 88 1995 577 2267
6801 4 2 22 30 1555 1804 1468 1518
6802 4 2 22 30 1507 1951 1942 1960
6803 4 2 22 30 1979 2060 2242 2346
6804 4 2 22 30 450 474 1133 2123
6805 4 2 22 30 2053 2179 1277 2320
6806 4 2 22 30 1069 2088 1038 2277
6807 4 2 22 30 951 311 310 2280
6808 4 2 22 30 1452 1520 2103 2356
6809 4 2 22 30 61 2317 2048 2318
6810 4 2 22 30 339 417 983 2336
6811 4 2 22 30 684 692 1440 2062
6812 4 2 22 30 1752 1568 1500 1464
6813 4 2 22 30 1981 1925 2083 2163
6814 4 2 22 30 1985 2047 1932 2054
6815 4 2 22 30 365 366 2132 2222
6816 4 2 22 30 1261 531 1277 2179
6817 4 2 22 30 386 2265 2170 2274
6818 4 2 22 30 1032 1021 2175 2277
6819 4 2 22 30 1591 653 2028 2099
6820 4 2 22 30 234 1569 818 1535
6821 4 2 22 30 1848 314 171 749
6822 4 2 22 30 1811 1849 651 652
6823 4 2 22 30 55 2215 2297 2324
6824 4 2 22 30 1472 187 1467 1543
6825 4 2 22 30 1298 75 76 2322
6826 4 2 22 30 603 1968 104 2350
6827 4 2 22 30 834 1471 43 263
6828 4 2 22 30 1150 1151 476 2181
6829 4 2 22 30 877 216 1749 1743
6830 4 2 22 30 1748 883 229 1742
6831 4 2 22 30 218 1745 878 1750
6832 4 2 22 30 1751 231 884 1744
6833 4 2 22 30 1028 2119 1018 2237
6834 4 2 22 30 1300 557 558 2161
6835 4 2 22 30 110 615 497 2064
6836 4 2 22 30 183 1288 824 1557
6837 4 2 22 30 350 2043 992 2281
6838 4 2 22 30 846 1953 187 2326
6839 4 2 22 30 637 2005 1386 2333
6840 4 2 22 30 497 615 496 2064
6841 4 2 22 30 1173 1374 1168 1368
6842 4 2 22 30 569 561 1304 2224
6843 4 2 22 30 335 1881 334 2049
6844 4 2 22 30 777 1532 778 2027
6845 4 2 22 30 1575 1758 1793 1737
6846 4 2 22 30 1396 649 650 2022
6847 4 2 22 30 1455 1967 1944 1971
6848 4 2 22 30 1942 2003 1951 2235
6849 4 2 22 30 1440 2062 2037 2151
6850 4 2 22 30 652 1393 647 2024
6851 4 2 22 30 896 181 821 2096
6852 4 2 22 30 1104 598 451 2345
6853 4 2 22 30 58 2071 1938 2118
6854 4 2 22 30 833 1471 1516 1499
6855 4 2 22 30 2040 2217 2010 2354
6856 4 2 22 30 1946 2025 2135 2280
6857 4 2 22 30 1975 1976 1943 1977
6858 4 2 22 30 1247 2299 1252 2355
6859 4 2 22 30 963 2284 342 2337
6860 4 2 22 30 1766 786 1746 2276
6861 4 2 22 30 627 1706 1707 2327
6862 4 2 22 30 1145 2165 470 2268
6863 4 2 22 30 2087 1975 2241 2300
6864 4 2 22 30 2115 2123 485 2287
6865 4 2 22 30 1344 101 102 2308
6866 4 2 22 30 434 2270 588 2294
6867 4 2 22 30 1697 593 211 866
6868 4 2 22 30 1925 1981 1940 1998
6869 4 2 22 30 1847 75 555 2273
6870 4 2 22 30 2129 2131 369 2222
6871 4 2 22 30 117 1381 121 2227
6872 4 2 22 30 1931 2234 61 2321
6873 4 2 22 30 442 2071 58 2118
6874 4 2 22 30 366 2057 365 2275
6875 4 2 22 30 1039 2175 1067 2277
6876 4 2 22 30 1544 633 1445 2189
6877 4 2 22 30 1859 657 1728 1860
6878 4 2 22 30 522 472 2102 2123
6879 4 2 22 30 1499 1802 1471 834
6880 4 2 22 30 97 1340 99 2017
6881 4 2 22 30 1839 308 309 1987
6882 4 2 22 30 60 454 99 2260
6883 4 2 22 30 803 1506 1568 1464
6884 4 2 22 30 1255 1257 1247 2186
6885 4 2 22 30 245 1470 1559 1557
6886 4 2 22 30 1403 656 1402 2174
6887 4 2 22 30 331 2147 332 2210
6888 4 2 22 30 450 2123 2115 2330
6889 4 2 22 30 179 1457 1960 2003
6890 4 2 22 30 1936 1946 2133 2280
6891 4 2 22 30 642 633 1383 2227
6892 4 2 22 30 1152 1143 2218 2317
6893 4 2 22 30 772 1793 1792 1494
6894 4 2 22 30 650 130 1834 2022
6895 4 2 22 30 1309 1821 2105 2225
6896 4 2 22 30 477 453 1129 2166
6897 4 2 22 30 2007 2159 2075 2171
6898 4 2 22 30 1923 2118 2163 2335
6899 4 2 22 30 1457 1507 1960 2003
6900 4 2 22 30 419 2336 1933 2337
6901 4 2 22 30 1573 113 1476 2327
6902 4 2 22 30 1546 2034 1515 2144
6903 4 2 22 30 1564 577 186 2220
6904 4 2 22 30 1974 2129 1989 2238
6905 4 2 22 30 527 2113 526 2198
6906 4 2 22 30 522 523 2200 2314
6907 4 2 22 30 1734 881 1744 2105
6908 4 2 22 30 1197 487 488 2038
6909 4 2 22 30 2086 2143 1957 2144
6910 4 2 22 30 57 1138 61 2236
6911 4 2 22 30 1962 2238 2126 2247
6912 4 2 22 30 816 2105 1775 2182
6913 4 2 22 30 1698 2196 1584 2291
6914 4 2 22 30 1154 1142 2165 2208
6915 4 2 22 30 1099 1332 1092 597
6916 4 2 22 30 1925 1973 1972 2019
6917 4 2 22 30 100 450 451 2330
6918 4 2 22 30 1174 102 1352 2090
6919 4 2 22 30 1333 1104 100 1098
6920 4 2 22 30 1934 2061 2011 2062
6921 4 2 22 30 349 1825 81 2305
6922 4 2 22 30 222 1725 870 871
6923 4 2 22 30 207 208 857 2012
6924 4 2 22 30 409 1077 1063 2285
6925 4 2 22 30 656 2014 1402 2174
6926 4 2 22 30 1318 92 443 1094
6927 4 2 22 30 375 2238 376 2251
6928 4 2 22 30 614 613 495 2350
6929 4 2 22 30 758 1913 1730 1732
6930 4 2 22 30 520 2123 474 2193
6931 4 2 22 30 1888 1889 330 2027
6932 4 2 22 30 1810 2194 1844 2195
6933 4 2 22 30 1326 581 1324 2311
6934 4 2 22 30 1325 582 1326 2311
6935 4 2 22 30 1944 2151 1963 2154
6936 4 2 22 30 66 1928 1997 2074
6937 4 2 22 30 520 474 2148 2193
6938 4 2 22 30 1949 2036 451 2345
6939 4 2 22 30 290 2094 289 2258
6940 4 2 22 30 295 2128 2127 2157
6941 4 2 22 30 320 2249 2077 2254
6942 4 2 22 30 335 959 2145 2146
6943 4 2 22 30 415 2121 416 2335
6944 4 2 22 30 2007 2171 2129 2238
6945 4 2 22 30 1444 1690 560 2349
6946 4 2 22 30 833 905 1286 2018
6947 4 2 22 30 1286 900 825 2018
6948 4 2 22 30 1264 525 1270 2199
6949 4 2 22 30 1904 351 352 2044
6950 4 2 22 30 1992 1994 1476 2188
6951 4 2 22 30 1044 2122 1079 2237
6952 4 2 22 30 313 1988 314 2334
6953 4 2 22 30 1197 488 1191 2038
6954 4 2 22 30 2004 2150 2154 2243
6955 4 2 22 30 553 1300 1299 2161
6956 4 2 22 30 1317 1091 585 1094
6957 4 2 22 30 318 317 2136 2249
6958 4 2 22 30 451 2036 1949 2330
6959 4 2 22 30 1487 1566 2080 2082
6960 4 2 22 30 1983 2052 1984 2095
6961 4 2 22 30 1817 1897 1898 2080
6962 4 2 22 30 1999 2341 2000 2342
6963 4 2 22 30 476 452 1131 2166
6964 4 2 22 30 1878 1887 324 2051
6965 4 2 22 30 307 1864 306 2104
6966 4 2 22 30 133 1403 136 2174
6967 4 2 22 30 1776 1767 1738 2272
6968 4 2 22 30 845 1292 844 2250
6969 4 2 22 30 505 1954 504 2309
6970 4 2 22 30 559 567 1305 2305
6971 4 2 22 30 811 1528 1452 2158
6972 4 2 22 30 623 1573 2296 2327
6973 4 2 22 30 1797 769 770 2286
6974 4 2 22 30 1055 2315 1012 2343
6975 4 2 22 30 2037 2150 1963 2151
6976 4 2 22 30 523 2102 522 2200
6977 4 2 22 30 1729 1727 1850 748
6978 4 2 22 30 2017 60 2260 2278
6979 4 2 22 30 1725 222 1720 871
6980 4 2 22 30 2100 2163 1981 2239
6981 4 2 22 30 74 1299 1999 2161
6982 4 2 22 30 474 450 1135 2123
6983 4 2 22 30 1568 1752 1795 1464
6984 4 2 22 30 1761 2266 2195 2351
6985 4 2 22 30 1969 2239 2142 2303
6986 4 2 22 30 804 2157 805 2195
6987 4 2 22 30 85 86 2213 2240
6988 4 2 22 30 593 1949 1339 2345
6989 4 2 22 30 413 2145 959 2146
6990 4 2 22 30 1494 1792 772 1597
6991 4 2 22 30 990 351 994 2281
6992 4 2 22 30 660 1403 1402 2174
6993 4 2 22 30 566 77 1694 2349
6994 4 2 22 30 1923 1482 2146 2210
6995 4 2 22 30 104 103 1356 2350
6996 4 2 22 30 1976 2059 2040 2135
6997 4 2 22 30 468 2190 1997 2347
6998 4 2 22 30 1198 507 1184 2112
6999 4 2 22 30 1715 821 893 2312
7000 4 2 22 30 1185 122 1175 505
7001 4 2 22 30 1543 2326 845 2330
7002 4 2 22 30 1265 1278 544 2348
7003 4 2 22 30 1943 2059 1428 2316
7004 4 2 22 30 1955 319 2078 2249
7005 4 2 22 30 1917 1850 1920 650
7006 4 2 22 30 55 394 2215 2216
7007 4 2 22 30 2100 2190 1997 2268
7008 4 2 22 30 322 2051 2078 2254
7009 4 2 22 30 296 297 2127 2251
7010 4 2 22 30 296 297 1862 2107
7011 4 2 22 30 2019 2252 2108 2275
7012 4 2 22 30 814 1747 813 2182
7013 4 2 22 30 1934 1993 1990 2061
7014 4 2 22 30 1837 2081 1853 2226
7015 4 2 22 30 1261 532 531 2179
7016 4 2 22 30 1833 1873 1881 2194
7017 4 2 22 30 1267 1257 2186 2314
7018 4 2 22 30 817 1547 180 1958
7019 4 2 22 30 2053 2179 1990 2186
7020 4 2 22 30 1916 1913 1730 759
7021 4 2 22 30 1196 112 616 2086
7022 4 2 22 30 128 1390 127 2261
7023 4 2 22 30 131 1581 1486 2246
7024 4 2 22 30 66 492 2023 2066
7025 4 2 22 30 506 2201 507 2259
7026 4 2 22 30 1298 1301 555 2273
7027 4 2 22 30 481 2035 2017 2036
7028 4 2 22 30 1952 1946 2025 2135
7029 4 2 22 30 1923 1928 1493 1947
7030 4 2 22 30 492 2023 491 2113
7031 4 2 22 30 1139 2067 455 2141
7032 4 2 22 30 321 1891 1890 2078
7033 4 2 22 30 1231 545 1237 2204
7034 4 2 22 30 2007 2089 2159 2171
7035 4 2 22 30 1754 1788 1752 2266
7036 4 2 22 30 73 1302 74 2224
7037 4 2 22 30 1928 2163 2100 2239
7038 4 2 22 30 383 305 928 2344
7039 4 2 22 30 306 384 947 2344
7040 4 2 22 30 2097 1996 2122 2183
7041 4 2 22 30 81 1303 77 2305
7042 4 2 22 30 1081 2245 2055 2275
7043 4 2 22 30 1500 1788 1752 1754
7044 4 2 22 30 1813 82 84 570
7045 4 2 22 30 2106 2242 2204 2325
7046 4 2 22 30 1902 175 757 1842
7047 4 2 22 30 361 283 920 2356
7048 4 2 22 30 447 1095 91 2326
7049 4 2 22 30 352 993 2029 2281
7050 4 2 22 30 888 889 242 1690
7051 4 2 22 30 1002 1019 2122 2237
7052 4 2 22 30 1583 1602 605 2117
7053 4 2 22 30 1939 2015 2048 2218
7054 4 2 22 30 1766 2231 1762 2319
7055 4 2 22 30 1838 2065 1882 2212
7056 4 2 22 30 1427 1924 1426 1943
7057 4 2 22 30 1231 1237 509 2204
7058 4 2 22 30 1178 600 1192 491
7059 4 2 22 30 1795 1761 803 1464
7060 4 2 22 30 400 2175 401 2298
7061 4 2 22 30 562 1311 563 2105
7062 4 2 22 30 466 1123 2118 2190
7063 4 2 22 30 442 2118 1123 2190
7064 4 2 22 30 1346 600 2023 2229
7065 4 2 22 30 277 1999 74 2092
7066 4 2 22 30 1837 1853 1809 2248
7067 4 2 22 30 305 383 938 2344
7068 4 2 22 30 306 938 384 2344
7069 4 2 22 30 1941 1993 1934 2062
7070 4 2 22 30 438 86 439 1096
7071 4 2 22 30 827 1563 3 1467
7072 4 2 22 30 1552 779 778 2027
7073 4 2 22 30 422 2046 1942 2209
7074 4 2 22 30 104 601 2023 2230
7075 4 2 22 30 117 121 1378 2295
7076 4 2 22 30 311 127 310 2028
7077 4 2 22 30 473 2123 472 2193
7078 4 2 22 30 693 685 1441 2151
7079 4 2 22 30 1198 641 640 2112
7080 4 2 22 30 1378 634 625 2295
7081 4 2 22 30 382 2300 381 2315
7082 4 2 22 30 445 2139 446 2311
7083 4 2 22 30 475 2116 2193 2203
7084 4 2 22 30 1209 488 487 2102
7085 4 2 22 30 1052 384 1012 2343
7086 4 2 22 30 1572 1931 2114 2149
7087 4 2 22 30 221 132 23 874
7088 4 2 22 30 1397 653 2028 2232
7089 4 2 22 30 55 51 2069 2324
7090 4 2 22 30 1872 286 2158 2272
7091 4 2 22 30 361 921 283 2356
7092 4 2 22 30 808 1527 1596 2094
7093 4 2 22 30 1307 1308 573 2162
7094 4 2 22 30 1717 823 1559 2312
7095 4 2 22 30 2223 2313 2048 2318
7096 4 2 22 30 503 2005 2086 2309
7097 4 2 22 30 463 2209 1933 2293
7098 4 2 22 30 806 1755 1556 1781
7099 4 2 22 30 398 2156 2155 2298
7100 4 2 22 30 1187 496 497 615
7101 4 2 22 30 1188 495 614 613
7102 4 2 22 30 767 1562 1523 1512
7103 4 2 22 30 314 1988 313 2025
7104 4 2 22 30 1796 796 2226 2231
7105 4 2 22 30 1372 1177 635 634
7106 4 2 22 30 882 1734 1742 2105
7107 4 2 22 30 1311 562 572 2105
7108 4 2 22 30 1969 2142 2098 2302
7109 4 2 22 30 1738 1575 1756 1758
7110 4 2 22 30 462 1121 461 2293
7111 4 2 22 30 775 776 1533 1590
7112 4 2 22 30 191 41 829 1525
7113 4 2 22 30 452 476 1129 2166
7114 4 2 22 30 50 54 2133 2263
7115 4 2 22 30 362 2169 932 2356
7116 4 2 22 30 999 1037 2121 2237
7117 4 2 22 30 1958 2109 1999 2161
7118 4 2 22 30 1301 1300 554 2161
7119 4 2 22 30 74 1835 1903 753
7120 4 2 22 30 1458 2191 2011 2192
7121 4 2 22 30 2152 2186 1252 2299
7122 4 2 22 30 94 1329 93 2294
7123 4 2 22 30 190 43 269 908
7124 4 2 22 30 184 33 251 902
7125 4 2 22 30 178 763 1594 2099
7126 4 2 22 30 2101 2197 2056 2278
7127 4 2 22 30 1511 1945 1935 1971
7128 4 2 22 30 1752 802 1795 2266
7129 4 2 22 30 567 1830 351 2305
7130 4 2 22 30 395 394 2136 2297
7131 4 2 22 30 294 295 2107 2157
7132 4 2 22 30 333 1873 1851 2289
7133 4 2 22 30 208 196 857 2012
7134 4 2 22 30 2111 2353 2054 2358
7135 4 2 22 30 1340 594 597 2345
7136 4 2 22 30 374 924 2128 2251
7137 4 2 22 30 1043 1007 2216 2217
7138 4 2 22 30 763 18 178 1594
7139 4 2 22 30 653 654 1591 1936
7140 4 2 22 30 642 1381 633 2227
7141 4 2 22 30 803 804 2107 2157
7142 4 2 22 30 296 2128 924 2251
7143 4 2 22 30 657 1400 653 2232
7144 4 2 22 30 659 1398 655 2334
7145 4 2 22 30 131 1398 134 2334
7146 4 2 22 30 73 1999 1567 2092
7147 4 2 22 30 511 2301 68 2359
7148 4 2 22 30 646 2104 1392 2138
7149 4 2 22 30 1740 1601 1556 1781
7150 4 2 22 30 1945 2197 2084 2278
7151 4 2 22 30 1451 1507 1484 2008
7152 4 2 22 30 75 1847 281 2273
7153 4 2 22 30 641 1184 642 2227
7154 4 2 22 30 533 534 2098 2302
7155 4 2 22 30 753 569 173 1733
7156 4 2 22 30 424 2047 2046 2097
7157 4 2 22 30 2145 2146 413 2335
7158 4 2 22 30 1705 911 1700 1701
7159 4 2 22 30 1851 1874 332 2289
7160 4 2 22 30 1546 2143 1970 2144
7161 4 2 22 30 327 328 1882 2065
7162 4 2 22 30 1811 126 652 2024
7163 4 2 22 30 1546 1970 2034 2144
7164 4 2 22 30 1351 1187 615 1348
7165 4 2 22 30 2155 2277 2087 2354
7166 4 2 22 30 1301 557 2161 2290
7167 4 2 22 30 1278 1258 545 2348
7168 4 2 22 30 169 745 1728 657
7169 4 2 22 30 1990 1993 1940 2186
7170 4 2 22 30 1825 349 81 2352
7171 4 2 22 30 816 1742 1775 2105
7172 4 2 22 30 1791 2221 1820 2253
7173 4 2 22 30 1837 2226 1853 2248
7174 4 2 22 30 1956 1962 2124 2300
7175 4 2 22 30 1883 2013 1877 2221
7176 4 2 22 30 1587 196 843 2012
7177 4 2 22 30 92 584 2071 2257
7178 4 2 22 30 595 99 2067 2256
7179 4 2 22 30 96 2008 843 2012
7180 4 2 22 30 1106 1095 91 2240
7181 4 2 22 30 1462 1534 1962 2241
7182 4 2 22 30 1132 470 2102 2139
7183 4 2 22 30 1984 2168 2052 2233
7184 4 2 22 30 1806 652 651 2024
7185 4 2 22 30 1151 477 476 2181
7186 4 2 22 30 1097 1090 1098 596
7187 4 2 22 30 1731 1730 755 1904
7188 4 2 22 30 889 888 820 2307
7189 4 2 22 30 460 1158 461 2219
7190 4 2 22 30 1216 481 1219 2166
7191 4 2 22 30 457 1164 1153 2317
7192 4 2 22 30 2233 2353 2111 2358
7193 4 2 22 30 414 2121 415 2335
7194 4 2 22 30 592 2039 1342 2250
7195 4 2 22 30 654 1591 655 1581
7196 4 2 22 30 1530 795 794 1488
7197 4 2 22 30 81 77 1306 2352
7198 4 2 22 30 1921 1849 643 1856
7199 4 2 22 30 1439 2192 2011 2304
7200 4 2 22 30 1093 1318 443 1094
7201 4 2 22 30 899 1287 2018 2323
7202 4 2 22 30 1722 872 869 2246
7203 4 2 22 30 319 320 1834 2078
7204 4 2 22 30 1884 2081 1862 2107
7205 4 2 22 30 557 558 2161 2290
7206 4 2 22 30 548 1276 2243 2244
7207 4 2 22 30 358 357 1053 2183
7208 4 2 22 30 932 2169 285 2356
7209 4 2 22 30 1774 789 1743 2022
7210 4 2 22 30 524 2199 525 2200
7211 4 2 22 30 91 1091 583 1095
7212 4 2 22 30 95 1330 588 2270
7213 4 2 22 30 1887 1878 1826 2051
7214 4 2 22 30 1470 184 1571 1561
7215 4 2 22 30 596 1097 95 1335
7216 4 2 22 30 68 2282 510 2325
7217 4 2 22 30 512 511 1994 2295
7218 4 2 22 30 606 181 1558 1957
7219 4 2 22 30 890 818 887 2331
7220 4 2 22 30 505 506 2112 2259
7221 4 2 22 30 224 1722 872 869
7222 4 2 22 30 1892 1857 283 2182
7223 4 2 22 30 2129 2171 2128 2238
7224 4 2 22 30 79 83 1308 2162
7225 4 2 22 30 301 1885 1880 2085
7226 4 2 22 30 424 425 980 2235
7227 4 2 22 30 626 625 1380 2188
7228 4 2 22 30 838 1289 1516 1287
7229 4 2 22 30 1988 2069 314 2334
7230 4 2 22 30 659 749 134 2334
7231 4 2 22 30 1542 1570 1463 2041
7232 4 2 22 30 369 2129 2055 2245
7233 4 2 22 30 469 2200 2198 2268
7234 4 2 22 30 844 845 2039 2330
7235 4 2 22 30 1037 1068 417 2288
7236 4 2 22 30 349 1906 52 2032
7237 4 2 22 30 2064 2098 498 2173
7238 4 2 22 30 1099 455 1100 1336
7239 4 2 22 30 126 1811 1921 1856
7240 4 2 22 30 1173 1168 1202 1368
7241 4 2 22 30 1566 1488 2124 2125
7242 4 2 22 30 1375 114 1195 617
7243 4 2 22 30 1927 1974 1975 2007
7244 4 2 22 30 105 1357 110 2064
7245 4 2 22 30 405 2211 2159 2306
7246 4 2 22 30 1718 605 105 2096
7247 4 2 22 30 1294 2206 579 2240
7248 4 2 22 30 1929 1996 1973 2031
7249 4 2 22 30 1077 409 408 2285
7250 4 2 22 30 594 2017 1949 2345
7251 4 2 22 30 1931 2032 1572 2114
7252 4 2 22 30 765 1771 1744 2020
7253 4 2 22 30 513 2188 1994 2340
7254 4 2 22 30 1194 487 1197 2038
7255 4 2 22 30 1732 756 1730 1904
7256 4 2 22 30 1796 2226 1759 2319
7257 4 2 22 30 1868 1891 322 2276
7258 4 2 22 30 1492 2051 783 2065
7259 4 2 22 30 752 1918 1919 1728
7260 4 2 22 30 1721 224 1722 872
7261 4 2 22 30 2180 2282 1574 2301
7262 4 2 22 30 1101 95 1335 588
7263 4 2 22 30 2056 2141 1971 2223
7264 4 2 22 30 1729 1848 1727 748
7265 4 2 22 30 1161 2137 479 2329
7266 4 2 22 30 1353 2005 612 2332
7267 4 2 22 30 1487 2009 1937 2082
7268 4 2 22 30 1572 1537 1457 2149
7269 4 2 22 30 1066 2121 1037 2288
7270 4 2 22 30 1583 605 2064 2117
7271 4 2 22 30 907 192 42 268
7272 4 2 22 30 901 183 36 257
7273 4 2 22 30 902 899 609 2323
7274 4 2 22 30 905 630 908 2333
7275 4 2 22 30 607 900 901 2332
7276 4 2 22 30 1442 1983 2328 2358
7277 4 2 22 30 563 882 562 2105
7278 4 2 22 30 1820 1844 1810 2194
7279 4 2 22 30 998 1013 1051 2354
7280 4 2 22 30 288 2158 287 2258
7281 4 2 22 30 1980 2136 2156 2215
7282 4 2 22 30 828 1800 198 1467
7283 4 2 22 30 468 1165 63 2268
7284 4 2 22 30 998 1052 1012 2343
7285 4 2 22 30 1546 1957 2143 2144
7286 4 2 22 30 887 1691 1689 244
7287 4 2 22 30 446 1132 2102 2139
7288 4 2 22 30 2054 2269 2043 2281
7289 4 2 22 30 346 347 1842 2162
7290 4 2 22 30 75 572 1821 1847
7291 4 2 22 30 1555 11 12 1468
7292 4 2 22 30 91 89 1953 2326
7293 4 2 22 30 2041 1978 2167 2215
7294 4 2 22 30 1197 2038 1191 2090
7295 4 2 22 30 599 1192 600 2229
7296 4 2 22 30 643 1918 1849 1921
7297 4 2 22 30 1837 2248 1815 2266
7298 4 2 22 30 74 354 1835 2092
7299 4 2 22 30 1982 1984 1520 2093
7300 4 2 22 30 1317 1091 1319 1321
7301 4 2 22 30 854 5 85 579
7302 4 2 22 30 859 15 98 592
7303 4 2 22 30 1825 1830 175 757
7304 4 2 22 30 393 392 2216 2310
7305 4 2 22 30 1826 1817 1819 2231
7306 4 2 22 30 1780 804 805 2195
7307 4 2 22 30 483 2115 2036 2148
7308 4 2 22 30 819 818 1444 2331
7309 4 2 22 30 1738 1575 1758 1540
7310 4 2 22 30 1167 1174 1180 610
7311 4 2 22 30 565 1308 1307 2162
7312 4 2 22 30 1928 2163 2118 2190
7313 4 2 22 30 1168 642 121 1376
7314 4 2 22 30 1948 2076 2073 2298
7315 4 2 22 30 114 1206 2035 2279
7316 4 2 22 30 529 2142 2074 2320
7317 4 2 22 30 2155 2068 2175 2298
7318 4 2 22 30 766 1562 1772 767
7319 4 2 22 30 1990 2302 2142 2303
7320 4 2 22 30 776 1760 1794 2351
7321 4 2 22 30 1566 1488 2080 2124
7322 4 2 22 30 776 1794 775 2194
7323 4 2 22 30 346 2003 347 2162
7324 4 2 22 30 1352 610 1174 2090
7325 4 2 22 30 513 1240 514 2340
7326 4 2 22 30 593 598 1341 2345
7327 4 2 22 30 781 2065 782 2248
7328 4 2 22 30 513 512 1244 2340
7329 4 2 22 30 432 53 2091 2353
7330 4 2 22 30 811 1756 2158 2272
7331 4 2 22 30 849 1710 201 2292
7332 4 2 22 30 417 1068 418 2288
7333 4 2 22 30 498 2098 1222 2173
7334 4 2 22 30 777 1590 778 1532
7335 4 2 22 30 440 576 1093 575
7336 4 2 22 30 655 131 1496 1988
7337 4 2 22 30 1478 1508 686 1983
7338 4 2 22 30 63 469 2198 2268
7339 4 2 22 30 57 1111 94 2294
7340 4 2 22 30 812 811 1452 2357
7341 4 2 22 30 2015 2116 2048 2218
7342 4 2 22 30 205 11 1555 1804
7343 4 2 22 30 1397 2028 127 2232
7344 4 2 22 30 1835 49 277 2092
7345 4 2 22 30 187 1953 89 2326
7346 4 2 22 30 1936 2025 1946 2280
7347 4 2 22 30 2177 2211 407 2306
7348 4 2 22 30 765 1960 1541 2050
7349 4 2 22 30 309 1987 308 2262
7350 4 2 22 30 1882 1838 1875 2065
7351 4 2 22 30 480 1139 2141 2236
7352 4 2 22 30 1599 28 232 820
7353 4 2 22 30 1738 1758 1756 2253
7354 4 2 22 30 1092 1333 598 1332
7355 4 2 22 30 110 497 498 2064
7356 4 2 22 30 1538 1486 1955 2249
7357 4 2 22 30 81 176 757 574
7358 4 2 22 30 293 2157 1865 2195
7359 4 2 22 30 798 1483 799 2081
7360 4 2 22 30 809 808 1465 1596
7361 4 2 22 30 823 1470 34 1559
7362 4 2 22 30 1335 596 1097 1092
7363 4 2 22 30 2021 2023 59 2113
7364 4 2 22 30 179 1457 1541 1960
7365 4 2 22 30 1219 481 65 2101
7366 4 2 22 30 1160 1164 480 2317
7367 4 2 22 30 483 2036 482 2148
7368 4 2 22 30 656 131 1486 2246
7369 4 2 22 30 121 1168 1376 1190
7370 4 2 22 30 1082 372 1047 2245
7371 4 2 22 30 1950 440 2267 2338
7372 4 2 22 30 815 1775 1765 2182
7373 4 2 22 30 1793 772 1792 2221
7374 4 2 22 30 1791 774 2194 2221
7375 4 2 22 30 811 2158 1452 2357
7376 4 2 22 30 1242 2140 511 2359
7377 4 2 22 30 1449 2023 2066 2072
7378 4 2 22 30 323 322 2051 2276
7379 4 2 22 30 32 241 886 80
7380 4 2 22 30 875 218 1745 878
7381 4 2 22 30 1744 231 884 881
7382 4 2 22 30 883 882 229 1742
7383 4 2 22 30 1743 877 216 876
7384 4 2 22 30 849 7 201 582
7385 4 2 22 30 806 1505 1465 1527
7386 4 2 22 30 1951 2003 1931 2235
7387 4 2 22 30 1078 1077 408 2285
7388 4 2 22 30 526 2198 525 2199
7389 4 2 22 30 1473 1583 1602 605
7390 4 2 22 30 1032 2155 1003 2277
7391 4 2 22 30 455 2067 99 2260
7392 4 2 22 30 1451 2045 767 2050
7393 4 2 22 30 1907 1839 309 2261
7394 4 2 22 30 288 287 2132 2258
7395 4 2 22 30 1236 2144 499 2176
7396 4 2 22 30 61 1931 2236 2313
7397 4 2 22 30 1866 1885 302 2085
7398 4 2 22 30 386 1033 1006 2343
7399 4 2 22 30 2119 2172 419 2288
7400 4 2 22 30 583 1095 1096 2240
7401 4 2 22 30 1941 2037 2151 2346
7402 4 2 22 30 324 1887 323 2051
7403 4 2 22 30 428 2047 2110 2269
7404 4 2 22 30 1984 2052 1983 2233
7405 4 2 22 30 1559 823 1470 245
7406 4 2 22 30 864 866 212 1696
7407 4 2 22 30 464 1115 2338 2339
7408 4 2 22 30 1824 753 1910 1861
7409 4 2 22 30 1094 92 1112 586
7410 4 2 22 30 1963 2037 1498 2180
7411 4 2 22 30 488 2038 487 2214
7412 4 2 22 30 1470 837 838 1287
7413 4 2 22 30 1367 1366 622 2115
7414 4 2 22 30 490 2139 2021 2229
7415 4 2 22 30 434 1951 2234 2270
7416 4 2 22 30 1927 1975 1974 2241
7417 4 2 22 30 561 73 1965 2224
7418 4 2 22 30 1552 1532 1548 2027
7419 4 2 22 30 2037 2180 2150 2346
7420 4 2 22 30 1108 91 1091 1321
7421 4 2 22 30 823 1559 182 2230
7422 4 2 22 30 1444 1567 558 2290
7423 4 2 22 30 187 1472 185 1953
7424 4 2 22 30 1899 2107 1900 2266
7425 4 2 22 30 1082 2171 372 2245
7426 4 2 22 30 446 447 1108 2311
7427 4 2 22 30 1973 2055 2057 2222
7428 4 2 22 30 2030 2193 2116 2203
7429 4 2 22 30 1850 1729 749 1917
7430 4 2 22 30 326 2076 2073 2184
7431 4 2 22 30 1433 2160 1976 2241
7432 4 2 22 30 436 435 95 1097
7433 4 2 22 30 2011 2191 1990 2303
7434 4 2 22 30 1198 1184 641 2112
7435 4 2 22 30 1732 758 1913 1911
7436 4 2 22 30 1923 2146 2147 2210
7437 4 2 22 30 2231 2276 1826 2319
7438 4 2 22 30 654 1400 658 2232
7439 4 2 22 30 1910 1861 1915 554
7440 4 2 22 30 546 2244 2242 2348
7441 4 2 22 30 45 621 267 914
7442 4 2 22 30 689 1539 1576 2059
7443 4 2 22 30 357 2168 2109 2341
7444 4 2 22 30 330 331 2027 2210
7445 4 2 22 30 1329 587 590 2294
7446 4 2 22 30 1036 411 410 2252
7447 4 2 22 30 1945 2154 2056 2223
7448 4 2 22 30 36 183 824 1557
7449 4 2 22 30 292 1844 291 2195
7450 4 2 22 30 812 1776 811 2272
7451 4 2 22 30 1435 1929 681 1983
7452 4 2 22 30 1256 1266 541 2299
7453 4 2 22 30 2179 2186 2053 2199
7454 4 2 22 30 391 2217 392 2310
7455 4 2 22 30 1116 2234 434 2321
7456 4 2 22 30 1841 1899 1900 2266
7457 4 2 22 30 114 2035 481 2036
7458 4 2 22 30 1451 767 1562 2050
7459 4 2 22 30 1563 90 1577 2257
7460 4 2 22 30 2070 2074 530 2142
7461 4 2 22 30 414 415 2145 2335
7462 4 2 22 30 2021 2038 1961 2229
7463 4 2 22 30 480 2317 61 2318
7464 4 2 22 30 1777 1757 784 2319
7465 4 2 22 30 1940 2002 1932 2015
7466 4 2 22 30 1853 2226 1809 2248
7467 4 2 22 30 55 2297 51 2324
7468 4 2 22 30 1095 1106 91 2326
7469 4 2 22 30 1575 809 1786 1465
7470 4 2 22 30 1986 1969 2098 2302
7471 4 2 22 30 1444 1549 561 1965
7472 4 2 22 30 74 1835 354 2224
7473 4 2 22 30 510 509 2204 2282
7474 4 2 22 30 839 840 1286 2333
7475 4 2 22 30 900 2018 1286 2332
7476 4 2 22 30 1286 2018 905 2333
7477 4 2 22 30 456 57 2067 2236
7478 4 2 22 30 1997 2113 528 2198
7479 4 2 22 30 286 1845 285 2272
7480 4 2 22 30 1555 9 195 835
7481 4 2 22 30 1115 441 440 2338
7482 4 2 22 30 99 2017 1340 2345
7483 4 2 22 30 1489 1570 1576 2167
7484 4 2 22 30 87 1109 58 2267
7485 4 2 22 30 1100 1332 1092 1099
7486 4 2 22 30 1733 1731 760 1916
7487 4 2 22 30 592 1343 2042 2207
7488 4 2 22 30 635 1380 634 2188
7489 4 2 22 30 442 87 1320 1093
7490 4 2 22 30 2133 2134 50 2263
7491 4 2 22 30 1287 1516 1470 1499
7492 4 2 22 30 199 848 200 2178
7493 4 2 22 30 1884 1876 1837 2081
7494 4 2 22 30 1779 778 2212 2351
7495 4 2 22 30 2191 2302 1990 2303
7496 4 2 22 30 65 2017 2035 2278
7497 4 2 22 30 110 497 1172 498
7498 4 2 22 30 448 2102 1136 2123
7499 4 2 22 30 1598 780 1500 1552
7500 4 2 22 30 797 1759 1796 2226
7501 4 2 22 30 2006 2242 2060 2346
7502 4 2 22 30 290 289 2131 2258
7503 4 2 22 30 1465 1528 809 1596
7504 4 2 22 30 115 2038 116 2287
7505 4 2 22 30 2134 2262 50 2263
7506 4 2 22 30 2030 2200 2193 2203
7507 4 2 22 30 2023 2072 59 2347
7508 4 2 22 30 1301 557 1300 2161
7509 4 2 22 30 517 2153 518 2166
7510 4 2 22 30 1053 357 1030 2183
7511 4 2 22 30 1206 65 481 2035
7512 4 2 22 30 1365 1364 617 2036
7513 4 2 22 30 1294 1293 1588 1467
7514 4 2 22 30 1786 2094 1787 2253
7515 4 2 22 30 798 2081 799 2226
7516 4 2 22 30 410 1063 1036 2252
7517 4 2 22 30 1104 451 100 1098
7518 4 2 22 30 391 2025 390 2310
7519 4 2 22 30 1730 1913 1916 1823
7520 4 2 22 30 1710 2220 1712 2292
7521 4 2 22 30 568 2044 352 2224
7522 4 2 22 30 1569 819 1524 820
7523 4 2 22 30 1363 115 116 2287
7524 4 2 22 30 749 172 134 660
7525 4 2 22 30 96 95 2008 2270
7526 4 2 22 30 456 2141 1139 2236
7527 4 2 22 30 1485 2037 1498 2151
7528 4 2 22 30 2142 2179 531 2302
7529 4 2 22 30 1487 1488 793 2080
7530 4 2 22 30 1877 2013 2205 2221
7531 4 2 22 30 634 1190 1177 2188
7532 4 2 22 30 80 565 1692 241
7533 4 2 22 30 416 2335 2172 2336
7534 4 2 22 30 495 1968 494 2070
7535 4 2 22 30 2073 2076 1948 2184
7536 4 2 22 30 660 1917 135 1816
7537 4 2 22 30 2063 2143 1546 2259
7538 4 2 22 30 2091 2233 1966 2353
7539 4 2 22 30 1971 2313 2223 2318
7540 4 2 22 30 1107 86 1319 1096
7541 4 2 22 30 1936 2028 653 2232
7542 4 2 22 30 1566 2124 1536 2125
7543 4 2 22 30 770 1586 771 2205
7544 4 2 22 30 1579 1461 1739 1600
7545 4 2 22 30 209 11 859 1804
7546 4 2 22 30 839 2005 1954 2309
7547 4 2 22 30 2253 2272 1738 2286
7548 4 2 22 30 2234 2235 1951 2321
7549 4 2 22 30 1953 2038 2021 2311
7550 4 2 22 30 1272 520 1263 2314
7551 4 2 22 30 1063 1024 2252 2285
7552 4 2 22 30 800 1483 801 2081
7553 4 2 22 30 275 276 911 1701
7554 4 2 22 30 1950 2178 439 2213
7555 4 2 22 30 1595 1949 594 2017
7556 4 2 22 30 798 1790 1759 2226
7557 4 2 22 30 358 1053 1011 2183
7558 4 2 22 30 1927 1973 1974 2007
7559 4 2 22 30 1923 2146 2145 2335
7560 4 2 22 30 1531 1991 1954 2112
7561 4 2 22 30 771 2205 2013 2221
7562 4 2 22 30 1002 1018 1019 2237
7563 4 2 22 30 1813 573 83 1905
7564 4 2 22 30 574 1825 81 2352
7565 4 2 22 30 1894 1893 1818 2020
7566 4 2 22 30 14 208 858 96
7567 4 2 22 30 8 203 853 89
7568 4 2 22 30 894 822 823 2312
7569 4 2 22 30 342 343 1894 2050
7570 4 2 22 30 832 1287 1289 2090
7571 4 2 22 30 314 749 1848 2334
7572 4 2 22 30 1091 1317 1093 1094
7573 4 2 22 30 308 1987 2104 2202
7574 4 2 22 30 1293 841 1588 842
7575 4 2 22 30 95 436 2008 2270
7576 4 2 22 30 61 2234 1931 2313
7577 4 2 22 30 1101 434 435 588
7578 4 2 22 30 818 1569 1444 1535
7579 4 2 22 30 504 1954 2005 2309
7580 4 2 22 30 1848 1855 1727 748
7581 4 2 22 30 36 181 183 1456
7582 4 2 22 30 1548 1552 2027 2184
7583 4 2 22 30 1948 1980 1491 2077
7584 4 2 22 30 834 1802 1471 263
7585 4 2 22 30 1825 574 1842 2352
7586 4 2 22 30 534 1222 2098 2173
7587 4 2 22 30 531 2179 2142 2320
7588 4 2 22 30 231 28 1599 27
7589 4 2 22 30 1457 179 1524 2003
7590 4 2 22 30 771 2013 772 2221
7591 4 2 22 30 1170 1173 1202 1368
7592 4 2 22 30 1472 1961 1571 2021
7593 4 2 22 30 627 636 1377 2279
7594 4 2 22 30 1521 1994 1992 2340
7595 4 2 22 30 418 983 417 2336
7596 4 2 22 30 2114 2271 2269 2313
7597 4 2 22 30 1910 1861 1916 1909
7598 4 2 22 30 592 96 1343 2207
7599 4 2 22 30 89 1323 579 2206
7600 4 2 22 30 571 1909 1823 1812
7601 4 2 22 30 787 1746 786 2276
7602 4 2 22 30 1836 352 353 2224
7603 4 2 22 30 111 112 616 1196
7604 4 2 22 30 1873 2049 1881 2194
7605 4 2 22 30 1971 2067 2149 2236
7606 4 2 22 30 1591 654 653 2099
7607 4 2 22 30 1586 770 769 2205
7608 4 2 22 30 579 8 89 856
7609 4 2 22 30 592 14 96 861
7610 4 2 22 30 889 1692 242 1690
7611 4 2 22 30 631 1954 119 2112
7612 4 2 22 30 58 1930 1995 2339
7613 4 2 22 30 339 2336 983 2337
7614 4 2 22 30 535 2144 1236 2176
7615 4 2 22 30 1751 1599 231 1744
7616 4 2 22 30 1328 87 584 2071
7617 4 2 22 30 595 94 1337 2067
7618 4 2 22 30 1886 1822 1879 2286
7619 4 2 22 30 1900 1899 295 2107
7620 4 2 22 30 2180 2346 2325 2359
7621 4 2 22 30 87 442 1109 1093
7622 4 2 22 30 1080 1027 1048 2275
7623 4 2 22 30 28 231 1599 232
7624 4 2 22 30 1792 773 1791 2221
7625 4 2 22 30 2118 2163 466 2190
7626 4 2 22 30 545 2242 544 2348
7627 4 2 22 30 1200 642 1184 2227
7628 4 2 22 30 2147 2252 2083 2285
7629 4 2 22 30 1294 1293 841 1588
7630 4 2 22 30 416 2121 2288 2335
7631 4 2 22 30 590 1584 1537 1951
7632 4 2 22 30 1040 2047 2097 2110
7633 4 2 22 30 1391 125 126 2104
7634 4 2 22 30 1447 2013 1592 2049
7635 4 2 22 30 1426 1925 1924 1934
7636 4 2 22 30 509 1991 510 2227
7637 4 2 22 30 1060 1031 381 2315
7638 4 2 22 30 781 2212 2065 2248
7639 4 2 22 30 1975 2159 2089 2277
7640 4 2 22 30 841 842 2042 2213
7641 4 2 22 30 298 1884 297 2081
7642 4 2 22 30 1166 638 639 2018
7643 4 2 22 30 791 2009 792 2082
7644 4 2 22 30 1339 1949 98 2330
7645 4 2 22 30 1955 2014 656 2174
7646 4 2 22 30 1996 2057 2031 2237
7647 4 2 22 30 94 1100 587 1111
7648 4 2 22 30 1482 1923 1493 1947
7649 4 2 22 30 1957 2005 840 2309
7650 4 2 22 30 805 1527 806 2157
7651 4 2 22 30 179 1541 1524 1599
7652 4 2 22 30 1200 1184 508 2227
7653 4 2 22 30 1317 1093 576 575
7654 4 2 22 30 1993 2006 2004 2079
7655 4 2 22 30 329 2184 2177 2210
7656 4 2 22 30 1888 2027 1874 2351
7657 4 2 22 30 2032 2043 1572 2271
7658 4 2 22 30 643 1856 1839 2104
7659 4 2 22 30 2061 2176 2120 2191
7660 4 2 22 30 1962 1536 2124 2125
7661 4 2 22 30 86 583 1096 2240
7662 4 2 22 30 794 795 1770 2231
7663 4 2 22 30 1886 1879 2045 2286
7664 4 2 22 30 1771 1562 765 1480
7665 4 2 22 30 488 2102 1209 2139
7666 4 2 22 30 1326 1324 586 2311
7667 4 2 22 30 1326 585 1325 2311
7668 4 2 22 30 1570 1497 1436 2316
7669 4 2 22 30 50 54 2263 2265
7670 4 2 22 30 894 255 893 2312
7671 4 2 22 30 1195 114 1375 1171
7672 4 2 22 30 516 1992 2197 2278
7673 4 2 22 30 180 817 1958 2322
7674 4 2 22 30 1963 1521 2084 2140
7675 4 2 22 30 306 305 938 2344
7676 4 2 22 30 339 340 2255 2337
7677 4 2 22 30 1598 780 1782 1500
7678 4 2 22 30 1918 169 745 1728
7679 4 2 22 30 500 110 1172 2033
7680 4 2 22 30 1872 1846 1845 2272
7681 4 2 22 30 631 640 1384 2112
7682 4 2 22 30 487 2038 1194 2287
7683 4 2 22 30 2031 2237 2057 2275
7684 4 2 22 30 297 375 926 2251
7685 4 2 22 30 2170 2241 1956 2300
7686 4 2 22 30 918 375 297 2251
7687 4 2 22 30 386 2274 2170 2343
7688 4 2 22 30 763 178 871 2099
7689 4 2 22 30 1427 1436 2192 2316
7690 4 2 22 30 96 1330 95 2270
7691 4 2 22 30 322 1891 2078 2276
7692 4 2 22 30 2156 2215 395 2216
7693 4 2 22 30 603 1356 613 2350
7694 4 2 22 30 431 2110 2111 2353
7695 4 2 22 30 1272 1263 1253 2314
7696 4 2 22 30 2137 2056 2223 2318
7697 4 2 22 30 2186 2200 1267 2314
7698 4 2 22 30 792 1768 1745 2024
7699 4 2 22 30 1258 2244 546 2348
7700 4 2 22 30 1750 1594 1582 791
7701 4 2 22 30 1698 1695 1699 2196
7702 4 2 22 30 343 1893 1894 2050
7703 4 2 22 30 1869 1833 1881 2221
7704 4 2 22 30 1208 489 488 2139
7705 4 2 22 30 558 1299 1300 2161
7706 4 2 22 30 1785 1494 1786 1465
7707 4 2 22 30 1133 2123 474 2148
7708 4 2 22 30 792 2024 125 2082
7709 4 2 22 30 1445 2228 1994 2301
7710 4 2 22 30 1435 1982 1974 1983
7711 4 2 22 30 1857 283 2182 2225
7712 4 2 22 30 1928 2072 1493 2074
7713 4 2 22 30 2093 2103 1520 2356
7714 4 2 22 30 1194 2038 115 2287
7715 4 2 22 30 1219 517 1216 2166
7716 4 2 22 30 1587 196 1448 1518
7717 4 2 22 30 450 2123 1133 2148
7718 4 2 22 30 1247 1252 2186 2355
7719 4 2 22 30 1189 636 635 2279
7720 4 2 22 30 1927 1976 1975 2241
7721 4 2 22 30 1027 999 1009 2275
7722 4 2 22 30 371 1047 372 2245
7723 4 2 22 30 753 1733 1910 1861
7724 4 2 22 30 819 1444 1689 2331
7725 4 2 22 30 74 1999 73 2092
7726 4 2 22 30 1857 282 283 2225
7727 4 2 22 30 1522 815 1593 1481
7728 4 2 22 30 1727 747 1850 748
7729 4 2 22 30 812 2158 811 2357
7730 4 2 22 30 2054 2281 2029 2353
7731 4 2 22 30 1796 1579 1739 1600
7732 4 2 22 30 1928 1947 1923 2239
7733 4 2 22 30 1106 1090 1103 2240
7734 4 2 22 30 1253 1269 1272 2314
7735 4 2 22 30 1219 69 517 2101
7736 4 2 22 30 1093 1317 1091 1107
7737 4 2 22 30 1595 1573 1949 2035
7738 4 2 22 30 1955 2174 318 2249
7739 4 2 22 30 1098 1097 596 1092
7740 4 2 22 30 1247 1256 2299 2355
7741 4 2 22 30 285 1845 1871 2272
7742 4 2 22 30 814 1765 1747 2182
7743 4 2 22 30 1848 659 313 2334
7744 4 2 22 30 1932 2015 2002 2048
7745 4 2 22 30 1934 1941 1940 1993
7746 4 2 22 30 63 2113 1997 2198
7747 4 2 22 30 651 648 2022 2024
7748 4 2 22 30 1866 303 1897 2080
7749 4 2 22 30 553 74 173 753
7750 4 2 22 30 1003 2155 1032 2354
7751 4 2 22 30 1428 682 1433 1976
7752 4 2 22 30 778 2027 779 2212
7753 4 2 22 30 520 1272 521 2314
7754 4 2 22 30 1592 2118 1923 2145
7755 4 2 22 30 1436 1497 2192 2316
7756 4 2 22 30 61 2048 2313 2318
7757 4 2 22 30 1079 2122 1019 2237
7758 4 2 22 30 1847 555 280 2273
7759 4 2 22 30 1591 1725 654 2099
7760 4 2 22 30 1997 2100 1928 2190
7761 4 2 22 30 1572 2003 1457 2032
7762 4 2 22 30 188 2178 1950 2213
7763 4 2 22 30 840 1456 183 1957
7764 4 2 22 30 1518 842 1587 843
7765 4 2 22 30 1782 1754 780 2212
7766 4 2 22 30 524 2102 523 2200
7767 4 2 22 30 93 1584 591 1502
7768 4 2 22 30 1100 595 455 456
7769 4 2 22 30 133 1955 656 2174
7770 4 2 22 30 1877 2013 337 2205
7771 4 2 22 30 95 435 436 2270
7772 4 2 22 30 613 614 1179 1347
7773 4 2 22 30 1711 200 578 2220
7774 4 2 22 30 1573 2036 623 2115
7775 4 2 22 30 616 2033 500 2086
7776 4 2 22 30 301 2085 1880 2226
7777 4 2 22 30 2089 2159 1022 2277
7778 4 2 22 30 628 907 116 2090
7779 4 2 22 30 1548 2027 1532 2210
7780 4 2 22 30 1218 1997 492 2113
7781 4 2 22 30 814 2182 813 2357
7782 4 2 22 30 1460 1946 1936 1952
7783 4 2 22 30 639 2018 1387 2090
7784 4 2 22 30 1564 1563 827 1467
7785 4 2 22 30 576 441 440 1093
7786 4 2 22 30 1566 2082 1937 2344
7787 4 2 22 30 1153 1160 1143 2317
7788 4 2 22 30 1136 2102 472 2123
7789 4 2 22 30 1756 1738 2253 2272
7790 4 2 22 30 449 1105 1106 2039
7791 4 2 22 30 516 2035 1206 2279
7792 4 2 22 30 390 2025 949 2280
7793 4 2 22 30 1916 1861 1731 1823
7794 4 2 22 30 652 1849 1918 1921
7795 4 2 22 30 1540 1797 1738 1603
7796 4 2 22 30 508 2201 1234 2204
7797 4 2 22 30 816 1535 1775 1742
7798 4 2 22 30 599 1346 1344 2229
7799 4 2 22 30 1159 2203 2208 2219
7800 4 2 22 30 1569 1599 232 820
7801 4 2 22 30 189 913 831 2189
7802 4 2 22 30 416 2288 2172 2335
7803 4 2 22 30 1816 749 171 1829
7804 4 2 22 30 750 1729 1920 1917
7805 4 2 22 30 370 2130 2129 2245
7806 4 2 22 30 580 88 1450 2220
7807 4 2 22 30 587 1332 1100 1334
7808 4 2 22 30 1476 1992 113 2035
7809 4 2 22 30 1990 2120 2061 2152
7810 4 2 22 30 340 2045 1879 2205
7811 4 2 22 30 780 781 1598 1782
7812 4 2 22 30 1532 1482 2210 2289
7813 4 2 22 30 692 684 691 2062
7814 4 2 22 30 1351 110 1172 616
7815 4 2 22 30 1993 2060 2006 2079
7816 4 2 22 30 98 15 209 863
7817 4 2 22 30 199 85 5 848
7818 4 2 22 30 387 54 915 2265
7819 4 2 22 30 1583 2064 1551 2117
7820 4 2 22 30 1985 2111 2052 2183
7821 4 2 22 30 2024 2080 1769 2231
7822 4 2 22 30 544 1234 2201 2204
7823 4 2 22 30 1013 2155 1051 2354
7824 4 2 22 30 1315 1316 576 2267
7825 4 2 22 30 1347 614 1179 1348
7826 4 2 22 30 311 1859 657 2232
7827 4 2 22 30 126 2082 1864 2104
7828 4 2 22 30 1784 1736 1600 1589
7829 4 2 22 30 1840 1888 1874 2351
7830 4 2 22 30 406 2177 2073 2211
7831 4 2 22 30 169 745 644 1918
7832 4 2 22 30 1194 115 2038 2090
7833 4 2 22 30 1729 1850 1920 1917
7834 4 2 22 30 102 1174 1191 2090
7835 4 2 22 30 1808 1814 1845 2272
7836 4 2 22 30 391 390 2217 2310
7837 4 2 22 30 95 96 2008 2042
7838 4 2 22 30 619 618 484 2115
7839 4 2 22 30 454 2056 2141 2260
7840 4 2 22 30 318 130 1858 2174
7841 4 2 22 30 801 2081 1483 2107
7842 4 2 22 30 26 25 180 1535
7843 4 2 22 30 1490 1764 1604 787
7844 4 2 22 30 1331 2270 1951 2294
7845 4 2 22 30 1516 42 192 1453
7846 4 2 22 30 460 2209 2219 2293
7847 4 2 22 30 640 631 1382 2112
7848 4 2 22 30 390 2025 2280 2310
7849 4 2 22 30 692 1970 1475 1979
7850 4 2 22 30 555 1824 554 1812
7851 4 2 22 30 399 400 2077 2298
7852 4 2 22 30 1248 2179 2053 2199
7853 4 2 22 30 207 857 195 2012
7854 4 2 22 30 516 2035 1992 2278
7855 4 2 22 30 429 2110 2054 2269
7856 4 2 22 30 1033 386 385 2343
7857 4 2 22 30 2133 2134 2028 2261
7858 4 2 22 30 49 1835 354 2092
7859 4 2 22 30 126 1811 652 1921
7860 4 2 22 30 1128 59 63 2113
7861 4 2 22 30 436 95 2008 2042
7862 4 2 22 30 791 125 2009 2082
7863 4 2 22 30 2116 2203 1141 2219
7864 4 2 22 30 1294 1293 2206 2240
7865 4 2 22 30 2060 1970 2063 2187
7866 4 2 22 30 81 349 2305 2352
7867 4 2 22 30 95 588 435 2270
7868 4 2 22 30 99 455 454 1099
7869 4 2 22 30 2001 2132 2131 2222
7870 4 2 22 30 283 284 2103 2356
7871 4 2 22 30 382 1031 1055 2315
7872 4 2 22 30 1956 2241 1962 2300
7873 4 2 22 30 1051 2155 2156 2354
7874 4 2 22 30 1519 1958 1481 2109
7875 4 2 22 30 93 1951 1537 2294
7876 4 2 22 30 556 2290 1301 2322
7877 4 2 22 30 1969 2070 2098 2142
7878 4 2 22 30 2140 2340 2150 2359
7879 4 2 22 30 125 867 2009 2138
7880 4 2 22 30 1444 1689 561 560
7881 4 2 22 30 1110 453 60 2017
7882 4 2 22 30 757 176 1732 1911
7883 4 2 22 30 202 849 851 1710
7884 4 2 22 30 85 848 199 2178
7885 4 2 22 30 2084 2150 2140 2340
7886 4 2 22 30 126 1831 1864 2082
7887 4 2 22 30 127 2028 128 2261
7888 4 2 22 30 1363 1366 620 2287
7889 4 2 22 30 2143 2144 538 2187
7890 4 2 22 30 496 2070 2098 2117
7891 4 2 22 30 515 1992 516 2279
7892 4 2 22 30 1575 1758 1540 1793
7893 4 2 22 30 122 1175 1186 2005
7894 4 2 22 30 792 1487 793 2082
7895 4 2 22 30 585 1108 1091 1321
7896 4 2 22 30 2071 444 2257 2347
7897 4 2 22 30 1592 1482 1533 2289
7898 4 2 22 30 587 1100 433 1111
7899 4 2 22 30 1777 1766 1739 2319
7900 4 2 22 30 776 2289 777 2351
7901 4 2 22 30 1926 1944 1941 2151
7902 4 2 22 30 1758 1793 1737 2253
7903 4 2 22 30 431 2091 2029 2353
7904 4 2 22 30 2031 2172 2121 2335
7905 4 2 22 30 1893 2020 1894 2050
7906 4 2 22 30 802 2107 803 2266
7907 4 2 22 30 962 2077 2076 2254
7908 4 2 22 30 1515 1550 2173 2176
7909 4 2 22 30 891 1961 184 2308
7910 4 2 22 30 628 116 1385 2090
7911 4 2 22 30 88 1315 87 2267
7912 4 2 22 30 882 1742 562 2105
7913 4 2 22 30 1924 1925 1972 2083
7914 4 2 22 30 1924 1925 2083 2239
7915 4 2 22 30 650 1834 1828 2022
7916 4 2 22 30 1599 231 27 1751
7917 4 2 22 30 1772 1771 1562 766
7918 4 2 22 30 2007 2089 1972 2159
7919 4 2 22 30 444 443 92 1094
7920 4 2 22 30 1999 2161 2109 2341
7921 4 2 22 30 1157 1156 473 2203
7922 4 2 22 30 437 2008 1942 2293
7923 4 2 22 30 1967 2043 2029 2054
7924 4 2 22 30 1178 103 1350 600
7925 4 2 22 30 1508 1982 1435 1983
7926 4 2 22 30 2004 2243 2185 2355
7927 4 2 22 30 1101 1332 1092 1100
7928 4 2 22 30 1826 1868 1887 2276
7929 4 2 22 30 796 1796 1762 2231
7930 4 2 22 30 2055 2129 369 2222
7931 4 2 22 30 1021 1067 2175 2277
7932 4 2 22 30 1789 1578 1790 1736
7933 4 2 22 30 92 2021 1112 2311
7934 4 2 22 30 1148 1143 2116 2218
7935 4 2 22 30 174 1903 753 1733
7936 4 2 22 30 493 2070 1968 2074
7937 4 2 22 30 1370 1170 1369 638
7938 4 2 22 30 59 63 2113 2347
7939 4 2 22 30 1986 2302 2191 2303
7940 4 2 22 30 1104 597 598 2345
7941 4 2 22 30 1552 778 1590 1532
7942 4 2 22 30 1976 2135 2040 2170
7943 4 2 22 30 1981 1990 1940 2016
7944 4 2 22 30 1508 1974 1435 1982
7945 4 2 22 30 1942 2284 2209 2293
7946 4 2 22 30 1810 2195 1841 2351
7947 4 2 22 30 82 1843 83 2162
7948 4 2 22 30 602 1714 252 2230
7949 4 2 22 30 1292 842 1293 1518
7950 4 2 22 30 1836 754 1731 1733
7951 4 2 22 30 1943 2010 2040 2059
7952 4 2 22 30 1340 2017 594 2345
7953 4 2 22 30 1934 2011 1990 2303
7954 4 2 22 30 1439 691 684 2011
7955 4 2 22 30 1569 819 234 818
7956 4 2 22 30 621 267 914 1701
7957 4 2 22 30 434 2234 1951 2321
7958 4 2 22 30 1499 1470 825 1557
7959 4 2 22 30 642 121 1200 1168
7960 4 2 22 30 1246 72 547 2359
7961 4 2 22 30 2059 2167 1438 2316
7962 4 2 22 30 1761 1778 2266 2351
7963 4 2 22 30 851 1711 202 1710
7964 4 2 22 30 511 2140 512 2301
7965 4 2 22 30 1576 1570 1438 2316
7966 4 2 22 30 813 2182 1747 2272
7967 4 2 22 30 1979 2204 2106 2242
7968 4 2 22 30 569 1302 561 2224
7969 4 2 22 30 1562 1771 1772 1480
7970 4 2 22 30 1587 843 842 2008
7971 4 2 22 30 77 2003 1306 2352
7972 4 2 22 30 832 1516 833 1803
7973 4 2 22 30 595 456 94 2067
7974 4 2 22 30 1293 2039 845 2206
7975 4 2 22 30 1387 638 629 2018
7976 4 2 22 30 597 594 1341 2345
7977 4 2 22 30 1561 1516 192 1453
7978 4 2 22 30 2059 2135 1976 2264
7979 4 2 22 30 1962 1989 2126 2238
7980 4 2 22 30 1851 1874 2289 2351
7981 4 2 22 30 774 775 1753 2194
7982 4 2 22 30 1020 2277 1003 2315
7983 4 2 22 30 654 1988 1936 2232
7984 4 2 22 30 491 2023 600 2229
7985 4 2 22 30 1091 1319 583 1096
7986 4 2 22 30 2177 2285 2211 2306
7987 4 2 22 30 1325 1953 582 2311
7988 4 2 22 30 1943 1978 1977 2010
7989 4 2 22 30 1100 434 1101 587
7990 4 2 22 30 1472 187 1543 1953
7991 4 2 22 30 2128 2129 1989 2130
7992 4 2 22 30 134 749 314 2334
7993 4 2 22 30 1515 2144 2034 2176
7994 4 2 22 30 354 1965 2029 2091
7995 4 2 22 30 444 92 1112 1094
7996 4 2 22 30 1450 2071 88 2257
7997 4 2 22 30 1572 2032 1549 2283
7998 4 2 22 30 890 887 1689 2331
7999 4 2 22 30 1469 775 1533 1590
8000 4 2 22 30 2121 2237 1037 2288
8001 4 2 22 30 2060 2187 2063 2201
8002 4 2 22 30 1993 1990 2152 2186
8003 4 2 22 30 2300 2315 383 2343
8004 4 2 22 30 311 951 953 2280
8005 4 2 22 30 182 1961 891 2308
8006 4 2 22 30 1542 2192 1978 2303
8007 4 2 22 30 87 1109 576 1093
8008 4 2 22 30 1204 511 1176 2228
8009 4 2 22 30 514 1992 515 2279
8010 4 2 22 30 1450 88 580 2257
8011 4 2 22 30 283 921 284 2356
8012 4 2 22 30 1847 1821 75 2225
8013 4 2 22 30 601 2023 2230 2308
8014 4 2 22 30 1166 637 638 2018
8015 4 2 22 30 841 2042 1293 2240
8016 4 2 22 30 1021 1000 1039 2277
8017 4 2 22 30 433 434 1100 587
8018 4 2 22 30 1548 2184 2027 2210
8019 4 2 22 30 1125 2190 468 2347
8020 4 2 22 30 1457 1951 1507 2003
8021 4 2 22 30 134 314 315 2334
8022 4 2 22 30 1479 1966 2233 2358
8023 4 2 22 30 792 793 2024 2082
8024 4 2 22 30 289 1895 288 2094
8025 4 2 22 30 2051 2276 785 2319
8026 4 2 22 30 456 1100 94 1111
8027 4 2 22 30 1027 1044 2237 2275
8028 4 2 22 30 1335 1097 95 1101
8029 4 2 22 30 1293 845 1292 1518
8030 4 2 22 30 113 114 2035 2279
8031 4 2 22 30 645 1987 128 2138
8032 4 2 22 30 38 252 602 1714
8033 4 2 22 30 576 440 441 2267
8034 4 2 22 30 1842 573 1905 2162
8035 4 2 22 30 1038 1000 1020 2277
8036 4 2 22 30 127 2028 311 2232
8037 4 2 22 30 445 2021 2139 2311
8038 4 2 22 30 656 1486 131 2014
8039 4 2 22 30 1737 1786 1787 2253
8040 4 2 22 30 1833 1820 2194 2221
8041 4 2 22 30 527 528 1217 2113
8042 4 2 22 30 447 448 1095 2326
8043 4 2 22 30 1531 1445 633 2189
8044 4 2 22 30 2030 2185 2314 2355
8045 4 2 22 30 754 1731 1861 755
8046 4 2 22 30 2061 2034 2176 2191
8047 4 2 22 30 1981 2083 1925 2239
8048 4 2 22 30 1932 2047 1985 2097
8049 4 2 22 30 2141 2223 2056 2318
8050 4 2 22 30 1953 2214 2038 2311
8051 4 2 22 30 1543 1953 846 2326
8052 4 2 22 30 119 1954 1389 2112
8053 4 2 22 30 638 1388 629 2018
8054 4 2 22 30 656 1486 177 2246
8055 4 2 22 30 512 2140 1242 2340
8056 4 2 22 30 1466 1522 1523 1747
8057 4 2 22 30 482 1216 1212 2166
8058 4 2 22 30 1784 1757 1736 2248
8059 4 2 22 30 1994 1521 2140 2340
8060 4 2 22 30 893 822 894 2312
8061 4 2 22 30 1933 2213 1950 2338
8062 4 2 22 30 126 1831 1811 1864
8063 4 2 22 30 916 49 53 2342
8064 4 2 22 30 96 592 861 2207
8065 4 2 22 30 579 856 89 2206
8066 4 2 22 30 1521 1945 2084 2278
8067 4 2 22 30 2040 2010 2217 2310
8068 4 2 22 30 1350 1188 103 1178
8069 4 2 22 30 576 1109 441 1093
8070 4 2 22 30 1540 1738 1575 1466
8071 4 2 22 30 1529 1528 1776 1466
8072 4 2 22 30 866 1697 212 1696
8073 4 2 22 30 301 300 2085 2226
8074 4 2 22 30 1943 1977 1976 2040
8075 4 2 22 30 91 1953 2311 2326
8076 4 2 22 30 911 1705 275 1701
8077 4 2 22 30 1708 1525 1700 2327
8078 4 2 22 30 1943 1927 1975 1977
8079 4 2 22 30 1541 1457 179 1524
8080 4 2 22 30 510 1991 509 2282
8081 4 2 22 30 382 383 2300 2315
8082 4 2 22 30 1535 1444 180 1547
8083 4 2 22 30 1834 320 1890 2078
8084 4 2 22 30 479 2137 1161 2317
8085 4 2 22 30 1202 1168 1372 1368
8086 4 2 22 30 994 428 429 2281
8087 4 2 22 30 1746 1604 1764 787
8088 4 2 22 30 1513 1954 1991 2259
8089 4 2 22 30 1336 1099 99 597
8090 4 2 22 30 1930 2335 2172 2339
8091 4 2 22 30 559 1303 567 2305
8092 4 2 22 30 591 97 1338 2256
8093 4 2 22 30 1327 90 580 2257
8094 4 2 22 30 133 1401 1955 2174
8095 4 2 22 30 442 584 87 2071
8096 4 2 22 30 893 821 822 2312
8097 4 2 22 30 50 2262 915 2265
8098 4 2 22 30 459 2218 1148 2219
8099 4 2 22 30 1092 1335 1333 1332
8100 4 2 22 30 2079 2243 2004 2355
8101 4 2 22 30 1166 1169 1175 637
8102 4 2 22 30 470 2165 2200 2268
8103 4 2 22 30 63 2198 1997 2268
8104 4 2 22 30 660 1850 1917 1816
8105 4 2 22 30 113 2035 114 2036
8106 4 2 22 30 2041 2249 2136 2297
8107 4 2 22 30 817 2225 1958 2322
8108 4 2 22 30 1159 2208 462 2219
8109 4 2 22 30 524 1209 2102 2139
8110 4 2 22 30 655 1988 1399 2334
8111 4 2 22 30 1566 1962 1536 2124
8112 4 2 22 30 881 2020 1744 2105
8113 4 2 22 30 1157 473 472 2203
8114 4 2 22 30 1949 1959 1543 2330
8115 4 2 22 30 2063 2143 540 2187
8116 4 2 22 30 767 1512 768 2045
8117 4 2 22 30 1690 2307 1694 2349
8118 4 2 22 30 59 2023 2021 2072
8119 4 2 22 30 1333 598 1104 1092
8120 4 2 22 30 1217 492 491 2113
8121 4 2 22 30 496 615 614 2117
8122 4 2 22 30 1694 2307 566 2349
8123 4 2 22 30 183 36 1456 1557
8124 4 2 22 30 1579 795 1530 1488
8125 4 2 22 30 113 1992 627 2279
8126 4 2 22 30 801 802 1506 1568
8127 4 2 22 30 526 2113 1211 2139
8128 4 2 22 30 634 1376 1168 1190
8129 4 2 22 30 611 1354 608 2018
8130 4 2 22 30 1439 2011 684 2304
8131 4 2 22 30 13 207 864 1696
8132 4 2 22 30 539 2187 2152 2299
8133 4 2 22 30 1461 784 1777 1757
8134 4 2 22 30 1451 1512 767 2045
8135 4 2 22 30 1136 448 472 2102
8136 4 2 22 30 605 2096 1718 2312
8137 4 2 22 30 653 1723 128 2099
8138 4 2 22 30 1084 1047 371 2245
8139 4 2 22 30 2048 2234 2218 2317
8140 4 2 22 30 98 592 1342 2250
8141 4 2 22 30 575 86 1319 1107
8142 4 2 22 30 2081 2126 1483 2127
8143 4 2 22 30 1939 2015 1932 2048
8144 4 2 22 30 826 899 902 2323
8145 4 2 22 30 1430 1426 684 2304
8146 4 2 22 30 1434 1433 682 2241
8147 4 2 22 30 83 1905 573 2162
8148 4 2 22 30 1465 808 807 1527
8149 4 2 22 30 866 211 1697 2196
8150 4 2 22 30 331 2027 2210 2289
8151 4 2 22 30 905 908 834 2333
8152 4 2 22 30 824 901 900 2332
8153 4 2 22 30 1733 1910 1861 1916
8154 4 2 22 30 2010 2167 2216 2310
8155 4 2 22 30 2100 2163 1928 2190
8156 4 2 22 30 1975 2068 2159 2277
8157 4 2 22 30 1977 2087 2155 2277
8158 4 2 22 30 2170 2202 2026 2265
8159 4 2 22 30 1816 1850 130 1828
8160 4 2 22 30 1476 627 113 1992
8161 4 2 22 30 473 2193 472 2203
8162 4 2 22 30 1449 2066 1493 2072
8163 4 2 22 30 1981 2053 2100 2142
8164 4 2 22 30 33 184 182 1571
8165 4 2 22 30 447 2214 1953 2311
8166 4 2 22 30 1785 1556 1494 1465
8167 4 2 22 30 1426 1926 1925 1934
8168 4 2 22 30 1849 1919 1726 747
8169 4 2 22 30 1715 1718 2096 2312
8170 4 2 22 30 447 2311 1953 2326
8171 4 2 22 30 828 854 1294 2206
8172 4 2 22 30 576 1320 87 1093
8173 4 2 22 30 906 2018 1287 2090
8174 4 2 22 30 1977 2087 2040 2354
8175 4 2 22 30 2006 2150 2004 2243
8176 4 2 22 30 1151 2181 1161 2329
8177 4 2 22 30 1551 1493 1449 1968
8178 4 2 22 30 454 1110 99 1099
8179 4 2 22 30 278 1824 553 2161
8180 4 2 22 30 2149 2294 1951 2321
8181 4 2 22 30 511 512 1994 2301
8182 4 2 22 30 1793 2221 1737 2253
8183 4 2 22 30 1445 117 625 1994
8184 4 2 22 30 1839 644 1987 2261
8185 4 2 22 30 1588 1293 842 1518
8186 4 2 22 30 1126 2071 442 2190
8187 4 2 22 30 416 1930 2335 2336
8188 4 2 22 30 1154 2165 2164 2208
8189 4 2 22 30 1288 183 1456 1557
8190 4 2 22 30 685 1442 145 2328
8191 4 2 22 30 1796 2231 2226 2319
8192 4 2 22 30 1534 1989 1974 2001
8193 4 2 22 30 1244 1240 513 2340
8194 4 2 22 30 176 757 574 1911
8195 4 2 22 30 392 2025 391 2310
8196 4 2 22 30 326 327 1875 2065
8197 4 2 22 30 501 1196 500 2086
8198 4 2 22 30 565 2003 1960 2162
8199 4 2 22 30 1502 591 97 2196
8200 4 2 22 30 1494 1575 1786 1465
8201 4 2 22 30 819 1444 1524 2349
8202 4 2 22 30 2055 2222 368 2275
8203 4 2 22 30 1094 1318 92 586
8204 4 2 22 30 1091 1108 585 1094
8205 4 2 22 30 1996 2097 1985 2183
8206 4 2 22 30 1211 2113 490 2139
8207 4 2 22 30 1434 1435 1431 682
8208 4 2 22 30 1490 788 787 1560
8209 4 2 22 30 603 1559 1602 2312
8210 4 2 22 30 1890 1819 2022 2276
8211 4 2 22 30 1715 2096 821 2312
8212 4 2 22 30 2002 2048 2015 2116
8213 4 2 22 30 541 540 1256 2299
8214 4 2 22 30 130 136 135 1816
8215 4 2 22 30 1825 1906 349 2352
8216 4 2 22 30 1934 1990 1981 2303
8217 4 2 22 30 1251 2152 2120 2179
8218 4 2 22 30 1847 75 281 2225
8219 4 2 22 30 1542 1497 1570 1978
8220 4 2 22 30 302 1885 301 2085
8221 4 2 22 30 545 544 1278 2348
8222 4 2 22 30 608 1355 611 2018
8223 4 2 22 30 1212 1216 518 2166
8224 4 2 22 30 915 2262 309 2265
8225 4 2 22 30 1861 1910 1824 554
8226 4 2 22 30 509 508 1991 2227
8227 4 2 22 30 1851 332 333 2289
8228 4 2 22 30 1182 1193 619 484
8229 4 2 22 30 1107 439 86 1096
8230 4 2 22 30 1430 1926 1934 1941
8231 4 2 22 30 1923 1592 2145 2146
8232 4 2 22 30 1177 1372 1168 634
8233 4 2 22 30 103 2023 492 2066
8234 4 2 22 30 94 2067 57 2149
8235 4 2 22 30 2195 2266 1841 2351
8236 4 2 22 30 1432 1983 681 2328
8237 4 2 22 30 1176 510 1204 2228
8238 4 2 22 30 2001 1982 2132 2222
8239 4 2 22 30 1380 2188 625 2295
8240 4 2 22 30 496 614 1179 495
8241 4 2 22 30 625 1994 117 2295
8242 4 2 22 30 1093 440 575 1107
8243 4 2 22 30 755 1836 1731 1904
8244 4 2 22 30 1497 1439 1436 2192
8245 4 2 22 30 1948 2077 1491 2254
8246 4 2 22 30 1989 2129 2128 2238
8247 4 2 22 30 1447 1501 1592 2013
8248 4 2 22 30 1489 1952 1936 2069
8249 4 2 22 30 2100 2198 1997 2320
8250 4 2 22 30 864 835 865 2291
8251 4 2 22 30 1710 582 201 2292
8252 4 2 22 30 1473 1583 605 2096
8253 4 2 22 30 1587 842 1484 2008
8254 4 2 22 30 486 1213 487 2102
8255 4 2 22 30 1759 1757 1739 2319
8256 4 2 22 30 581 2021 1324 2311
8257 4 2 22 30 510 68 2228 2282
8258 4 2 22 30 1489 1936 1496 2069
8259 4 2 22 30 1926 1940 1934 1941
8260 4 2 22 30 352 2029 2044 2281
8261 4 2 22 30 66 493 1203 2066
8262 4 2 22 30 2058 2153 518 2185
8263 4 2 22 30 685 1964 1442 2328
8264 4 2 22 30 849 827 850 2220
8265 4 2 22 30 2095 2057 2169 2222
8266 4 2 22 30 524 525 1208 2139
8267 4 2 22 30 1992 2197 2084 2340
8268 4 2 22 30 1985 2052 1996 2183
8269 4 2 22 30 767 1523 1773 768
8270 4 2 22 30 2115 2214 2123 2287
8271 4 2 22 30 513 512 1994 2295
8272 4 2 22 30 448 2123 449 2214
8273 4 2 22 30 1292 1293 2042 2240
8274 4 2 22 30 2048 2137 2223 2318
8275 4 2 22 30 2108 2121 2019 2275
8276 4 2 22 30 1194 2038 1197 2090
8277 4 2 22 30 1998 2016 2015 2165
8278 4 2 22 30 805 1505 806 1527
8279 4 2 22 30 1993 2004 1940 2030
8280 4 2 22 30 1244 548 549 2340
8281 4 2 22 30 685 145 1429 2328
8282 4 2 22 30 747 1920 1850 1828
8283 4 2 22 30 450 1105 449 2330
8284 4 2 22 30 999 1018 1037 2237
8285 4 2 22 30 1926 1941 1430 2151
8286 4 2 22 30 526 527 1211 2113
8287 4 2 22 30 1511 1935 1459 1971
8288 4 2 22 30 1812 1807 1823 571
8289 4 2 22 30 1504 1966 1455 1967
8290 4 2 22 30 1008 2111 2110 2183
8291 4 2 22 30 500 1172 499 2033
8292 4 2 22 30 1756 1575 1738 1466
8293 4 2 22 30 255 1715 893 2312
8294 4 2 22 30 635 634 1177 2188
8295 4 2 22 30 1593 814 813 2357
8296 4 2 22 30 2055 2245 2019 2275
8297 4 2 22 30 1000 2159 1039 2277
8298 4 2 22 30 749 1729 172 1917
8299 4 2 22 30 380 2247 2088 2315
8300 4 2 22 30 1923 2163 2083 2335
8301 4 2 22 30 1602 1968 603 2117
8302 4 2 22 30 774 2049 775 2194
8303 4 2 22 30 1169 109 612 1181
8304 4 2 22 30 1442 149 145 1432
8305 4 2 22 30 1096 583 1091 1095
8306 4 2 22 30 1369 1368 1170 1370
8307 4 2 22 30 102 2090 2038 2323
8308 4 2 22 30 1778 777 778 2351
8309 4 2 22 30 504 2143 2259 2309
8310 4 2 22 30 587 1100 94 1334
8311 4 2 22 30 1846 1895 1867 2253
8312 4 2 22 30 1031 382 381 2315
8313 4 2 22 30 684 147 1439 1427
8314 4 2 22 30 1571 182 1559 2230
8315 4 2 22 30 1531 633 1445 1991
8316 4 2 22 30 340 972 341 2337
8317 4 2 22 30 1815 2248 2212 2266
8318 4 2 22 30 812 811 2158 2272
8319 4 2 22 30 2007 2075 2019 2245
8320 4 2 22 30 783 782 1492 2065
8321 4 2 22 30 1949 2330 1339 2345
8322 4 2 22 30 472 448 1134 2102
8323 4 2 22 30 317 2136 2249 2297
8324 4 2 22 30 1479 1442 1964 2358
8325 4 2 22 30 1827 1880 1885 2226
8326 4 2 22 30 2032 1572 2114 2271
8327 4 2 22 30 2120 2144 2061 2187
8328 4 2 22 30 889 1690 888 2307
8329 4 2 22 30 1593 815 814 2103
8330 4 2 22 30 1528 810 809 1596
8331 4 2 22 30 511 2228 68 2301
8332 4 2 22 30 1359 614 2117 2350
8333 4 2 22 30 1869 1881 2049 2221
8334 4 2 22 30 1374 1372 641 1168
8335 4 2 22 30 1961 2021 1953 2038
8336 4 2 22 30 1964 2054 1967 2358
8337 4 2 22 30 90 2072 1577 2257
8338 4 2 22 30 486 2214 487 2287
8339 4 2 22 30 2103 2356 284 2357
8340 4 2 22 30 1427 1436 1439 2192
8341 4 2 22 30 388 389 951 2280
8342 4 2 22 30 1292 2039 1293 2240
8343 4 2 22 30 587 94 1111 2294
8344 4 2 22 30 1987 2261 2134 2262
8345 4 2 22 30 68 2301 2180 2359
8346 4 2 22 30 352 2029 1965 2044
8347 4 2 22 30 1796 797 1553 1759
8348 4 2 22 30 1971 2223 2141 2318
8349 4 2 22 30 2163 2190 2100 2268
8350 4 2 22 30 1764 1490 788 787
8351 4 2 22 30 381 2300 2247 2315
8352 4 2 22 30 1215 2123 484 2148
8353 4 2 22 30 1177 1190 513 2188
8354 4 2 22 30 10 208 860 1805
8355 4 2 22 30 4 203 855 1801
8356 4 2 22 30 510 2204 1237 2325
8357 4 2 22 30 385 384 1052 2343
8358 4 2 22 30 351 2044 567 2305
8359 4 2 22 30 1114 433 57 2321
8360 4 2 22 30 805 806 1781 2195
8361 4 2 22 30 434 1951 2294 2321
8362 4 2 22 30 1735 2022 648 2024
8363 4 2 22 30 633 117 1991 2227
8364 4 2 22 30 1296 846 1293 1467
8365 4 2 22 30 2123 2214 2115 2330
8366 4 2 22 30 805 1781 1780 2195
8367 4 2 22 30 651 1828 1849 1811
8368 4 2 22 30 841 1950 1484 2213
8369 4 2 22 30 1506 805 1505 804
8370 4 2 22 30 172 749 1917 660
8371 4 2 22 30 534 2179 2120 2302
8372 4 2 22 30 1601 1505 1780 1464
8373 4 2 22 30 681 1435 1431 1929
8374 4 2 22 30 126 125 2024 2082
8375 4 2 22 30 1427 1943 1428 2316
8376 4 2 22 30 1254 1265 2079 2355
8377 4 2 22 30 1146 2203 2165 2208
8378 4 2 22 30 1546 2259 2143 2309
8379 4 2 22 30 435 588 434 2270
8380 4 2 22 30 104 1449 1559 2230
8381 4 2 22 30 798 1759 1790 1600
8382 4 2 22 30 1098 1333 1104 1092
8383 4 2 22 30 1452 1510 2132 2258
8384 4 2 22 30 193 1468 194 1949
8385 4 2 22 30 2015 2218 1939 2219
8386 4 2 22 30 1346 2229 2023 2308
8387 4 2 22 30 567 1730 758 568
8388 4 2 22 30 1445 1991 117 2228
8389 4 2 22 30 2008 2284 1942 2293
8390 4 2 22 30 1976 2170 2241 2264
8391 4 2 22 30 2255 2284 1933 2337
8392 4 2 22 30 1875 327 1882 2065
8393 4 2 22 30 622 2115 621 2296
8394 4 2 22 30 125 2082 126 2104
8395 4 2 22 30 28 179 1524 1599
8396 4 2 22 30 2186 2199 1267 2200
8397 4 2 22 30 561 1693 1689 1444
8398 4 2 22 30 2004 2154 2058 2185
8399 4 2 22 30 1905 83 1843 2162
8400 4 2 22 30 1551 1477 1493 2074
8401 4 2 22 30 930 2262 2202 2265
8402 4 2 22 30 1925 1973 2019 2031
8403 4 2 22 30 386 1006 2274 2343
8404 4 2 22 30 1402 2014 134 2174
8405 4 2 22 30 465 62 1113 2339
8406 4 2 22 30 64 1163 478 2329
8407 4 2 22 30 1471 830 1544 2189
8408 4 2 22 30 440 441 2267 2338
8409 4 2 22 30 1444 819 1569 818
8410 4 2 22 30 1976 2087 1975 2241
8411 4 2 22 30 61 2313 2236 2318
8412 4 2 22 30 1728 746 1726 1859
8413 4 2 22 30 851 1711 200 578
8414 4 2 22 30 128 1987 1390 2261
8415 4 2 22 30 2105 2182 816 2225
8416 4 2 22 30 1973 2031 2057 2275
8417 4 2 22 30 1943 1978 2167 2316
8418 4 2 22 30 776 2194 775 2289
8419 4 2 22 30 528 1997 1218 2113
8420 4 2 22 30 2034 2061 2011 2191
8421 4 2 22 30 148 1440 1430 2062
8422 4 2 22 30 2016 2200 2030 2203
8423 4 2 22 30 1711 1710 851 2220
8424 4 2 22 30 545 2204 2242 2325
8425 4 2 22 30 201 582 1953 2292
8426 4 2 22 30 1910 1861 1909 1915
8427 4 2 22 30 288 289 2094 2258
8428 4 2 22 30 1093 576 1320 1317
8429 4 2 22 30 1946 2263 2135 2264
8430 4 2 22 30 1490 1604 1746 1769
8431 4 2 22 30 395 2156 2136 2215
8432 4 2 22 30 251 892 252 2308
8433 4 2 22 30 1211 491 490 2113
8434 4 2 22 30 1689 1691 890 2331
8435 4 2 22 30 1970 2061 2144 2187
8436 4 2 22 30 1124 59 444 2347
8437 4 2 22 30 1806 1828 651 1811
8438 4 2 22 30 187 828 1801 1467
8439 4 2 22 30 252 38 895 1714
8440 4 2 22 30 1819 1817 1806 2022
8441 4 2 22 30 2046 1939 2218 2219
8442 4 2 22 30 1943 1976 1428 2059
8443 4 2 22 30 544 2204 2201 2242
8444 4 2 22 30 1532 1533 1482 2289
8445 4 2 22 30 1536 2126 1989 2127
8446 4 2 22 30 1876 298 299 2081
8447 4 2 22 30 1895 2094 1867 2253
8448 4 2 22 30 1957 2143 2086 2309
8449 4 2 22 30 2063 2201 1229 2259
8450 4 2 22 30 1252 2299 2186 2355
8451 4 2 22 30 1979 2201 2204 2242
8452 4 2 22 30 1980 2041 2136 2215
8453 4 2 22 30 851 1710 849 2220
8454 4 2 22 30 1492 1554 783 2051
8455 4 2 22 30 827 185 1563 2292
8456 4 2 22 30 1508 1520 1982 1984
8457 4 2 22 30 2135 2263 2170 2264
8458 4 2 22 30 1439 684 1427 2304
8459 4 2 22 30 220 2009 867 2138
8460 4 2 22 30 394 2215 2136 2297
8461 4 2 22 30 1959 2326 1543 2330
8462 4 2 22 30 1457 1507 1541 1960
8463 4 2 22 30 1931 2235 2234 2321
8464 4 2 22 30 1736 1784 1500 1589
8465 4 2 22 30 1484 1950 1501 2255
8466 4 2 22 30 540 1268 1256 2299
8467 4 2 22 30 1301 2290 2161 2322
8468 4 2 22 30 1833 2049 1881 2221
8469 4 2 22 30 1170 1370 639 638
8470 4 2 22 30 1195 483 617 2036
8471 4 2 22 30 1733 753 174 1861
8472 4 2 22 30 1193 620 619 2287
8473 4 2 22 30 592 596 2039 2042
8474 4 2 22 30 420 1933 2284 2337
8475 4 2 22 30 491 2023 2021 2113
8476 4 2 22 30 1499 824 1288 1557
8477 4 2 22 30 2128 2130 1446 2157
8478 4 2 22 30 146 150 1437 1433
8479 4 2 22 30 1849 1919 747 1828
8480 4 2 22 30 1735 1768 1769 2024
8481 4 2 22 30 1820 1810 1833 2194
8482 4 2 22 30 615 2064 605 2117
8483 4 2 22 30 1943 1975 1927 1976
8484 4 2 22 30 181 183 1456 1957
8485 4 2 22 30 1808 1814 2272 2286
8486 4 2 22 30 127 169 745 644
8487 4 2 22 30 1585 1979 2201 2204
8488 4 2 22 30 1267 2186 1255 2199
8489 4 2 22 30 115 116 2038 2090
8490 4 2 22 30 1761 1741 1795 2266
8491 4 2 22 30 1456 1499 1288 1557
8492 4 2 22 30 1069 1020 2088 2277
8493 4 2 22 30 1152 2218 458 2317
8494 4 2 22 30 1817 1826 1827 2231
8495 4 2 22 30 1563 1712 2220 2292
8496 4 2 22 30 1818 1894 2020 2050
8497 4 2 22 30 558 1999 1299 2161
8498 4 2 22 30 1577 1472 2021 2292
8499 4 2 22 30 1550 2098 2064 2173
8500 4 2 22 30 1585 2201 1979 2259
8501 4 2 22 30 438 439 86 2213
8502 4 2 22 30 816 1481 817 1958
8503 4 2 22 30 1238 546 72 2325
8504 4 2 22 30 1923 2147 1947 2210
8505 4 2 22 30 1990 2053 1981 2142
8506 4 2 22 30 558 1444 2290 2331
8507 4 2 22 30 2106 2242 2325 2346
8508 4 2 22 30 999 2237 2121 2275
8509 4 2 22 30 1740 1601 1781 1780
8510 4 2 22 30 255 894 1719 2312
8511 4 2 22 30 1214 525 526 2139
8512 4 2 22 30 482 114 1195 1171
8513 4 2 22 30 1103 1102 437 2042
8514 4 2 22 30 613 1188 495 2350
8515 4 2 22 30 1592 1923 1482 2146
8516 4 2 22 30 1549 2032 1457 2349
8517 4 2 22 30 646 22 220 1720
8518 4 2 22 30 571 1821 1807 2105
8519 4 2 22 30 1753 775 1794 2194
8520 4 2 22 30 1808 1822 1814 2286
8521 4 2 22 30 436 1942 2008 2270
8522 4 2 22 30 583 1319 1091 1321
8523 4 2 22 30 286 2272 285 2357
8524 4 2 22 30 1592 1938 1923 2118
8525 4 2 22 30 1445 2228 1574 2282
8526 4 2 22 30 1996 2097 2122 2237
8527 4 2 22 30 1192 490 491 2229
8528 4 2 22 30 1018 1037 2237 2288
8529 4 2 22 30 1127 2101 453 2166
8530 4 2 22 30 2131 2132 366 2222
8531 4 2 22 30 1902 1913 1730 1823
8532 4 2 22 30 447 1134 448 2102
8533 4 2 22 30 277 278 1999 2341
8534 4 2 22 30 1772 1523 1562 1480
8535 4 2 22 30 768 767 1523 1512
8536 4 2 22 30 1842 1905 346 2162
8537 4 2 22 30 79 1960 1313 2162
8538 4 2 22 30 1931 2114 2236 2313
8539 4 2 22 30 112 109 1360 2086
8540 4 2 22 30 836 196 1518 1805
8541 4 2 22 30 572 75 1812 1847
8542 4 2 22 30 826 1291 1287 2323
8543 4 2 22 30 284 2182 2103 2357
8544 4 2 22 30 1428 146 1437 1433
8545 4 2 22 30 757 1732 175 1902
8546 4 2 22 30 1585 1979 2204 2282
8547 4 2 22 30 1315 577 1316 2267
8548 4 2 22 30 94 2149 57 2294
8549 4 2 22 30 1972 2089 1975 2159
8550 4 2 22 30 621 1959 267 2296
8551 4 2 22 30 783 1757 2248 2319
8552 4 2 22 30 1998 2100 2016 2165
8553 4 2 22 30 219 17 878 1750
8554 4 2 22 30 237 27 884 1751
8555 4 2 22 30 1109 87 576 2267
8556 4 2 22 30 124 1173 1175 637
8557 4 2 22 30 555 1812 1847 280
8558 4 2 22 30 1287 833 1286 2018
8559 4 2 22 30 1286 825 1287 2018
8560 4 2 22 30 490 489 1214 2139
8561 4 2 22 30 12 193 1555 1468
8562 4 2 22 30 1909 1912 571 1823
8563 4 2 22 30 619 1367 618 2115
8564 4 2 22 30 2011 2192 2191 2303
8565 4 2 22 30 658 1727 750 659
8566 4 2 22 30 774 773 2049 2221
8567 4 2 22 30 251 101 892 2308
8568 4 2 22 30 855 856 854 2206
8569 4 2 22 30 861 859 860 2207
8570 4 2 22 30 788 2078 2022 2276
8571 4 2 22 30 1135 450 449 2123
8572 4 2 22 30 13 207 1696 589
8573 4 2 22 30 1006 2217 2274 2343
8574 4 2 22 30 1504 2029 1967 2043
8575 4 2 22 30 1719 254 894 255
8576 4 2 22 30 610 1349 1180 1167
8577 4 2 22 30 1090 2039 596 2042
8578 4 2 22 30 684 148 1430 2062
8579 4 2 22 30 1506 805 804 2157
8580 4 2 22 30 1946 2134 2133 2263
8581 4 2 22 30 1837 1815 1862 2266
8582 4 2 22 30 1764 1774 1735 2022
8583 4 2 22 30 1839 643 1849 1856
8584 4 2 22 30 778 777 2027 2351
8585 4 2 22 30 91 1106 2240 2326
8586 4 2 22 30 2082 2104 1937 2344
8587 4 2 22 30 1443 2184 1948 2254
8588 4 2 22 30 121 1200 1168 1176
8589 4 2 22 30 1599 1524 28 820
8590 4 2 22 30 1390 1987 644 2261
8591 4 2 22 30 303 304 1897 2080
8592 4 2 22 30 660 135 136 1816
8593 4 2 22 30 1500 1783 1784 1736
8594 4 2 22 30 2048 2223 1932 2313
8595 4 2 22 30 1726 1919 1849 1728
8596 4 2 22 30 1546 2063 1970 2143
8597 4 2 22 30 1854 2065 1875 2248
8598 4 2 22 30 559 1305 2283 2305
8599 4 2 22 30 1513 1954 1531 1991
8600 4 2 22 30 505 504 2259 2309
8601 4 2 22 30 1943 2167 2059 2316
8602 4 2 22 30 753 1824 174 1861
8603 4 2 22 30 632 1704 1703 2189
8604 4 2 22 30 855 1801 203 2206
8605 4 2 22 30 1805 208 860 2207
8606 4 2 22 30 457 2234 1116 2321
8607 4 2 22 30 115 1373 639 1183
8608 4 2 22 30 1430 1941 1934 2062
8609 4 2 22 30 1721 872 1722 2246
8610 4 2 22 30 41 266 829 1516
8611 4 2 22 30 1586 1501 1447 2013
8612 4 2 22 30 2037 2106 2180 2346
8613 4 2 22 30 1561 1453 192 1959
8614 4 2 22 30 1937 2202 1566 2344
8615 4 2 22 30 1187 110 1351 615
8616 4 2 22 30 1980 2136 2077 2156
8617 4 2 22 30 1491 2077 2249 2254
8618 4 2 22 30 1430 1441 685 2151
8619 4 2 22 30 1762 1461 1739 1579
8620 4 2 22 30 520 2123 1215 2148
8621 4 2 22 30 1126 467 443 2190
8622 4 2 22 30 1792 772 773 2221
8623 4 2 22 30 443 467 1125 2190
8624 4 2 22 30 194 836 1518 1804
8625 4 2 22 30 1708 1707 623 2327
8626 4 2 22 30 2017 2035 1949 2036
8627 4 2 22 30 1956 1566 2202 2344
8628 4 2 22 30 1532 2027 777 2289
8629 4 2 22 30 769 2045 1512 2205
8630 4 2 22 30 92 1324 2021 2311
8631 4 2 22 30 486 1210 2102 2123
8632 4 2 22 30 381 2124 2125 2247
8633 4 2 22 30 688 2160 1433 2241
8634 4 2 22 30 1368 1173 1369 1170
8635 4 2 22 30 767 1451 1562 1512
8636 4 2 22 30 1729 1848 171 749
8637 4 2 22 30 887 1689 243 244
8638 4 2 22 30 769 1512 1586 2205
8639 4 2 22 30 914 1701 267 2296
8640 4 2 22 30 1128 469 445 2139
8641 4 2 22 30 1521 1994 2140 2301
8642 4 2 22 30 1166 1369 1170 638
8643 4 2 22 30 1112 2021 445 2311
8644 4 2 22 30 81 1825 1830 2305
8645 4 2 22 30 1994 2140 512 2340
8646 4 2 22 30 1174 1197 1191 2090
8647 4 2 22 30 522 2123 521 2193
8648 4 2 22 30 1551 2070 1968 2117
8649 4 2 22 30 2124 2247 381 2300
8650 4 2 22 30 77 1303 559 2283
8651 4 2 22 30 1565 1463 1489 2041
8652 4 2 22 30 1985 2328 2052 2358
8653 4 2 22 30 1190 121 1168 1176
8654 4 2 22 30 2058 2154 2153 2185
8655 4 2 22 30 78 31 237 886
8656 4 2 22 30 47 118 910 269
8657 4 2 22 30 101 37 251 892
8658 4 2 22 30 219 125 21 867
8659 4 2 22 30 2019 2075 1972 2083
8660 4 2 22 30 1503 2134 1509 2263
8661 4 2 22 30 1689 1693 558 2331
8662 4 2 22 30 1485 1441 2037 2151
8663 4 2 22 30 2228 2282 68 2301
8664 4 2 22 30 1468 194 844 1518
8665 4 2 22 30 349 350 1825 2305
8666 4 2 22 30 1865 1841 1810 2195
8667 4 2 22 30 550 1240 549 2340
8668 4 2 22 30 1569 229 230 1742
8669 4 2 22 30 470 1130 469 2139
8670 4 2 22 30 1975 1977 1972 2068
8671 4 2 22 30 1977 2156 2155 2354
8672 4 2 22 30 1526 1566 1487 1937
8673 4 2 22 30 1872 2158 1846 2272
8674 4 2 22 30 1543 1561 1953 1959
8675 4 2 22 30 1553 1488 1483 2085
8676 4 2 22 30 235 880 236 2322
8677 4 2 22 30 321 1890 320 2078
8678 4 2 22 30 773 1447 1597 2049
8679 4 2 22 30 1890 2022 1834 2078
8680 4 2 22 30 1195 617 482 2036
8681 4 2 22 30 822 1559 1473 1557
8682 4 2 22 30 1949 2035 1573 2036
8683 4 2 22 30 191 267 1959 2296
8684 4 2 22 30 1859 658 657 2232
8685 4 2 22 30 477 64 2101 2153
8686 4 2 22 30 94 93 2149 2294
8687 4 2 22 30 754 1836 1903 1733
8688 4 2 22 30 376 2238 2126 2251
8689 4 2 22 30 990 429 430 2281
8690 4 2 22 30 1940 2015 1998 2016
8691 4 2 22 30 1288 824 1286 2332
8692 4 2 22 30 834 1290 1286 2333
8693 4 2 22 30 1898 2080 304 2082
8694 4 2 22 30 1508 1534 1974 2001
8695 4 2 22 30 555 279 280 2273
8696 4 2 22 30 793 2080 2024 2082
8697 4 2 22 30 1501 1950 1564 1995
8698 4 2 22 30 91 2240 89 2326
8699 4 2 22 30 304 1898 1897 2080
8700 4 2 22 30 1440 1430 2062 2151
8701 4 2 22 30 407 1078 2285 2306
8702 4 2 22 30 1977 2155 2087 2354
8703 4 2 22 30 1834 1890 1819 2022
8704 4 2 22 30 581 2292 2021 2311
8705 4 2 22 30 1457 2032 2003 2349
8706 4 2 22 30 775 1533 1597 1469
8707 4 2 22 30 797 798 1759 2226
8708 4 2 22 30 864 1697 1696 2291
8709 4 2 22 30 90 2021 1577 2072
8710 4 2 22 30 434 587 433 2294
8711 4 2 22 30 574 2003 2162 2352
8712 4 2 22 30 1455 1967 1971 2114
8713 4 2 22 30 1131 452 451 2148
8714 4 2 22 30 1173 1166 1175 637
8715 4 2 22 30 1923 2083 2146 2335
8716 4 2 22 30 1702 274 913 1705
8717 4 2 22 30 1044 1019 999 2237
8718 4 2 22 30 1207 520 521 2123
8719 4 2 22 30 1532 2210 2027 2289
8720 4 2 22 30 615 1187 1179 1348
8721 4 2 22 30 522 2200 2193 2314
8722 4 2 22 30 1940 1926 2002 2004
8723 4 2 22 30 1931 1951 2235 2321
8724 4 2 22 30 2111 2233 2168 2342
8725 4 2 22 30 1707 624 623 2327
8726 4 2 22 30 1993 2030 1940 2186
8727 4 2 22 30 1536 1483 2125 2126
8728 4 2 22 30 1552 778 1532 2027
8729 4 2 22 30 1694 77 559 2349
8730 4 2 22 30 1486 1496 131 2014
8731 4 2 22 30 1575 1793 1494 1737
8732 4 2 22 30 483 1215 484 2148
8733 4 2 22 30 1090 1102 1103 2042
8734 4 2 22 30 1871 2272 2182 2357
8735 4 2 22 30 58 1995 2338 2339
8736 4 2 22 30 1521 1992 2084 2340
8737 4 2 22 30 1783 1736 1782 2248
8738 4 2 22 30 469 1130 445 2139
8739 4 2 22 30 285 2272 1871 2357
8740 4 2 22 30 1557 1473 822 821
8741 4 2 22 30 1516 1470 838 1287
8742 4 2 22 30 2006 2079 2060 2242
8743 4 2 22 30 2158 2258 1452 2357
8744 4 2 22 30 2155 2175 400 2298
8745 4 2 22 30 1964 1967 1966 2358
8746 4 2 22 30 1956 2124 1566 2344
8747 4 2 22 30 1032 2175 2155 2277
8748 4 2 22 30 1524 1444 819 1569
8749 4 2 22 30 1499 839 1517 1456
8750 4 2 22 30 1705 274 913 912
8751 4 2 22 30 2202 2300 1956 2344
8752 4 2 22 30 2002 2137 2058 2154
8753 4 2 22 30 266 41 42 1516
8754 4 2 22 30 42 266 1516 261
8755 4 2 22 30 1097 1335 1092 1101
8756 4 2 22 30 1097 435 95 1101
8757 4 2 22 30 1526 2028 128 2099
8758 4 2 22 30 437 436 2008 2042
8759 4 2 22 30 587 1111 433 2294
8760 4 2 22 30 1961 2038 837 2308
8761 4 2 22 30 1444 180 2290 2331
8762 4 2 22 30 1981 2142 2100 2239
8763 4 2 22 30 565 1960 79 2162
8764 4 2 22 30 1517 1456 839 2309
8765 4 2 22 30 1592 1482 1923 1938
8766 4 2 22 30 288 2132 2131 2258
8767 4 2 22 30 1003 1020 1021 2277
8768 4 2 22 30 776 1794 2194 2351
8769 4 2 22 30 1982 1984 2093 2095
8770 4 2 22 30 1541 1562 1599 765
8771 4 2 22 30 472 1134 471 2102
8772 4 2 22 30 2079 2348 2243 2355
8773 4 2 22 30 868 17 219 791
8774 4 2 22 30 415 1930 2145 2335
8775 4 2 22 30 2058 2116 2030 2193
8776 4 2 22 30 1817 1898 2024 2080
8777 4 2 22 30 1386 2005 118 2333
8778 4 2 22 30 108 2005 1353 2332
8779 4 2 22 30 211 865 193 2196
8780 4 2 22 30 236 880 76 2322
8781 4 2 22 30 591 1502 97 2256
8782 4 2 22 30 505 2112 1954 2259
8783 4 2 22 30 1471 1531 189 2189
8784 4 2 22 30 1436 690 1570 2316
8785 4 2 22 30 842 2008 843 2042
8786 4 2 22 30 645 1392 1987 2138
8787 4 2 22 30 1942 2209 2046 2234
8788 4 2 22 30 1964 2328 1985 2358
8789 4 2 22 30 1864 2082 306 2104
8790 4 2 22 30 211 16 593 863
8791 4 2 22 30 638 1166 1369 637
8792 4 2 22 30 1480 1734 1775 1742
8793 4 2 22 30 1509 1539 689 2059
8794 4 2 22 30 474 2193 473 2203
8795 4 2 22 30 753 173 553 1910
8796 4 2 22 30 1456 1957 840 2309
8797 4 2 22 30 1514 692 1979 2037
8798 4 2 22 30 2193 2200 472 2203
8799 4 2 22 30 1528 1596 1452 2158
8800 4 2 22 30 1856 643 126 2104
8801 4 2 22 30 311 2028 310 2280
8802 4 2 22 30 171 1850 749 1816
8803 4 2 22 30 1430 685 1926 2151
8804 4 2 22 30 522 2193 521 2314
8805 4 2 22 30 768 1763 1773 2286
8806 4 2 22 30 1566 1536 1488 2125
8807 4 2 22 30 1460 1936 1489 1952
8808 4 2 22 30 496 2064 615 2117
8809 4 2 22 30 1545 2091 1965 2092
8810 4 2 22 30 568 1304 560 2044
8811 4 2 22 30 773 772 2013 2221
8812 4 2 22 30 1890 2022 2078 2276
8813 4 2 22 30 839 190 1517 1954
8814 4 2 22 30 983 2336 418 2337
8815 4 2 22 30 639 1373 1170 1183
8816 4 2 22 30 20 225 877 1749
8817 4 2 22 30 26 236 883 1748
8818 4 2 22 30 248 249 1557 1799
8819 4 2 22 30 1915 1914 1812 572
8820 4 2 22 30 1293 845 846 2206
8821 4 2 22 30 1846 1895 2094 2158
8822 4 2 22 30 1807 571 570 1823
8823 4 2 22 30 634 1190 2188 2295
8824 4 2 22 30 2018 2090 610 2323
8825 4 2 22 30 2026 2170 2263 2264
8826 4 2 22 30 1807 1821 1814 2105
8827 4 2 22 30 1546 1515 1957 2144
8828 4 2 22 30 525 2199 2198 2200
8829 4 2 22 30 1858 1816 130 1828
8830 4 2 22 30 1450 88 1564 2220
8831 4 2 22 30 1827 2231 1826 2319
8832 4 2 22 30 1712 1710 1713 2220
8833 4 2 22 30 1990 2061 1993 2152
8834 4 2 22 30 769 768 2045 2286
8835 4 2 22 30 776 777 1760 2351
8836 4 2 22 30 1772 1747 1523 1734
8837 4 2 22 30 88 1450 1564 1995
8838 4 2 22 30 446 445 1130 2139
8839 4 2 22 30 1943 2010 1977 2040
8840 4 2 22 30 593 16 211 866
8841 4 2 22 30 567 2044 1305 2305
8842 4 2 22 30 1430 2062 1934 2304
8843 4 2 22 30 843 1292 842 2207
8844 4 2 22 30 407 1046 1078 2306
8845 4 2 22 30 623 2036 1365 2115
8846 4 2 22 30 186 200 2 850
8847 4 2 22 30 211 12 193 865
8848 4 2 22 30 1301 2161 554 2273
8849 4 2 22 30 2152 2187 1993 2299
8850 4 2 22 30 1523 1772 1562 767
8851 4 2 22 30 1132 446 470 2139
8852 4 2 22 30 1873 2194 1851 2289
8853 4 2 22 30 220 22 871 1720
8854 4 2 22 30 191 192 42 1453
8855 4 2 22 30 1915 1861 1909 1812
8856 4 2 22 30 1450 580 1563 2257
8857 4 2 22 30 684 1440 148 2062
8858 4 2 22 30 1829 134 2014 2174
8859 4 2 22 30 659 1729 172 749
8860 4 2 22 30 176 1732 567 757
8861 4 2 22 30 604 1359 614 2117
8862 4 2 22 30 644 1987 1392 2104
8863 4 2 22 30 604 1719 603 2312
8864 4 2 22 30 1437 1433 150 2160
8865 4 2 22 30 477 1129 476 2166
8866 4 2 22 30 1471 1544 1531 2189
8867 4 2 22 30 98 1342 2039 2250
8868 4 2 22 30 592 2207 2039 2250
8869 4 2 22 30 1106 448 449 2326
8870 4 2 22 30 837 1961 1561 2038
8871 4 2 22 30 57 2294 2149 2321
8872 4 2 22 30 1924 1981 1925 2239
8873 4 2 22 30 347 2003 348 2352
8874 4 2 22 30 914 911 276 1701
8875 4 2 22 30 1991 2204 509 2282
8876 4 2 22 30 1933 1950 2255 2338
8877 4 2 22 30 837 1561 838 2038
8878 4 2 22 30 839 1954 1517 2309
8879 4 2 22 30 104 2023 103 2066
8880 4 2 22 30 1166 1169 637 2018
8881 4 2 22 30 1839 1856 308 2104
8882 4 2 22 30 1734 1771 1772 2020
8883 4 2 22 30 839 1499 840 1456
8884 4 2 22 30 1962 2247 2124 2300
8885 4 2 22 30 994 429 990 2281
8886 4 2 22 30 2053 2186 2016 2199
8887 4 2 22 30 1923 1947 1482 2210
8888 4 2 22 30 1995 2267 58 2338
8889 4 2 22 30 1096 1095 1106 2240
8890 4 2 22 30 1971 2056 1935 2141
8891 4 2 22 30 1937 1987 2134 2262
8892 4 2 22 30 191 1453 1525 2296
8893 4 2 22 30 1755 1740 1556 1781
8894 4 2 22 30 1759 2226 2248 2319
8895 4 2 22 30 2007 2089 2171 2238
8896 4 2 22 30 1174 102 1180 610
8897 4 2 22 30 504 2143 2063 2259
8898 4 2 22 30 1993 2030 2186 2355
8899 4 2 22 30 2 200 186 847
8900 4 2 22 30 211 193 12 862
8901 4 2 22 30 1862 1900 296 2107
8902 4 2 22 30 1976 2135 2170 2264
8903 4 2 22 30 571 2020 1312 2105
8904 4 2 22 30 410 1063 2252 2285
8905 4 2 22 30 1833 1881 2049 2194
8906 4 2 22 30 876 649 226 648
8907 4 2 22 30 608 900 258 607
8908 4 2 22 30 882 238 563 562
8909 4 2 22 30 629 628 906 270
8910 4 2 22 30 1473 822 821 2312
8911 4 2 22 30 1985 2097 2047 2110
8912 4 2 22 30 1452 1510 1520 2132
8913 4 2 22 30 570 84 1813 1912
8914 4 2 22 30 792 1768 1582 1745
8915 4 2 22 30 1910 1733 760 1916
8916 4 2 22 30 1856 126 1864 2104
8917 4 2 22 30 1514 2037 1979 2106
8918 4 2 22 30 1713 577 88 2220
8919 4 2 22 30 1429 1926 685 1964
8920 4 2 22 30 177 1581 1486 1580
8921 4 2 22 30 1953 1959 1561 2038
8922 4 2 22 30 356 2168 2111 2183
8923 4 2 22 30 1903 1835 174 753
8924 4 2 22 30 2031 2019 2121 2275
8925 4 2 22 30 2075 2083 2252 2285
8926 4 2 22 30 311 312 1859 2232
8927 4 2 22 30 558 2290 557 2331
8928 4 2 22 30 191 1525 829 2296
8929 4 2 22 30 2030 2004 2185 2355
8930 4 2 22 30 911 1705 912 275
8931 4 2 22 30 756 1732 1830 1904
8932 4 2 22 30 599 1180 102 1349
8933 4 2 22 30 277 1999 278 2161
8934 4 2 22 30 1813 573 1902 1912
8935 4 2 22 30 1987 2202 308 2262
8936 4 2 22 30 1586 2013 771 2205
8937 4 2 22 30 311 2232 2028 2280
8938 4 2 22 30 201 1953 185 2292
8939 4 2 22 30 1872 286 287 2158
8940 4 2 22 30 2168 2000 2341 2342
8941 4 2 22 30 1491 1980 1463 2249
8942 4 2 22 30 44 189 831 1471
8943 4 2 22 30 888 242 243 1690
8944 4 2 22 30 642 1184 641 1168
8945 4 2 22 30 104 1602 1559 1449
8946 4 2 22 30 534 2173 2098 2302
8947 4 2 22 30 1319 1091 1107 1096
8948 4 2 22 30 1463 1570 1489 2041
8949 4 2 22 30 389 390 953 2280
8950 4 2 22 30 1838 1815 1837 2248
8951 4 2 22 30 1365 2036 618 2115
8952 4 2 22 30 1585 1979 1513 2259
8953 4 2 22 30 103 493 1178 2350
8954 4 2 22 30 1839 1987 309 2261
8955 4 2 22 30 483 618 2036 2115
8956 4 2 22 30 1715 255 893 256
8957 4 2 22 30 81 77 2032 2305
8958 4 2 22 30 589 2012 1951 2270
8959 4 2 22 30 108 1957 107 2086
8960 4 2 22 30 1358 604 614 2117
8961 4 2 22 30 998 2217 2343 2354
8962 4 2 22 30 2244 2325 2242 2346
8963 4 2 22 30 854 856 579 2206
8964 4 2 22 30 859 861 592 2207
8965 4 2 22 30 264 831 912 830
8966 4 2 22 30 894 245 823 822
8967 4 2 22 30 888 819 232 820
8968 4 2 22 30 762 763 213 870
8969 4 2 22 30 815 814 2103 2182
8970 4 2 22 30 1484 1501 1451 2255
8971 4 2 22 30 451 2330 1949 2345
8972 4 2 22 30 214 215 1495 762
8973 4 2 22 30 1600 1736 1784 1757
8974 4 2 22 30 2001 1989 2129 2130
8975 4 2 22 30 840 2332 1286 2333
8976 4 2 22 30 1842 573 1813 1905
8977 4 2 22 30 1935 2056 1945 2278
8978 4 2 22 30 219 17 1750 791
8979 4 2 22 30 27 237 764 1751
8980 4 2 22 30 1919 1849 1918 652
8981 4 2 22 30 309 50 2261 2262
8982 4 2 22 30 1752 1741 1754 2266
8983 4 2 22 30 1890 1891 1819 2276
8984 4 2 22 30 1725 223 222 870
8985 4 2 22 30 1724 131 656 2246
8986 4 2 22 30 1942 1951 1507 2008
8987 4 2 22 30 108 40 898 257
8988 4 2 22 30 129 225 24 874
8989 4 2 22 30 236 30 76 880
8990 4 2 22 30 904 116 46 268
8991 4 2 22 30 1432 681 145 2328
8992 4 2 22 30 1573 1959 2115 2296
8993 4 2 22 30 1976 2170 2087 2241
8994 4 2 22 30 754 1731 1733 1861
8995 4 2 22 30 796 2085 797 2226
8996 4 2 22 30 109 1181 1199 2086
8997 4 2 22 30 1126 443 2071 2190
8998 4 2 22 30 520 521 2193 2314
8999 4 2 22 30 1745 1768 1735 2024
9000 4 2 22 30 845 2326 2039 2330
9001 4 2 22 30 1495 1594 763 2099
9002 4 2 22 30 200 850 186 2220
9003 4 2 22 30 1966 2029 2091 2353
9004 4 2 22 30 1596 1452 2158 2258
9005 4 2 22 30 606 2033 1558 2096
9006 4 2 22 30 1980 2156 1978 2215
9007 4 2 22 30 1965 2092 354 2224
9008 4 2 22 30 1759 2248 1757 2319
9009 4 2 22 30 636 1202 1375 1189
9010 4 2 22 30 145 681 1429 2328
9011 4 2 22 30 493 2066 1968 2350
9012 4 2 22 30 1455 1944 1511 1971
9013 4 2 22 30 2058 2166 2153 2181
9014 4 2 22 30 1812 555 1824 279
9015 4 2 22 30 1265 2348 2079 2355
9016 4 2 22 30 1130 470 446 2139
9017 4 2 22 30 1884 298 1876 2081
9018 4 2 22 30 211 593 1697 2196
9019 4 2 22 30 112 111 1181 1196
9020 4 2 22 30 1838 2212 1815 2248
9021 4 2 22 30 64 2153 477 2329
9022 4 2 22 30 366 2222 2057 2275
9023 4 2 22 30 1428 1426 1927 1943
9024 4 2 22 30 1841 1840 1810 2351
9025 4 2 22 30 2093 1984 2109 2168
9026 4 2 22 30 1127 64 60 2101
9027 4 2 22 30 1471 264 44 263
9028 4 2 22 30 1988 2025 314 2069
9029 4 2 22 30 1827 1809 1853 2226
9030 4 2 22 30 1996 2095 2122 2183
9031 4 2 22 30 1966 2054 2029 2353
9032 4 2 22 30 1192 600 1350 1167
9033 4 2 22 30 93 2067 94 2149
9034 4 2 22 30 495 614 1179 1188
9035 4 2 22 30 1850 135 1917 1816
9036 4 2 22 30 1973 2031 1996 2057
9037 4 2 22 30 1160 1153 1164 2317
9038 4 2 22 30 1836 1903 569 2224
9039 4 2 22 30 1939 2031 1998 2172
9040 4 2 22 30 568 560 1305 2044
9041 4 2 22 30 1853 300 1880 2226
9042 4 2 22 30 1798 826 1470 825
9043 4 2 22 30 310 2133 955 2280
9044 4 2 22 30 1933 2336 2172 2339
9045 4 2 22 30 1366 621 2115 2287
9046 4 2 22 30 2244 2346 2150 2359
9047 4 2 22 30 1543 2214 1953 2326
9048 4 2 22 30 1471 44 43 263
9049 4 2 22 30 639 115 1174 2090
9050 4 2 22 30 1497 1978 1542 2192
9051 4 2 22 30 1522 1466 1767 1747
9052 4 2 22 30 2182 2272 813 2357
9053 4 2 22 30 1797 1540 770 769
9054 4 2 22 30 473 474 1135 2123
9055 4 2 22 30 1487 1526 1937 2009
9056 4 2 22 30 1812 1909 1915 572
9057 4 2 22 30 1254 1253 1249 2355
9058 4 2 22 30 1429 681 1929 2328
9059 4 2 22 30 1444 818 180 2331
9060 4 2 22 30 484 485 1193 2115
9061 4 2 22 30 974 2177 2147 2210
9062 4 2 22 30 2215 2216 2167 2324
9063 4 2 22 30 1520 2093 1984 2109
9064 4 2 22 30 1718 105 606 2096
9065 4 2 22 30 992 2043 2271 2281
9066 4 2 22 30 636 1189 114 2279
9067 4 2 22 30 1027 2237 999 2275
9068 4 2 22 30 1970 2061 2034 2144
9069 4 2 22 30 832 1289 192 907
9070 4 2 22 30 1291 826 184 902
9071 4 2 22 30 1109 576 441 2267
9072 4 2 22 30 691 2011 1439 2192
9073 4 2 22 30 1371 1170 619 618
9074 4 2 22 30 74 1903 1835 2224
9075 4 2 22 30 104 1602 1449 1968
9076 4 2 22 30 2088 2089 1038 2277
9077 4 2 22 30 1959 1949 2115 2330
9078 4 2 22 30 520 1215 519 2148
9079 4 2 22 30 1706 624 1707 2327
9080 4 2 22 30 1824 554 553 2161
9081 4 2 22 30 2159 2175 1039 2277
9082 4 2 22 30 1095 91 1091 1108
9083 4 2 22 30 752 1726 1919 751
9084 4 2 22 30 1481 2093 1520 2109
9085 4 2 22 30 1806 2022 1817 2024
9086 4 2 22 30 1430 1440 1441 2151
9087 4 2 22 30 1577 1472 1571 2021
9088 4 2 22 30 1501 1586 1512 2255
9089 4 2 22 30 2059 1976 2160 2264
9090 4 2 22 30 449 2326 2214 2330
9091 4 2 22 30 1977 2155 2068 2277
9092 4 2 22 30 639 1174 115 1183
9093 4 2 22 30 955 2133 388 2280
9094 4 2 22 30 631 1703 1702 2189
9095 4 2 22 30 441 2338 1115 2339
9096 4 2 22 30 2060 2242 2079 2299
9097 4 2 22 30 1535 817 816 1481
9098 4 2 22 30 1829 2014 316 2174
9099 4 2 22 30 755 1731 1861 1823
9100 4 2 22 30 1889 2027 1840 2212
9101 4 2 22 30 788 787 2078 2276
9102 4 2 22 30 1543 1959 2214 2326
9103 4 2 22 30 240 563 564 881
9104 4 2 22 30 629 905 630 272
9105 4 2 22 30 899 260 609 608
9106 4 2 22 30 875 648 228 647
9107 4 2 22 30 255 1719 1715 2312
9108 4 2 22 30 1810 2194 2195 2351
9109 4 2 22 30 2002 2030 2004 2058
9110 4 2 22 30 1811 126 1864 1856
9111 4 2 22 30 1566 1488 1487 2080
9112 4 2 22 30 1920 751 1727 750
9113 4 2 22 30 1811 652 1806 2024
9114 4 2 22 30 1330 2012 589 2270
9115 4 2 22 30 1175 637 1169 2005
9116 4 2 22 30 288 2094 1895 2158
9117 4 2 22 30 794 2080 795 2231
9118 4 2 22 30 2093 2095 1984 2168
9119 4 2 22 30 1763 1767 1466 1747
9120 4 2 22 30 173 753 1733 1910
9121 4 2 22 30 1529 811 1528 1452
9122 4 2 22 30 830 911 266 829
9123 4 2 22 30 821 893 822 247
9124 4 2 22 30 887 234 819 818
9125 4 2 22 30 761 762 215 869
9126 4 2 22 30 2004 2079 2006 2243
9127 4 2 22 30 96 2042 1343 2207
9128 4 2 22 30 1736 1578 1790 1600
9129 4 2 22 30 1563 1472 1577 2292
9130 4 2 22 30 1031 2315 1003 2354
9131 4 2 22 30 447 1953 2214 2326
9132 4 2 22 30 1817 1897 2080 2231
9133 4 2 22 30 1071 1046 406 2306
9134 4 2 22 30 1945 1944 2154 2223
9135 4 2 22 30 610 611 1174 2018
9136 4 2 22 30 103 2066 493 2350
9137 4 2 22 30 1540 1512 769 1603
9138 4 2 22 30 1127 477 2101 2166
9139 4 2 22 30 1466 1540 1738 1603
9140 4 2 22 30 2036 2115 1949 2330
9141 4 2 22 30 1974 2001 1989 2129
9142 4 2 22 30 1980 2136 2041 2249
9143 4 2 22 30 1849 1918 745 1728
9144 4 2 22 30 511 2228 1994 2295
9145 4 2 22 30 1999 2161 558 2290
9146 4 2 22 30 1287 1291 837 2323
9147 4 2 22 30 354 2092 74 2224
9148 4 2 22 30 1900 295 296 2107
9149 4 2 22 30 1195 482 483 2036
9150 4 2 22 30 1909 1861 1916 1823
9151 4 2 22 30 392 2217 2216 2310
9152 4 2 22 30 1177 514 1189 2188
9153 4 2 22 30 522 521 1269 2314
9154 4 2 22 30 2168 2233 2000 2342
9155 4 2 22 30 1998 1981 2100 2163
9156 4 2 22 30 1973 2057 2055 2275
9157 4 2 22 30 17 878 1750 218
9158 4 2 22 30 27 884 1751 231
9159 4 2 22 30 195 1555 835 2291
9160 4 2 22 30 1237 2204 545 2325
9161 4 2 22 30 185 201 3 852
9162 4 2 22 30 195 207 9 857
9163 4 2 22 30 455 456 595 2067
9164 4 2 22 30 1973 2007 1972 2019
9165 4 2 22 30 842 1587 1588 1518
9166 4 2 22 30 1825 1842 347 2352
9167 4 2 22 30 627 626 1476 2327
9168 4 2 22 30 1437 1509 2059 2160
9169 4 2 22 30 1132 471 447 2102
9170 4 2 22 30 1486 177 790 1955
9171 4 2 22 30 1182 619 1170 618
9172 4 2 22 30 506 1185 505 2112
9173 4 2 22 30 1814 1871 1845 2272
9174 4 2 22 30 1943 2040 1976 2059
9175 4 2 22 30 768 769 1763 2286
9176 4 2 22 30 1027 1009 1048 2275
9177 4 2 22 30 316 317 1829 2174
9178 4 2 22 30 1692 1690 889 2307
9179 4 2 22 30 2040 2217 2135 2310
9180 4 2 22 30 60 99 2017 2260
9181 4 2 22 30 1977 2040 2010 2354
9182 4 2 22 30 1494 1786 1575 1737
9183 4 2 22 30 1747 1765 1522 1734
9184 4 2 22 30 1829 1816 660 2174
9185 4 2 22 30 1902 1842 573 1813
9186 4 2 22 30 1730 758 1732 567
9187 4 2 22 30 582 849 7 1710
9188 4 2 22 30 340 2045 2255 2337
9189 4 2 22 30 2017 2036 1949 2345
9190 4 2 22 30 1752 1754 1741 1464
9191 4 2 22 30 1880 2085 1885 2226
9192 4 2 22 30 482 1212 483 2148
9193 4 2 22 30 1462 1434 1534 2241
9194 4 2 22 30 1573 1453 1959 2296
9195 4 2 22 30 1435 681 1431 682
9196 4 2 22 30 779 1754 1779 2212
9197 4 2 22 30 512 2140 1994 2301
9198 4 2 22 30 152 148 1440 1441
9199 4 2 22 30 77 2283 559 2349
9200 4 2 22 30 1758 1737 1756 2253
9201 4 2 22 30 2084 2140 1521 2340
9202 4 2 22 30 89 1323 2206 2240
9203 4 2 22 30 100 2039 1105 2330
9204 4 2 22 30 770 1540 1586 769
9205 4 2 22 30 1600 1736 1500 1589
9206 4 2 22 30 264 44 831 1471
9207 4 2 22 30 1749 20 225 790
9208 4 2 22 30 26 236 1748 817
9209 4 2 22 30 1784 1783 1500 1589
9210 4 2 22 30 1481 1593 1452 2103
9211 4 2 22 30 1498 2140 2180 2301
9212 4 2 22 30 41 191 267 903
9213 4 2 22 30 35 181 253 897
9214 4 2 22 30 221 19 177 873
9215 4 2 22 30 235 25 180 879
9216 4 2 22 30 208 196 10 857
9217 4 2 22 30 203 187 4 852
9218 4 2 22 30 765 1562 1599 1480
9219 4 2 22 30 1986 2173 2191 2302
9220 4 2 22 30 310 2028 127 2261
9221 4 2 22 30 1591 653 1936 2028
9222 4 2 22 30 177 1486 656 1955
9223 4 2 22 30 2193 2200 2030 2314
9224 4 2 22 30 611 1347 1167 1348
9225 4 2 22 30 1534 1434 1974 2241
9226 4 2 22 30 1244 549 1240 2340
9227 4 2 22 30 1565 1489 2069 2324
9228 4 2 22 30 375 2171 2089 2238
9229 4 2 22 30 1533 1447 1592 2049
9230 4 2 22 30 1570 690 1438 2316
9231 4 2 22 30 1743 1735 1774 2022
9232 4 2 22 30 1966 1967 2029 2054
9233 4 2 22 30 6 200 578 851
9234 4 2 22 30 1905 1843 345 2162
9235 4 2 22 30 1510 2001 2132 2258
9236 4 2 22 30 2027 2289 1874 2351
9237 4 2 22 30 176 758 1732 1911
9238 4 2 22 30 1962 1989 1536 2126
9239 4 2 22 30 484 1193 619 2115
9240 4 2 22 30 1134 447 471 2102
9241 4 2 22 30 485 484 1207 2123
9242 4 2 22 30 1286 840 1288 2332
9243 4 2 22 30 1286 1290 839 2333
9244 4 2 22 30 89 856 203 2206
9245 4 2 22 30 96 861 208 2207
9246 4 2 22 30 1596 2094 1527 2258
9247 4 2 22 30 1525 1476 1544 2327
9248 4 2 22 30 1526 128 2134 2261
9249 4 2 22 30 1096 1106 1103 2240
9250 4 2 22 30 1533 1532 776 2289
9251 4 2 22 30 2065 2212 1838 2248
9252 4 2 22 30 1846 2094 1895 2253
9253 4 2 22 30 2087 2170 2040 2343
9254 4 2 22 30 481 2101 1219 2166
9255 4 2 22 30 683 1428 1437 2059
9256 4 2 22 30 1599 232 231 1569
9257 4 2 22 30 1301 2161 2273 2322
9258 4 2 22 30 1693 1444 558 2331
9259 4 2 22 30 1561 1961 1953 2038
9260 4 2 22 30 1736 1500 1578 1600
9261 4 2 22 30 1504 1479 1455 1966
9262 4 2 22 30 1814 2020 2105 2182
9263 4 2 22 30 1551 2064 1550 2098
9264 4 2 22 30 1762 795 796 2231
9265 4 2 22 30 1569 234 229 1535
9266 4 2 22 30 1095 448 1106 2326
9267 4 2 22 30 1590 776 1533 1532
9268 4 2 22 30 1426 1924 1427 2304
9269 4 2 22 30 2137 2317 479 2318
9270 4 2 22 30 1968 2070 495 2117
9271 4 2 22 30 778 2027 2212 2351
9272 4 2 22 30 814 815 1765 2182
9273 4 2 22 30 1585 1513 1991 2259
9274 4 2 22 30 97 1595 1502 2196
9275 4 2 22 30 194 193 11 1468
9276 4 2 22 30 434 1951 2270 2294
9277 4 2 22 30 1108 585 1094 2311
9278 4 2 22 30 192 1453 191 1959
9279 4 2 22 30 1308 83 573 2162
9280 4 2 22 30 103 1188 613 2350
9281 4 2 22 30 645 2099 220 2138
9282 4 2 22 30 251 184 902 2323
9283 4 2 22 30 1980 1978 2041 2215
9284 4 2 22 30 269 190 908 2333
9285 4 2 22 30 901 183 257 2332
9286 4 2 22 30 626 1476 1544 1445
9287 4 2 22 30 10 196 208 1805
9288 4 2 22 30 203 4 187 1801
9289 4 2 22 30 1543 1959 1953 2214
9290 4 2 22 30 462 2208 2209 2219
9291 4 2 22 30 1763 769 1797 2286
9292 4 2 22 30 99 97 2017 2260
9293 4 2 22 30 801 1483 1506 2107
9294 4 2 22 30 1472 1953 1561 1961
9295 4 2 22 30 1458 2011 691 2192
9296 4 2 22 30 1515 1583 2033 2064
9297 4 2 22 30 641 1173 1374 1168
9298 4 2 22 30 1578 798 1790 1600
9299 4 2 22 30 1351 1172 110 1187
9300 4 2 22 30 1957 2086 2005 2309
9301 4 2 22 30 1549 2283 2032 2349
9302 4 2 22 30 824 1288 183 901
9303 4 2 22 30 834 190 1290 908
9304 4 2 22 30 1929 1996 1985 2052
9305 4 2 22 30 1771 1734 1744 2020
9306 4 2 22 30 1511 1944 693 1963
9307 4 2 22 30 230 231 1744 881
9308 4 2 22 30 217 218 1745 875
9309 4 2 22 30 882 230 229 1742
9310 4 2 22 30 216 217 1743 876
9311 4 2 22 30 128 1723 645 2099
9312 4 2 22 30 2067 2256 99 2260
9313 4 2 22 30 1391 126 643 2104
9314 4 2 22 30 1737 1494 1786 1785
9315 4 2 22 30 560 2044 1549 2283
9316 4 2 22 30 29 235 890 1691
9317 4 2 22 30 290 1896 1867 2094
9318 4 2 22 30 1380 634 2188 2295
9319 4 2 22 30 96 2012 1330 2270
9320 4 2 22 30 573 83 84 1813
9321 4 2 22 30 825 1287 1470 1499
9322 4 2 22 30 1571 1561 184 1961
9323 4 2 22 30 104 2023 1449 2230
9324 4 2 22 30 1525 1544 1700 2327
9325 4 2 22 30 618 1202 1182 617
9326 4 2 22 30 1013 1003 1032 2354
9327 4 2 22 30 496 614 495 2117
9328 4 2 22 30 1031 1003 1012 2354
9329 4 2 22 30 146 1428 682 1433
9330 4 2 22 30 1856 1864 307 2104
9331 4 2 22 30 1447 773 772 2013
9332 4 2 22 30 555 1812 280 279
9333 4 2 22 30 1578 1789 1500 1736
9334 4 2 22 30 520 521 2123 2193
9335 4 2 22 30 1979 2060 2201 2242
9336 4 2 22 30 2214 2326 1959 2330
9337 4 2 22 30 1168 1177 634 1190
9338 4 2 22 30 1990 2179 2142 2302
9339 4 2 22 30 1436 1497 1570 690
9340 4 2 22 30 1549 1444 560 2349
9341 4 2 22 30 23 221 872 1721
9342 4 2 22 30 448 2214 449 2326
9343 4 2 22 30 1428 1943 1927 1976
9344 4 2 22 30 1940 1993 1941 2004
9345 4 2 22 30 999 1019 1018 2237
9346 4 2 22 30 1988 2232 1399 2334
9347 4 2 22 30 1591 1936 654 1988
9348 4 2 22 30 1757 1600 1461 1589
9349 4 2 22 30 1300 553 554 2161
9350 4 2 22 30 684 2011 2062 2304
9351 4 2 22 30 953 951 389 2280
9352 4 2 22 30 1530 793 792 1487
9353 4 2 22 30 221 1721 656 2246
9354 4 2 22 30 1983 2052 2328 2358
9355 4 2 22 30 2103 2182 283 2225
9356 4 2 22 30 1907 310 127 2261
9357 4 2 22 30 1510 2001 1982 2132
9358 4 2 22 30 115 1194 1174 2090
9359 4 2 22 30 1536 1989 1446 2127
9360 4 2 22 30 845 2039 1292 2250
9361 4 2 22 30 1840 2027 1888 2351
9362 4 2 22 30 2030 2116 2015 2203
9363 4 2 22 30 85 2213 2042 2240
9364 4 2 22 30 1105 2039 449 2330
9365 4 2 22 30 586 1094 585 2311
9366 4 2 22 30 1759 1553 1796 1600
9367 4 2 22 30 1727 1729 750 659
9368 4 2 22 30 1731 569 760 568
9369 4 2 22 30 1726 752 657 658
9370 4 2 22 30 602 601 1714 2230
9371 4 2 22 30 1046 407 406 2306
9372 4 2 22 30 1188 614 1179 613
9373 4 2 22 30 584 442 443 2071
9374 4 2 22 30 1288 840 1499 1456
9375 4 2 22 30 2052 2233 2111 2358
9376 4 2 22 30 1487 1937 1566 2082
9377 4 2 22 30 877 20 1749 216
9378 4 2 22 30 883 26 1748 229
9379 4 2 22 30 1835 1903 354 2224
9380 4 2 22 30 1940 1998 1981 2016
9381 4 2 22 30 1924 1934 1981 2303
9382 4 2 22 30 2060 1993 2187 2299
9383 4 2 22 30 693 1963 1944 2151
9384 4 2 22 30 1722 224 223 869
9385 4 2 22 30 1287 833 1516 1499
9386 4 2 22 30 615 1179 614 1348
9387 4 2 22 30 513 514 1177 2188
9388 4 2 22 30 1826 1887 2051 2276
9389 4 2 22 30 2091 2342 2233 2353
9390 4 2 22 30 774 1533 775 2049
9391 4 2 22 30 1883 1869 2013 2221
9392 4 2 22 30 2100 2165 2164 2268
9393 4 2 22 30 791 1594 792 1487
9394 4 2 22 30 683 147 1427 1436
9395 4 2 22 30 1429 1964 685 2328
9396 4 2 22 30 1812 1914 75 572
9397 4 2 22 30 107 106 1362 606
9398 4 2 22 30 1201 1351 1172 616
9399 4 2 22 30 681 1431 1429 1929
9400 4 2 22 30 1573 1543 1949 1959
9401 4 2 22 30 185 1472 1563 2292
9402 4 2 22 30 2008 2042 96 2207
9403 4 2 22 30 1161 2181 2137 2329
9404 4 2 22 30 1770 1746 1604 1769
9405 4 2 22 30 2040 2087 1976 2170
9406 4 2 22 30 1473 2096 605 2312
9407 4 2 22 30 1765 1775 1734 2105
9408 4 2 22 30 1090 2042 1103 2240
9409 4 2 22 30 1556 1505 806 1781
9410 4 2 22 30 1427 1426 1428 1943
9411 4 2 22 30 1438 689 1576 2059
9412 4 2 22 30 1951 2234 1942 2235
9413 4 2 22 30 2058 2181 2116 2193
9414 4 2 22 30 1177 1189 635 2188
9415 4 2 22 30 1985 2110 2111 2183
9416 4 2 22 30 1148 2218 2116 2219
9417 4 2 22 30 688 1434 1462 2241
9418 4 2 22 30 1932 2046 2047 2097
9419 4 2 22 30 1536 1962 1534 1989
9420 4 2 22 30 1775 1522 1765 1734
9421 4 2 22 30 1900 2107 1862 2266
9422 4 2 22 30 774 2049 2194 2221
9423 4 2 22 30 779 780 1754 2212
9424 4 2 22 30 136 1403 660 2174
9425 4 2 22 30 1942 2234 2046 2235
9426 4 2 22 30 517 2101 69 2153
9427 4 2 22 30 1106 1105 1090 2039
9428 4 2 22 30 1529 813 812 2357
9429 4 2 22 30 1537 1507 1457 1951
9430 4 2 22 30 1721 1722 1724 2246
9431 4 2 22 30 642 1200 1184 1168
9432 4 2 22 30 170 1839 1907 745
9433 4 2 22 30 1166 1173 1369 637
9434 4 2 22 30 338 1852 1877 2205
9435 4 2 22 30 1939 2209 2208 2219
9436 4 2 22 30 1811 1831 126 2024
9437 4 2 22 30 1759 1796 1739 1600
9438 4 2 22 30 1581 761 177 2246
9439 4 2 22 30 1538 1463 1486 2249
9440 4 2 22 30 1104 1099 597 2345
9441 4 2 22 30 74 569 1903 2224
9442 4 2 22 30 296 2127 2128 2251
9443 4 2 22 30 787 1746 1604 786
9444 4 2 22 30 2041 2215 2167 2324
9445 4 2 22 30 212 13 864 1696
9446 4 2 22 30 1933 2338 2336 2339
9447 4 2 22 30 215 217 1580 216
9448 4 2 22 30 2170 2087 2300 2343
9449 4 2 22 30 1166 1170 639 638
9450 4 2 22 30 652 1811 1849 1921
9451 4 2 22 30 1816 136 660 2174
9452 4 2 22 30 2019 2031 1973 2275
9453 4 2 22 30 1921 1811 1849 1856
9454 4 2 22 30 1579 796 795 1488
9455 4 2 22 30 1541 1451 1562 2050
9456 4 2 22 30 621 267 1701 2296
9457 4 2 22 30 2094 2158 288 2258
9458 4 2 22 30 339 1879 1852 2205
9459 4 2 22 30 1210 522 2102 2123
9460 4 2 22 30 1573 1453 1543 1959
9461 4 2 22 30 1934 2011 2303 2304
9462 4 2 22 30 1473 181 1558 2096
9463 4 2 22 30 782 781 1598 1492
9464 4 2 22 30 1344 2229 1346 2308
9465 4 2 22 30 505 2259 1954 2309
9466 4 2 22 30 1903 174 754 1733
9467 4 2 22 30 606 1957 2033 2086
9468 4 2 22 30 1171 516 1206 2279
9469 4 2 22 30 1861 1915 554 1812
9470 4 2 22 30 182 34 252 891
9471 4 2 22 30 273 189 44 909
9472 4 2 22 30 178 18 220 868
9473 4 2 22 30 885 28 179 241
9474 4 2 22 30 745 170 1839 1849
9475 4 2 22 30 1972 1975 2068 2159
9476 4 2 22 30 1827 2226 1885 2231
9477 4 2 22 30 1940 1941 1926 2004
9478 4 2 22 30 240 31 884 564
9479 4 2 22 30 272 47 908 630
9480 4 2 22 30 260 37 902 609
9481 4 2 22 30 228 21 878 647
9482 4 2 22 30 1582 1530 792 1487
9483 4 2 22 30 1946 2135 2133 2280
9484 4 2 22 30 1972 1975 1927 1977
9485 4 2 22 30 580 1450 1563 2220
9486 4 2 22 30 1793 1540 1575 1494
9487 4 2 22 30 1857 2182 1821 2225
9488 4 2 22 30 1382 123 640 2112
9489 4 2 22 30 849 202 7 1710
9490 4 2 22 30 1540 1586 1447 771
9491 4 2 22 30 1956 2202 2170 2300
9492 4 2 22 30 1967 2043 2054 2269
9493 4 2 22 30 1548 1947 2184 2210
9494 4 2 22 30 1579 1796 1553 1600
9495 4 2 22 30 1992 2035 516 2279
9496 4 2 22 30 92 2072 2257 2347
9497 4 2 22 30 40 258 901 607
9498 4 2 22 30 24 226 877 649
9499 4 2 22 30 46 270 907 628
9500 4 2 22 30 30 238 883 562
9501 4 2 22 30 1292 2042 842 2207
9502 4 2 22 30 57 433 2294 2321
9503 4 2 22 30 1847 281 1821 2225
9504 4 2 22 30 785 2051 786 2276
9505 4 2 22 30 215 1495 761 1580
9506 4 2 22 30 1506 2107 2127 2157
9507 4 2 22 30 815 2182 2103 2225
9508 4 2 22 30 194 209 11 862
9509 4 2 22 30 1830 567 81 2305
9510 4 2 22 30 1939 1932 2046 2048
9511 4 2 22 30 579 583 1322 2240
9512 4 2 22 30 109 1169 612 2005
9513 4 2 22 30 215 1495 762 761
9514 4 2 22 30 339 2255 2336 2337
9515 4 2 22 30 769 2205 770 2286
9516 4 2 22 30 1878 1826 2051 2319
9517 4 2 22 30 1758 1797 1738 1540
9518 4 2 22 30 1536 1483 2126 2127
9519 4 2 22 30 1953 2021 1472 2292
9520 4 2 22 30 1477 1542 1443 1948
9521 4 2 22 30 794 1488 795 2080
9522 4 2 22 30 207 13 858 589
9523 4 2 22 30 2094 2158 1787 2253
9524 4 2 22 30 1545 1504 1965 2029
9525 4 2 22 30 555 554 1915 1812
9526 4 2 22 30 1807 1814 2020 2105
9527 4 2 22 30 86 2178 85 2213
9528 4 2 22 30 618 1371 1202 617
9529 4 2 22 30 1592 1493 1482 1938
9530 4 2 22 30 1429 1929 1926 2328
9531 4 2 22 30 23 132 221 1721
9532 4 2 22 30 29 235 1691 556
9533 4 2 22 30 1367 619 1366 2115
9534 4 2 22 30 642 1200 121 2227
9535 4 2 22 30 768 1512 769 2045
9536 4 2 22 30 75 555 1812 1847
9537 4 2 22 30 2001 2131 2129 2222
9538 4 2 22 30 1437 683 146 1428
9539 4 2 22 30 1257 1253 1247 2355
9540 4 2 22 30 1993 2186 2152 2299
9541 4 2 22 30 2002 2137 2154 2223
9542 4 2 22 30 759 1731 760 568
9543 4 2 22 30 1514 2180 2106 2282
9544 4 2 22 30 1902 1730 756 1823
9545 4 2 22 30 1171 1375 1202 1189
9546 4 2 22 30 485 1210 486 2123
9547 4 2 22 30 2040 2343 2217 2354
9548 4 2 22 30 2100 2164 2163 2268
9549 4 2 22 30 11 209 194 1804
9550 4 2 22 30 1981 1998 1925 2163
9551 4 2 22 30 1543 1561 1472 1953
9552 4 2 22 30 1492 782 781 2065
9553 4 2 22 30 1493 2072 1938 2257
9554 4 2 22 30 1596 2158 2094 2258
9555 4 2 22 30 2019 1973 2055 2275
9556 4 2 22 30 1775 2105 1765 2182
9557 4 2 22 30 570 1813 1807 1823
9558 4 2 22 30 169 1918 752 1728
9559 4 2 22 30 1501 1484 1564 1950
9560 4 2 22 30 843 2042 2008 2207
9561 4 2 22 30 65 69 1219 2101
9562 4 2 22 30 1172 497 110 1187
9563 4 2 22 30 1966 1967 1504 2029
9564 4 2 22 30 1577 2072 1493 2257
9565 4 2 22 30 1529 812 1452 2357
9566 4 2 22 30 1170 1173 1369 1166
9567 4 2 22 30 785 784 1777 1461
9568 4 2 22 30 104 1968 1449 2066
9569 4 2 22 30 1962 1536 2125 2126
9570 4 2 22 30 1913 1902 1912 1823
9571 4 2 22 30 812 1767 1776 2272
9572 4 2 22 30 2004 2154 2185 2243
9573 4 2 22 30 1735 1490 1530 1582
9574 4 2 22 30 796 1579 1796 797
9575 4 2 22 30 33 184 826 902
9576 4 2 22 30 1971 2236 2114 2313
9577 4 2 22 30 634 1378 121 2295
9578 4 2 22 30 2054 2111 2110 2353
9579 4 2 22 30 1929 2052 1985 2328
9580 4 2 22 30 1501 1564 1450 1995
9581 4 2 22 30 43 190 834 908
9582 4 2 22 30 2129 2171 2007 2245
9583 4 2 22 30 2165 2200 2016 2203
9584 4 2 22 30 1814 2182 1871 2272
9585 4 2 22 30 1859 1728 746 1860
9586 4 2 22 30 2030 2185 2058 2314
9587 4 2 22 30 2115 2214 1959 2330
9588 4 2 22 30 1190 634 121 2295
9589 4 2 22 30 109 1169 1199 1181
9590 4 2 22 30 1734 1523 1772 1480
9591 4 2 22 30 785 1461 1766 786
9592 4 2 22 30 1890 2078 1891 2276
9593 4 2 22 30 1020 1000 1021 2277
9594 4 2 22 30 776 775 1533 2289
9595 4 2 22 30 1828 1920 650 651
9596 4 2 22 30 1170 1370 1373 639
9597 4 2 22 30 353 1903 1836 2224
9598 4 2 22 30 833 1802 1499 834
9599 4 2 22 30 1918 1849 1919 1728
9600 4 2 22 30 1741 1754 1779 1464
9601 4 2 22 30 148 685 1430 1441
9602 4 2 22 30 579 1323 583 2240
9603 4 2 22 30 1898 2024 2080 2082
9604 4 2 22 30 1746 1735 1490 1769
9605 4 2 22 30 839 2005 840 2333
9606 4 2 22 30 1570 1576 1438 690
9607 4 2 22 30 513 2188 1190 2295
9608 4 2 22 30 1808 1845 1846 2272
9609 4 2 22 30 1527 1465 808 1596
9610 4 2 22 30 1181 109 112 2086
9611 4 2 22 30 523 524 1209 2102
9612 4 2 22 30 1298 1301 2273 2322
9613 4 2 22 30 1946 2160 1509 2264
9614 4 2 22 30 1573 1543 1468 1949
9615 4 2 22 30 1545 1966 1504 2029
9616 4 2 22 30 12 206 1555 835
9617 4 2 22 30 604 605 1715 2312
9618 4 2 22 30 812 813 1529 1767
9619 4 2 22 30 1831 306 1864 2082
9620 4 2 22 30 1595 97 1454 2017
9621 4 2 22 30 1977 1975 2087 2277
9622 4 2 22 30 1959 2038 1953 2214
9623 4 2 22 30 1940 2030 2016 2186
9624 4 2 22 30 441 58 1109 2267
9625 4 2 22 30 198 4 1467 3
9626 4 2 22 30 1183 1170 639 1166
9627 4 2 22 30 1536 1483 1488 2125
9628 4 2 22 30 1830 1732 175 757
9629 4 2 22 30 109 1199 1169 2005
9630 4 2 22 30 99 2256 97 2260
9631 4 2 22 30 1854 1875 1838 2248
9632 4 2 22 30 1830 1825 350 2305
9633 4 2 22 30 2067 57 2149 2236
9634 4 2 22 30 775 1597 774 1469
9635 4 2 22 30 855 203 856 2206
9636 4 2 22 30 208 861 860 2207
9637 4 2 22 30 251 33 184 891
9638 4 2 22 30 190 43 909 269
9639 4 2 22 30 1543 1453 1561 1959
9640 4 2 22 30 1174 102 1191 1180
9641 4 2 22 30 611 612 1169 2018
9642 4 2 22 30 2007 1972 2075 2159
9643 4 2 22 30 1985 2052 2111 2358
9644 4 2 22 30 1169 1174 611 2018
9645 4 2 22 30 1824 279 554 2161
9646 4 2 22 30 510 2227 1991 2228
9647 4 2 22 30 2060 2063 1979 2201
9648 4 2 22 30 1501 1950 1995 2255
9649 4 2 22 30 1885 2226 2085 2231
9650 4 2 22 30 1525 1708 2296 2327
9651 4 2 22 30 452 2148 1131 2166
9652 4 2 22 30 1195 1375 1202 1171
9653 4 2 22 30 1739 1757 1777 2319
9654 4 2 22 30 98 16 15 863
9655 4 2 22 30 85 6 5 848
9656 4 2 22 30 1953 1961 1472 2021
9657 4 2 22 30 1875 2065 1838 2248
9658 4 2 22 30 805 1505 1527 1506
9659 4 2 22 30 611 1201 1169 612
9660 4 2 22 30 1923 2146 2083 2147
9661 4 2 22 30 2040 2087 2343 2354
9662 4 2 22 30 1913 1730 759 758
9663 4 2 22 30 1971 2141 2067 2236
9664 4 2 22 30 1932 2046 2048 2313
9665 4 2 22 30 1462 1566 1956 2124
9666 4 2 22 30 759 1730 1731 568
9667 4 2 22 30 1197 1174 1194 2090
9668 4 2 22 30 116 1959 621 2287
9669 4 2 22 30 278 2161 1999 2341
9670 4 2 22 30 692 691 1474 2011
9671 4 2 22 30 1520 1984 1519 2109
9672 4 2 22 30 1292 2039 2207 2250
9673 4 2 22 30 1571 2023 1961 2230
9674 4 2 22 30 813 2272 812 2357
9675 4 2 22 30 832 192 42 907
9676 4 2 22 30 1523 1763 1466 1747
9677 4 2 22 30 1161 2137 2181 2317
9678 4 2 22 30 824 183 36 901
9679 4 2 22 30 1503 2263 1509 2264
9680 4 2 22 30 1923 1938 1928 2118
9681 4 2 22 30 1493 1938 1450 2257
9682 4 2 22 30 2269 2271 2043 2281
9683 4 2 22 30 1525 1453 1573 2296
9684 4 2 22 30 627 1476 113 2327
9685 4 2 22 30 1768 1735 1530 1582
9686 4 2 22 30 1587 843 2008 2012
9687 4 2 22 30 1104 451 452 2345
9688 4 2 22 30 1194 115 1174 1183
9689 4 2 22 30 96 14 13 858
9690 4 2 22 30 1269 521 1272 2314
9691 4 2 22 30 1756 1737 1787 2253
9692 4 2 22 30 1866 1885 2085 2231
9693 4 2 22 30 1462 1956 1962 2124
9694 4 2 22 30 1958 1519 1999 2109
9695 4 2 22 30 774 1597 1533 2049
9696 4 2 22 30 815 1481 816 2103
9697 4 2 22 30 1347 1179 1167 1348
9698 4 2 22 30 855 854 828 2206
9699 4 2 22 30 836 860 859 2207
9700 4 2 22 30 1985 2111 2054 2358
9701 4 2 22 30 1522 1523 1747 1734
9702 4 2 22 30 522 1210 521 2123
9703 4 2 22 30 794 1770 795 1530
9704 4 2 22 30 1937 2082 2009 2104
9705 4 2 22 30 1202 1375 1195 617
9706 4 2 22 30 34 182 823 1559
9707 4 2 22 30 2037 2106 1514 2180
9708 4 2 22 30 193 865 835 2196
9709 4 2 22 30 1528 811 1756 810
9710 4 2 22 30 1426 1926 1429 1929
9711 4 2 22 30 1760 777 1778 2351
9712 4 2 22 30 2010 2156 1977 2354
9713 4 2 22 30 814 2103 2182 2357
9714 4 2 22 30 1729 171 1850 749
9715 4 2 22 30 1577 1493 1450 2257
9716 4 2 22 30 1934 2062 2011 2304
9717 4 2 22 30 645 128 2099 2138
9718 4 2 22 30 1545 73 1567 2092
9719 4 2 22 30 2049 2194 1873 2289
9720 4 2 22 30 651 2022 1806 2024
9721 4 2 22 30 1503 1509 688 2160
9722 4 2 22 30 41 266 914 829
9723 4 2 22 30 35 247 896 821
9724 4 2 22 30 19 215 872 761
9725 4 2 22 30 25 234 890 818
9726 4 2 22 30 1494 1556 1791 1469
9727 4 2 22 30 1581 1496 131 1486
9728 4 2 22 30 1507 1951 1448 2012
9729 4 2 22 30 825 1287 1499 1286
9730 4 2 22 30 509 510 1176 2227
9731 4 2 22 30 1977 2068 1975 2277
9732 4 2 22 30 828 1296 187 2206
9733 4 2 22 30 998 2343 1012 2354
9734 4 2 22 30 1449 1577 2023 2072
9735 4 2 22 30 1257 2314 1253 2355
9736 4 2 22 30 229 1569 1535 1742
9737 4 2 22 30 43 190 189 1517
9738 4 2 22 30 614 495 2117 2350
9739 4 2 22 30 2180 2150 2346 2359
9740 4 2 22 30 222 22 1720 871
9741 4 2 22 30 1589 1784 1783 782
9742 4 2 22 30 776 2194 2289 2351
9743 4 2 22 30 1526 1987 128 2261
9744 4 2 22 30 1547 1481 1519 1958
9745 4 2 22 30 1525 2296 1573 2327
9746 4 2 22 30 198 3 1467 197
9747 4 2 22 30 172 1729 750 1917
9748 4 2 22 30 2052 2111 2168 2183
9749 4 2 22 30 1202 1372 1177 635
9750 4 2 22 30 1828 1834 1806 2022
9751 4 2 22 30 795 2085 796 2231
9752 4 2 22 30 1462 1962 1566 2124
9753 4 2 22 30 2116 1143 2181 2317
9754 4 2 22 30 1972 2007 1975 2089
9755 4 2 22 30 448 2102 2123 2214
9756 4 2 22 30 650 1850 1920 1828
9757 4 2 22 30 245 34 895 823
9758 4 2 22 30 264 44 913 831
9759 4 2 22 30 232 28 889 820
9760 4 2 22 30 213 18 871 763
9761 4 2 22 30 1951 2008 1942 2270
9762 4 2 22 30 777 2289 2027 2351
9763 4 2 22 30 1815 1840 1841 2266
9764 4 2 22 30 1763 1738 1797 1603
9765 4 2 22 30 837 1470 1291 1287
9766 4 2 22 30 1866 2080 1897 2231
9767 4 2 22 30 772 771 1447 2013
9768 4 2 22 30 1823 1909 1861 1812
9769 4 2 22 30 2046 2209 1939 2219
9770 4 2 22 30 1752 1795 1741 2266
9771 4 2 22 30 1526 128 2028 2134
9772 4 2 22 30 83 1813 1905 1843
9773 4 2 22 30 1548 1482 1947 2210
9774 4 2 22 30 196 836 1297 2207
9775 4 2 22 30 746 1726 1849 1728
9776 4 2 22 30 286 2158 2272 2357
9777 4 2 22 30 642 641 1372 1168
9778 4 2 22 30 1983 2052 1929 2328
9779 4 2 22 30 897 36 183 257
9780 4 2 22 30 903 42 192 268
9781 4 2 22 30 1535 1569 1480 1742
9782 4 2 22 30 1173 124 1369 637
9783 4 2 22 30 1485 1441 1440 2037
9784 4 2 22 30 1814 1818 1807 2020
9785 4 2 22 30 1846 288 1895 2158
9786 4 2 22 30 1106 2039 1090 2240
9787 4 2 22 30 347 2162 2003 2352
9788 4 2 22 30 637 1169 2005 2018
9789 4 2 22 30 1993 2061 2060 2187
9790 4 2 22 30 447 2214 448 2326
9791 4 2 22 30 1382 120 119 631
9792 4 2 22 30 1784 1600 1757 1589
9793 4 2 22 30 1603 1763 1466 1523
9794 4 2 22 30 2016 2030 2015 2203
9795 4 2 22 30 1460 1946 1509 2134
9796 4 2 22 30 1044 2057 2122 2237
9797 4 2 22 30 510 2282 2204 2325
9798 4 2 22 30 1791 774 773 1597
9799 4 2 22 30 606 1957 1558 2033
9800 4 2 22 30 2133 2135 1946 2263
9801 4 2 22 30 1584 93 1537 1502
9802 4 2 22 30 1497 1439 151 1436
9803 4 2 22 30 1762 1604 1461 1579
9804 4 2 22 30 1289 192 838 1516
9805 4 2 22 30 1369 1374 1173 1368
9806 4 2 22 30 433 1111 57 2294
9807 4 2 22 30 117 2228 121 2295
9808 4 2 22 30 1782 781 1598 1783
9809 4 2 22 30 1567 73 1545 1444
9810 4 2 22 30 209 859 98 2250
9811 4 2 22 30 1294 1296 1467 828
9812 4 2 22 30 1995 2255 1950 2338
9813 4 2 22 30 1694 1690 566 2307
9814 4 2 22 30 1534 1434 687 1974
9815 4 2 22 30 1575 1756 1758 1737
9816 4 2 22 30 1498 2037 1514 2180
9817 4 2 22 30 1426 1430 1429 1926
9818 4 2 22 30 2071 2118 442 2190
9819 4 2 22 30 2056 2154 1945 2197
9820 4 2 22 30 104 2066 103 2350
9821 4 2 22 30 1540 1797 1603 769
9822 4 2 22 30 1573 1959 1949 2115
9823 4 2 22 30 289 1867 1895 2094
9824 4 2 22 30 2046 2218 2048 2234
9825 4 2 22 30 827 186 850 2220
9826 4 2 22 30 1476 626 1544 2327
9827 4 2 22 30 1592 1450 1938 1995
9828 4 2 22 30 775 2194 2049 2289
9829 4 2 22 30 2153 2166 477 2181
9830 4 2 22 30 1945 1963 1511 2084
9831 4 2 22 30 1541 764 179 1960
9832 4 2 22 30 1247 1254 1256 2355
9833 4 2 22 30 1574 2282 2228 2301
9834 4 2 22 30 1965 2044 561 2224
9835 4 2 22 30 486 2123 2102 2214
9836 4 2 22 30 1993 2152 2061 2187
9837 4 2 22 30 1589 783 782 1492
9838 4 2 22 30 1841 2266 1840 2351
9839 4 2 22 30 1350 1178 1192 1167
9840 4 2 22 30 1809 2248 2226 2319
9841 4 2 22 30 1925 1998 1939 2031
9842 4 2 22 30 97 1502 1454 2256
9843 4 2 22 30 1448 9 195 1555
9844 4 2 22 30 1003 2315 2277 2354
9845 4 2 22 30 486 2102 487 2214
9846 4 2 22 30 1933 2209 2284 2293
9847 4 2 22 30 1199 1181 502 2086
9848 4 2 22 30 1483 2107 2081 2127
9849 4 2 22 30 819 234 233 1569
9850 4 2 22 30 2087 2277 2088 2315
9851 4 2 22 30 52 2032 1906 2352
9852 4 2 22 30 1711 578 577 2220
9853 4 2 22 30 2067 2141 456 2236
9854 4 2 22 30 511 512 1176 2295
9855 4 2 22 30 1184 1173 641 1168
9856 4 2 22 30 1242 2340 2140 2359
9857 4 2 22 30 554 2161 279 2273
9858 4 2 22 30 2042 2213 1103 2240
9859 4 2 22 30 1521 1511 1963 2084
9860 4 2 22 30 443 2071 2190 2347
9861 4 2 22 30 274 913 48 1702
9862 4 2 22 30 187 203 1801 2206
9863 4 2 22 30 1805 196 208 2207
9864 4 2 22 30 1775 1522 1734 1480
9865 4 2 22 30 313 2232 1988 2334
9866 4 2 22 30 1509 1437 150 2160
9867 4 2 22 30 1516 832 833 1287
9868 4 2 22 30 1457 2003 1524 2349
9869 4 2 22 30 195 196 10 1448
9870 4 2 22 30 1482 1493 1443 1947
9871 4 2 22 30 514 2188 1992 2279
9872 4 2 22 30 1821 2182 2105 2225
9873 4 2 22 30 1979 2201 2063 2259
9874 4 2 22 30 1784 1736 1783 2248
9875 4 2 22 30 1442 2328 1964 2358
9876 4 2 22 30 1766 1604 1746 786
9877 4 2 22 30 603 2117 1968 2350
9878 4 2 22 30 1534 687 1508 1974
9879 4 2 22 30 1188 1350 613 1167
9880 4 2 22 30 1554 784 1461 1589
9881 4 2 22 30 1584 591 1502 2196
9882 4 2 22 30 683 1436 1427 2316
9883 4 2 22 30 2067 2141 1935 2260
9884 4 2 22 30 845 844 2039 2250
9885 4 2 22 30 221 133 132 874
9886 4 2 22 30 79 80 886 241
9887 4 2 22 30 1819 1868 1826 2276
9888 4 2 22 30 1953 2292 582 2311
9889 4 2 22 30 1492 2065 1552 2184
9890 4 2 22 30 2046 2234 2048 2313
9891 4 2 22 30 73 74 2092 2224
9892 4 2 22 30 1935 2260 2056 2278
9893 4 2 22 30 262 263 1471 1802
9894 4 2 22 30 353 354 1903 2224
9895 4 2 22 30 2031 2121 2237 2275
9896 4 2 22 30 23 224 1721 872
9897 4 2 22 30 1293 2039 2206 2240
9898 4 2 22 30 1468 193 1595 1949
9899 4 2 22 30 2106 2282 2180 2325
9900 4 2 22 30 1808 2272 2253 2286
9901 4 2 22 30 1867 289 290 2094
9902 4 2 22 30 1442 1983 1432 2328
9903 4 2 22 30 1832 1833 1869 2221
9904 4 2 22 30 1697 1695 1696 2291
9905 4 2 22 30 694 1966 1964 1967
9906 4 2 22 30 120 123 1382 119
9907 4 2 22 30 554 1824 1861 1812
9908 4 2 22 30 482 1212 2148 2166
9909 4 2 22 30 1542 1458 2192 2303
9910 4 2 22 30 813 1767 812 2272
9911 4 2 22 30 480 2236 2141 2318
9912 4 2 22 30 121 1200 1176 2227
9913 4 2 22 30 1695 2196 1698 2291
9914 4 2 22 30 1603 1773 1523 768
9915 4 2 22 30 1916 1913 1909 1823
9916 4 2 22 30 844 2039 2250 2330
9917 4 2 22 30 230 1480 1569 1742
9918 4 2 22 30 1170 1368 1371 1370
9919 4 2 22 30 1505 1556 1601 1781
9920 4 2 22 30 1932 2047 2046 2313
9921 4 2 22 30 1298 555 75 2273
9922 4 2 22 30 2085 2226 796 2231
9923 4 2 22 30 1942 2234 1951 2270
9924 4 2 22 30 1817 2080 2024 2231
9925 4 2 22 30 812 2272 2158 2357
9926 4 2 22 30 896 39 1716 256
9927 4 2 22 30 1936 2232 2025 2280
9928 4 2 22 30 84 573 1813 1912
9929 4 2 22 30 1439 1427 2192 2304
9930 4 2 22 30 2057 2237 1044 2275
9931 4 2 22 30 1951 2149 1537 2294
9932 4 2 22 30 1018 2237 2119 2288
9933 4 2 22 30 1504 1967 1572 2043
9934 4 2 22 30 688 1433 1434 2241
9935 4 2 22 30 1726 752 658 751
9936 4 2 22 30 117 2227 121 2228
9937 4 2 22 30 247 36 1557 35
9938 4 2 22 30 36 247 1557 248
9939 4 2 22 30 1445 117 1994 2228
9940 4 2 22 30 2104 2202 1937 2344
9941 4 2 22 30 1932 2048 2002 2223
9942 4 2 22 30 126 2024 1831 2082
9943 4 2 22 30 447 2102 448 2214
9944 4 2 22 30 1033 385 1052 2343
9945 4 2 22 30 281 2225 75 2273
9946 4 2 22 30 776 1794 1760 1590
9947 4 2 22 30 1031 1012 2315 2354
9948 4 2 22 30 1838 1863 1815 2212
9949 4 2 22 30 314 1848 313 2334
9950 4 2 22 30 1508 687 1435 1974
9951 4 2 22 30 2074 2142 1969 2239
9952 4 2 22 30 1990 2053 2142 2179
9953 4 2 22 30 1856 307 308 2104
9954 4 2 22 30 1196 1181 112 2086
9955 4 2 22 30 1761 1464 1778 1760
9956 4 2 22 30 1744 1599 231 1569
9957 4 2 22 30 1565 1463 2041 2297
9958 4 2 22 30 121 1176 1190 2295
9959 4 2 22 30 1213 1209 487 2102
9960 4 2 22 30 1492 2184 1491 2254
9961 4 2 22 30 1510 1982 1520 2132
9962 4 2 22 30 1997 2198 2100 2268
9963 4 2 22 30 1183 639 1174 1166
9964 4 2 22 30 1108 1094 446 2311
9965 4 2 22 30 1950 2267 1995 2338
9966 4 2 22 30 2277 2315 2087 2354
9967 4 2 22 30 685 1429 1430 1926
9968 4 2 22 30 2019 2055 2007 2245
9969 4 2 22 30 2106 2325 2180 2346
9970 4 2 22 30 795 1488 796 2085
9971 4 2 22 30 125 2009 2082 2104
9972 4 2 22 30 1537 1584 1448 1951
9973 4 2 22 30 1965 2029 1504 2044
9974 4 2 22 30 1857 1814 1821 2182
9975 4 2 22 30 821 1557 35 247
9976 4 2 22 30 487 2214 2038 2287
9977 4 2 22 30 1507 1537 1448 1951
9978 4 2 22 30 189 1531 1517 1954
9979 4 2 22 30 1551 1550 1477 1986
9980 4 2 22 30 1178 1350 1188 1167
9981 4 2 22 30 1524 1599 1569 820
9982 4 2 22 30 1951 2012 2008 2270
9983 4 2 22 30 8 7 89 853
9984 4 2 22 30 1491 1948 1542 1980
9985 4 2 22 30 193 12 11 1468
9986 4 2 22 30 1597 1494 1791 1469
9987 4 2 22 30 1798 1470 826 250
9988 4 2 22 30 1580 790 1743 789
9989 4 2 22 30 1508 1435 686 1983
9990 4 2 22 30 1710 581 582 2292
9991 4 2 22 30 1597 774 1533 775
9992 4 2 22 30 613 1179 1188 1167
9993 4 2 22 30 1852 2205 1879 2286
9994 4 2 22 30 577 1713 1710 2220
9995 4 2 22 30 1430 1934 1426 2304
9996 4 2 22 30 768 1523 1603 1512
9997 4 2 22 30 558 557 1689 2331
9998 4 2 22 30 2127 2128 1446 2157
9999 4 2 22 30 1834 1819 1806 2022
10000 4 2 22 30 1756 2253 2158 2272
10001 4 2 22 30 1936 2133 2028 2280
10002 4 2 22 30 1767 813 1522 1747
10003 4 2 22 30 1189 635 2188 2279
10004 4 2 22 30 1450 1493 1592 1938
10005 4 2 22 30 2211 2285 2075 2306
10006 4 2 22 30 784 785 1554 1461
10007 4 2 22 30 2236 2313 1971 2318
10008 4 2 22 30 637 2018 2005 2333
10009 4 2 22 30 813 1529 1593 2357
10010 4 2 22 30 1941 2006 1993 2060
10011 4 2 22 30 838 837 2038 2090
10012 4 2 22 30 100 98 2039 2330
10013 4 2 22 30 1866 1827 1885 2231
10014 4 2 22 30 1554 785 784 2051
10015 4 2 22 30 112 111 109 1181
10016 4 2 22 30 1499 824 825 1286
10017 4 2 22 30 202 6 1711 851
10018 4 2 22 30 1600 1461 1739 1757
10019 4 2 22 30 569 74 1302 2224
10020 4 2 22 30 1565 2249 1463 2297
10021 4 2 22 30 1143 2116 2218 2317
10022 4 2 22 30 1689 1444 1693 2331
10023 4 2 22 30 1695 1698 590 2291
10024 4 2 22 30 817 1535 1547 1481
10025 4 2 22 30 567 1303 81 2305
10026 4 2 22 30 1545 1444 73 1965
10027 4 2 22 30 1496 1489 1460 1936
10028 4 2 22 30 1545 1965 73 2092
10029 4 2 22 30 1959 2214 2115 2287
10030 4 2 22 30 1429 1431 1426 1929
10031 4 2 22 30 1568 801 800 1483
10032 4 2 22 30 339 1852 338 2205
10033 4 2 22 30 1476 1992 1521 1994
10034 4 2 22 30 642 121 1381 2227
10035 4 2 22 30 1594 1487 791 2009
10036 4 2 22 30 1809 2226 1827 2319
10037 4 2 22 30 799 1483 800 2081
10038 4 2 22 30 2172 2288 2121 2335
10039 4 2 22 30 103 1178 1188 2350
10040 4 2 22 30 1726 658 1727 751
10041 4 2 22 30 1201 111 109 612
10042 4 2 22 30 349 1906 2032 2352
10043 4 2 22 30 1710 1711 577 2220
10044 4 2 22 30 50 2263 2262 2265
10045 4 2 22 30 1735 1530 1769 1768
10046 4 2 22 30 116 2038 1959 2287
10047 4 2 22 30 790 1580 1538 789
10048 4 2 22 30 217 1743 1735 1582
10049 4 2 22 30 230 1734 1480 1742
10050 4 2 22 30 1428 1426 1431 1927
10051 4 2 22 30 1971 1935 2067 2141
10052 4 2 22 30 2058 2193 2030 2314
10053 4 2 22 30 1984 2000 1519 2109
10054 4 2 22 30 1432 1435 681 1983
10055 4 2 22 30 1559 822 1473 2312
10056 4 2 22 30 1257 1247 2186 2355
10057 4 2 22 30 1288 824 1499 1286
10058 4 2 22 30 2031 2019 2108 2121
10059 4 2 22 30 1580 1538 1486 790
10060 4 2 22 30 560 2283 1549 2349
10061 4 2 22 30 1298 2273 75 2322
10062 4 2 22 30 1840 1874 1851 2351
10063 4 2 22 30 1434 1462 1534 688
10064 4 2 22 30 1106 449 2039 2326
10065 4 2 22 30 827 1563 2220 2292
10066 4 2 22 30 1925 2083 2031 2108
10067 4 2 22 30 1966 2353 2233 2358
10068 4 2 22 30 147 151 1439 1436
10069 4 2 22 30 1934 1940 1990 1993
10070 4 2 22 30 473 474 2123 2193
10071 4 2 22 30 814 815 1593 1522
10072 4 2 22 30 1932 1939 2046 2097
10073 4 2 22 30 81 2032 77 2352
10074 4 2 22 30 514 1189 2188 2279
10075 4 2 22 30 1375 1202 1371 617
10076 4 2 22 30 1501 1450 1592 1995
10077 4 2 22 30 1443 1491 2184 2254
10078 4 2 22 30 1831 305 306 2082
10079 4 2 22 30 627 1992 2188 2279
10080 4 2 22 30 1970 2144 2143 2187
10081 4 2 22 30 2109 2168 2000 2341
10082 4 2 22 30 1446 1989 1534 2001
10083 4 2 22 30 1591 655 1496 1988
10084 4 2 22 30 1770 795 1762 2231
10085 4 2 22 30 1851 2289 2194 2351
10086 4 2 22 30 151 1497 1436 690
10087 4 2 22 30 1593 2103 814 2357
10088 4 2 22 30 104 1449 2023 2066
10089 4 2 22 30 2053 2199 2198 2320
10090 4 2 22 30 1344 102 2229 2308
10091 4 2 22 30 1551 1602 1583 2117
10092 4 2 22 30 1522 1523 1734 1480
10093 4 2 22 30 579 2206 1323 2240
10094 4 2 22 30 507 1198 506 2112
10095 4 2 22 30 2004 2002 2058 2154
10096 4 2 22 30 1759 1736 1600 1757
10097 4 2 22 30 305 1831 1898 2082
10098 4 2 22 30 210 15 859 592
10099 4 2 22 30 204 5 854 579
10100 4 2 22 30 1883 1832 1869 2221
10101 4 2 22 30 1582 1735 217 1745
10102 4 2 22 30 688 1509 150 2160
10103 4 2 22 30 1986 2098 1550 2173
10104 4 2 22 30 1604 1490 1530 1769
10105 4 2 22 30 1432 1479 149 686
10106 4 2 22 30 1508 1478 1520 1984
10107 4 2 22 30 2008 2042 842 2213
10108 4 2 22 30 1557 824 36 248
10109 4 2 22 30 89 2240 2206 2326
10110 4 2 22 30 241 32 889 1692
10111 4 2 22 30 1738 1776 1756 1466
10112 4 2 22 30 1459 1537 2149 2256
10113 4 2 22 30 220 2099 178 2138
10114 4 2 22 30 1544 1445 1531 2189
10115 4 2 22 30 1814 2105 1821 2182
10116 4 2 22 30 1470 1291 184 837
10117 4 2 22 30 1969 1924 2239 2303
10118 4 2 22 30 73 2092 1965 2224
10119 4 2 22 30 104 1968 2066 2350
10120 4 2 22 30 1291 902 184 2323
10121 4 2 22 30 1472 1561 1571 1961
10122 4 2 22 30 1988 2025 1936 2232
10123 4 2 22 30 1572 1457 1549 2032
10124 4 2 22 30 1853 1880 1827 2226
10125 4 2 22 30 1211 527 1217 2113
10126 4 2 22 30 1993 2186 2299 2355
10127 4 2 22 30 1810 1840 1851 2351
10128 4 2 22 30 318 1858 1816 2174
10129 4 2 22 30 98 859 592 2250
10130 4 2 22 30 1481 1520 2093 2103
10131 4 2 22 30 1932 1940 1926 2002
10132 4 2 22 30 2055 2129 2007 2245
10133 4 2 22 30 182 1571 184 1961
10134 4 2 22 30 75 555 1914 1812
10135 4 2 22 30 1503 1460 1509 2134
10136 4 2 22 30 1003 2277 2155 2354
10137 4 2 22 30 1691 556 235 2331
10138 4 2 22 30 1807 1843 1813 570
10139 4 2 22 30 1879 2205 2045 2286
10140 4 2 22 30 188 1294 841 1588
10141 4 2 22 30 182 252 2230 2308
10142 4 2 22 30 2216 2217 2010 2310
10143 4 2 22 30 1473 1558 1583 2096
10144 4 2 22 30 1303 2283 77 2305
10145 4 2 22 30 1696 207 864 2291
10146 4 2 22 30 843 842 2042 2207
10147 4 2 22 30 656 1955 1486 2014
10148 4 2 22 30 180 2290 235 2322
10149 4 2 22 30 2106 2204 1979 2282
10150 4 2 22 30 511 1994 2228 2301
10151 4 2 22 30 1955 2078 1538 2249
10152 4 2 22 30 2088 2277 1020 2315
10153 4 2 22 30 1294 1296 1293 1467
10154 4 2 22 30 1925 2019 1972 2083
10155 4 2 22 30 1591 2028 1526 2099
10156 4 2 22 30 1852 1879 1822 2286
10157 4 2 22 30 657 658 1400 2232
10158 4 2 22 30 1909 1913 1912 1823
10159 4 2 22 30 2060 2079 1993 2299
10160 4 2 22 30 1480 1734 230 1744
10161 4 2 22 30 659 134 1398 2334
10162 4 2 22 30 1211 1217 491 2113
10163 4 2 22 30 1377 636 114 2279
10164 4 2 22 30 1347 1167 610 611
10165 4 2 22 30 1349 599 1180 1167
10166 4 2 22 30 1697 212 16 866
10167 4 2 22 30 683 1428 2059 2316
10168 4 2 22 30 1187 1351 1172 1201
10169 4 2 22 30 189 831 1471 2189
10170 4 2 22 30 1576 689 1438 690
10171 4 2 22 30 1447 773 2013 2049
10172 4 2 22 30 511 1176 2228 2295
10173 4 2 22 30 1441 1440 2037 2151
10174 4 2 22 30 1166 639 1174 2018
10175 4 2 22 30 592 2042 2039 2207
10176 4 2 22 30 1998 2031 1925 2083
10177 4 2 22 30 1438 683 2059 2316
10178 4 2 22 30 1481 1958 816 2225
10179 4 2 22 30 1714 38 895 254
10180 4 2 22 30 2021 2023 1577 2072
10181 4 2 22 30 1829 317 1816 2174
10182 4 2 22 30 1972 1973 1927 2007
10183 4 2 22 30 1498 1963 693 2151
10184 4 2 22 30 1287 833 1499 1286
10185 4 2 22 30 2192 2303 2011 2304
10186 4 2 22 30 1564 188 1484 1588
10187 4 2 22 30 1878 1854 1826 2319
10188 4 2 22 30 1195 1182 1202 617
10189 4 2 22 30 1815 2212 1840 2266
10190 4 2 22 30 1371 1170 1370 619
10191 4 2 22 30 791 1487 792 2009
10192 4 2 22 30 113 2035 1992 2279
10193 4 2 22 30 2021 2292 1953 2311
10194 4 2 22 30 1202 1372 1168 1177
10195 4 2 22 30 1538 790 789 1955
10196 4 2 22 30 1975 2088 2087 2277
10197 4 2 22 30 2075 2159 1972 2211
10198 4 2 22 30 1219 2101 517 2166
10199 4 2 22 30 688 150 1433 2160
10200 4 2 22 30 317 318 1816 2174
10201 4 2 22 30 2172 2335 1930 2336
10202 4 2 22 30 1440 692 2037 2062
10203 4 2 22 30 3 197 849 827
10204 4 2 22 30 9 206 864 835
10205 4 2 22 30 1591 1495 1725 2099
10206 4 2 22 30 901 1288 183 2332
10207 4 2 22 30 1290 908 190 2333
10208 4 2 22 30 2005 2018 612 2332
10209 4 2 22 30 1786 1787 1575 1737
10210 4 2 22 30 655 1591 1496 1581
10211 4 2 22 30 1104 452 1099 2345
10212 4 2 22 30 1727 1855 1726 747
10213 4 2 22 30 1458 1474 691 2011
10214 4 2 22 30 510 2228 1991 2282
10215 4 2 22 30 1373 620 1170 1183
10216 4 2 22 30 2015 1939 2208 2219
10217 4 2 22 30 1539 1489 1576 1952
10218 4 2 22 30 1579 1739 1762 1796
10219 4 2 22 30 1521 1945 1511 2084
10220 4 2 22 30 2159 2175 2068 2211
10221 4 2 22 30 2226 2231 1827 2319
10222 4 2 22 30 2056 2197 1945 2278
10223 4 2 22 30 282 1821 281 2225
10224 4 2 22 30 1517 1954 1513 2309
10225 4 2 22 30 121 2228 1176 2295
10226 4 2 22 30 1998 2083 1925 2163
10227 4 2 22 30 475 451 1133 2148
10228 4 2 22 30 1167 613 1179 1347
10229 4 2 22 30 1503 1937 1526 2134
10230 4 2 22 30 1176 2227 510 2228
10231 4 2 22 30 2170 2274 2040 2343
10232 4 2 22 30 1832 1820 1833 2221
10233 4 2 22 30 1821 572 1812 1847
10234 4 2 22 30 1799 825 249 1557
10235 4 2 22 30 571 1807 2020 2105
10236 4 2 22 30 1435 687 1434 1974
10237 4 2 22 30 1996 2095 2057 2122
10238 4 2 22 30 859 209 1804 2250
10239 4 2 22 30 1547 1999 1567 2290
10240 4 2 22 30 1587 1484 1507 2008
10241 4 2 22 30 1582 218 1594 1750
10242 4 2 22 30 1753 1556 1791 1755
10243 4 2 22 30 1511 1455 693 1944
10244 4 2 22 30 1930 2172 2336 2339
10245 4 2 22 30 1460 1539 1946 1952
10246 4 2 22 30 1755 1556 1791 1785
10247 4 2 22 30 838 1287 837 2090
10248 4 2 22 30 1590 778 1778 777
10249 4 2 22 30 1791 774 1597 1469
10250 4 2 22 30 513 1994 2188 2295
10251 4 2 22 30 475 1131 451 2148
10252 4 2 22 30 905 271 629 906
10253 4 2 22 30 239 563 881 882
10254 4 2 22 30 227 876 648 875
10255 4 2 22 30 259 608 899 900
10256 4 2 22 30 1833 2194 2049 2221
10257 4 2 22 30 452 453 1099 2345
10258 4 2 22 30 1556 1753 1740 1755
10259 4 2 22 30 14 208 96 861
10260 4 2 22 30 8 203 89 856
10261 4 2 22 30 2140 2301 511 2359
10262 4 2 22 30 888 233 819 887
10263 4 2 22 30 869 762 214 870
10264 4 2 22 30 265 912 911 830
10265 4 2 22 30 246 822 894 893
10266 4 2 22 30 1520 1519 1481 2109
10267 4 2 22 30 1503 1566 1526 1937
10268 4 2 22 30 1846 1820 1808 2253
10269 4 2 22 30 2004 2058 2030 2185
10270 4 2 22 30 1598 1500 1783 1589
10271 4 2 22 30 1183 115 620 2287
10272 4 2 22 30 1695 594 1699 2196
10273 4 2 22 30 1531 1445 1585 1991
10274 4 2 22 30 805 1506 1527 2157
10275 4 2 22 30 1940 2004 2002 2030
10276 4 2 22 30 1003 1013 1012 2354
10277 4 2 22 30 631 632 1703 2189
10278 4 2 22 30 1808 1820 1832 2253
10279 4 2 22 30 906 271 629 270
10280 4 2 22 30 239 238 563 882
10281 4 2 22 30 876 226 227 648
10282 4 2 22 30 900 259 608 258
10283 4 2 22 30 600 1192 599 1167
10284 4 2 22 30 610 2018 1174 2090
10285 4 2 22 30 592 210 14 861
10286 4 2 22 30 8 579 204 856
10287 4 2 22 30 1574 2180 1514 2282
10288 4 2 22 30 823 822 1559 2312
10289 4 2 22 30 1771 1562 766 765
10290 4 2 22 30 1254 2299 1256 2355
10291 4 2 22 30 1438 683 1437 2059
10292 4 2 22 30 1376 1168 1372 634
10293 4 2 22 30 1210 1207 521 2123
10294 4 2 22 30 818 25 234 1535
10295 4 2 22 30 1490 1538 1580 789
10296 4 2 22 30 1948 2077 2076 2298
10297 4 2 22 30 1981 2016 1998 2100
10298 4 2 22 30 1837 1809 1838 2248
10299 4 2 22 30 1841 1900 1862 2266
10300 4 2 22 30 1872 287 1846 2158
10301 4 2 22 30 1430 1926 1426 1934
10302 4 2 22 30 819 232 233 888
10303 4 2 22 30 762 213 214 870
10304 4 2 22 30 265 264 912 830
10305 4 2 22 30 822 894 245 246
10306 4 2 22 30 347 348 1825 2352
10307 4 2 22 30 1498 2180 1574 2301
10308 4 2 22 30 593 594 1697 2196
10309 4 2 22 30 1925 2019 2083 2108
10310 4 2 22 30 1730 759 758 568
10311 4 2 22 30 1948 2076 2077 2254
10312 4 2 22 30 844 1292 1295 2250
10313 4 2 22 30 1760 1794 1601 1590
10314 4 2 22 30 599 1180 1192 2229
10315 4 2 22 30 1744 2020 1734 2105
10316 4 2 22 30 147 1439 1427 1436
10317 4 2 22 30 1721 221 872 2246
10318 4 2 22 30 1188 494 495 2350
10319 4 2 22 30 1479 1966 2091 2233
10320 4 2 22 30 1831 2024 1898 2082
10321 4 2 22 30 570 571 1807 2020
10322 4 2 22 30 1449 1493 1577 2072
10323 4 2 22 30 798 1553 797 1759
10324 4 2 22 30 1982 2095 2093 2169
10325 4 2 22 30 1176 121 2227 2228
10326 4 2 22 30 1826 2276 2051 2319
10327 4 2 22 30 1849 1726 746 747
10328 4 2 22 30 1452 2103 1593 2357
10329 4 2 22 30 1851 1873 1833 2194
10330 4 2 22 30 445 446 1094 2311
10331 4 2 22 30 1595 2017 1454 2035
10332 4 2 22 30 1726 752 1728 657
10333 4 2 22 30 1731 760 569 1733
10334 4 2 22 30 1587 1448 196 2012
10335 4 2 22 30 2048 2137 2002 2223
10336 4 2 22 30 1857 1821 282 2225
10337 4 2 22 30 1935 1454 2256 2260
10338 4 2 22 30 1459 1971 1935 2149
10339 4 2 22 30 769 2045 2205 2286
10340 4 2 22 30 1555 193 12 835
10341 4 2 22 30 1759 798 1553 1600
10342 4 2 22 30 1587 2008 1507 2012
10343 4 2 22 30 45 621 914 1701
10344 4 2 22 30 1696 589 207 2291
10345 4 2 22 30 1925 2031 2019 2108
10346 4 2 22 30 6 1711 851 578
10347 4 2 22 30 1692 241 565 2307
10348 4 2 22 30 1815 1863 1840 2212
10349 4 2 22 30 1442 1432 145 2328
10350 4 2 22 30 1183 620 1193 2287
10351 4 2 22 30 1889 1840 1863 2212
10352 4 2 22 30 1371 1202 1372 1368
10353 4 2 22 30 1537 1572 1459 2149
10354 4 2 22 30 1530 1490 1735 1769
10355 4 2 22 30 97 1502 1595 1454
10356 4 2 22 30 2001 2130 2129 2131
10357 4 2 22 30 2041 2297 2215 2324
10358 4 2 22 30 1479 1964 694 1966
10359 4 2 22 30 1436 1438 690 2316
10360 4 2 22 30 2124 1956 2300 2344
10361 4 2 22 30 2186 2030 2200 2314
10362 4 2 22 30 1208 1214 489 2139
10363 4 2 22 30 2068 1972 2159 2211
10364 4 2 22 30 1504 2043 1572 2283
10365 4 2 22 30 234 25 26 1535
10366 4 2 22 30 2097 2119 1939 2209
10367 4 2 22 30 1506 801 1568 1483
10368 4 2 22 30 1492 1552 1548 2184
10369 4 2 22 30 1435 1508 686 687
10370 4 2 22 30 1548 1532 1482 2210
10371 4 2 22 30 1601 1794 1469 1590
10372 4 2 22 30 2083 2108 2019 2252
10373 4 2 22 30 193 1555 1468 1595
10374 4 2 22 30 828 1801 855 2206
10375 4 2 22 30 836 1805 860 2207
10376 4 2 22 30 102 1180 599 2229
10377 4 2 22 30 1455 1971 1459 2114
10378 4 2 22 30 683 1427 1428 2316
10379 4 2 22 30 691 1497 1458 2192
10380 4 2 22 30 1579 1770 1604 1530
10381 4 2 22 30 1583 1550 1551 2064
10382 4 2 22 30 691 1439 151 1497
10383 4 2 22 30 1329 94 587 2294
10384 4 2 22 30 1941 2004 1993 2006
10385 4 2 22 30 1445 1476 1521 1994
10386 4 2 22 30 998 1012 1013 2354
10387 4 2 22 30 1730 755 756 1823
10388 4 2 22 30 1817 1898 1831 2024
10389 4 2 22 30 616 1172 1201 1196
10390 4 2 22 30 1956 2026 2170 2202
10391 4 2 22 30 1485 692 1514 2037
10392 4 2 22 30 1939 2119 2031 2172
10393 4 2 22 30 1012 2343 2315 2354
10394 4 2 22 30 1731 754 1836 755
10395 4 2 22 30 1350 613 1167 1347
10396 4 2 22 30 494 1178 493 2350
10397 4 2 22 30 1916 1731 760 759
10398 4 2 22 30 2141 2236 1971 2318
10399 4 2 22 30 827 2 197 850
10400 4 2 22 30 865 206 12 835
10401 4 2 22 30 1289 1287 838 2090
10402 4 2 22 30 449 1136 473 2123
10403 4 2 22 30 608 899 260 259
10404 4 2 22 30 648 228 227 875
10405 4 2 22 30 563 240 239 881
10406 4 2 22 30 905 629 271 272
10407 4 2 22 30 762 214 215 869
10408 4 2 22 30 819 233 234 887
10409 4 2 22 30 265 911 266 830
10410 4 2 22 30 893 246 822 247
10411 4 2 22 30 1507 2008 1951 2012
10412 4 2 22 30 1170 1193 620 619
10413 4 2 22 30 1744 231 230 1569
10414 4 2 22 30 1434 1534 687 688
10415 4 2 22 30 1947 2073 1443 2184
10416 4 2 22 30 114 1189 1171 2279
10417 4 2 22 30 1989 1446 2127 2128
10418 4 2 22 30 1868 1819 1891 2276
10419 4 2 22 30 1928 1938 1493 2072
10420 4 2 22 30 1186 1169 1199 2005
10421 4 2 22 30 1193 2115 485 2287
10422 4 2 22 30 1907 50 310 2261
10423 4 2 22 30 1869 2049 2013 2221
10424 4 2 22 30 1565 1489 1496 2069
10425 4 2 22 30 1461 784 1757 1589
10426 4 2 22 30 449 473 1135 2123
10427 4 2 22 30 1495 762 761 1581
10428 4 2 22 30 613 1356 103 2350
10429 4 2 22 30 117 1994 2228 2295
10430 4 2 22 30 1594 1582 792 1487
10431 4 2 22 30 2005 2332 840 2333
10432 4 2 22 30 1170 1370 620 1373
10433 4 2 22 30 1546 2143 1957 2309
10434 4 2 22 30 1483 1506 2107 2127
10435 4 2 22 30 1912 1902 1813 1823
10436 4 2 22 30 2032 2305 349 2352
10437 4 2 22 30 1254 2079 2299 2355
10438 4 2 22 30 1193 619 2115 2287
10439 4 2 22 30 1817 1866 1897 2231
10440 4 2 22 30 821 822 1557 247
10441 4 2 22 30 1352 101 609 2323
10442 4 2 22 30 1985 2047 2054 2110
10443 4 2 22 30 1846 287 288 2158
10444 4 2 22 30 598 597 1341 2345
10445 4 2 22 30 2167 2215 2010 2216
10446 4 2 22 30 1491 1443 1542 1948
10447 4 2 22 30 1958 2161 1999 2290
10448 4 2 22 30 599 1344 102 2229
10449 4 2 22 30 108 1353 607 2332
10450 4 2 22 30 630 1386 118 2333
10451 4 2 22 30 346 1905 345 2162
10452 4 2 22 30 773 2013 2049 2221
10453 4 2 22 30 1556 1753 1469 1740
10454 4 2 22 30 1174 1169 1166 2018
10455 4 2 22 30 2028 2232 1936 2280
10456 4 2 22 30 1574 2228 1445 2301
10457 4 2 22 30 2025 2069 1952 2310
10458 4 2 22 30 1940 1981 1934 1990
10459 4 2 22 30 1729 171 1848 748
10460 4 2 22 30 115 1363 620 2287
10461 4 2 22 30 836 194 1295 2250
10462 4 2 22 30 1586 1447 771 2013
10463 4 2 22 30 194 1804 209 2250
10464 4 2 22 30 437 2042 2008 2213
10465 4 2 22 30 1454 1521 1992 2278
10466 4 2 22 30 1746 1604 1766 1762
10467 4 2 22 30 1292 2039 2042 2207
10468 4 2 22 30 1518 1292 842 843
10469 4 2 22 30 1215 483 1212 2148
10470 4 2 22 30 1579 795 1770 1530
10471 4 2 22 30 1214 1208 525 2139
10472 4 2 22 30 2075 2083 2019 2252
10473 4 2 22 30 1295 1292 1297 2207
10474 4 2 22 30 1479 149 1442 1432
10475 4 2 22 30 96 2008 2012 2270
10476 4 2 22 30 1840 2212 2027 2351
10477 4 2 22 30 1292 2042 2039 2240
10478 4 2 22 30 1506 803 802 2107
10479 4 2 22 30 1581 761 1495 1580
10480 4 2 22 30 1509 689 1437 2059
10481 4 2 22 30 1963 2140 2084 2150
10482 4 2 22 30 2135 2217 2040 2274
10483 4 2 22 30 1379 626 635 2188
10484 4 2 22 30 1449 2023 1571 2230
10485 4 2 22 30 77 2032 2003 2352
10486 4 2 22 30 2121 2172 2031 2288
10487 4 2 22 30 800 1789 1788 1568
10488 4 2 22 30 1547 817 1481 1958
10489 4 2 22 30 98 2250 2039 2330
10490 4 2 22 30 1777 1739 1461 1757
10491 4 2 22 30 514 515 1189 2279
10492 4 2 22 30 1762 1770 1604 1579
10493 4 2 22 30 1587 1507 1448 2012
10494 4 2 22 30 1498 1511 693 1963
10495 4 2 22 30 1444 1547 1567 2290
10496 4 2 22 30 1794 1469 1753 1740
10497 4 2 22 30 1695 1697 594 2196
10498 4 2 22 30 1524 179 28 820
10499 4 2 22 30 1733 760 173 1910
10500 4 2 22 30 1753 1791 1556 1469
10501 4 2 22 30 2142 2179 2053 2320
10502 4 2 22 30 309 50 1907 2261
10503 4 2 22 30 1938 1928 2118 2190
10504 4 2 22 30 1579 1796 797 1553
10505 4 2 22 30 1866 2085 2080 2231
10506 4 2 22 30 1549 2044 1504 2283
10507 4 2 22 30 612 109 1201 1181
10508 4 2 22 30 2054 2353 1966 2358
10509 4 2 22 30 2247 2300 2088 2315
10510 4 2 22 30 1181 501 502 2086
10511 4 2 22 30 1287 1470 826 825
10512 4 2 22 30 2080 2085 795 2231
10513 4 2 22 30 26 229 234 1535
10514 4 2 22 30 639 1174 2018 2090
10515 4 2 22 30 83 80 79 1308
10516 4 2 22 30 1732 758 176 567
10517 4 2 22 30 1443 2073 1948 2184
10518 4 2 22 30 1254 1247 1253 2355
10519 4 2 22 30 1986 2098 2173 2302
10520 4 2 22 30 2053 2198 2100 2320
10521 4 2 22 30 773 1447 772 1597
10522 4 2 22 30 1514 692 1475 1979
10523 4 2 22 30 1791 1556 1494 1785
10524 4 2 22 30 832 906 261 1803
10525 4 2 22 30 775 2049 1533 2289
10526 4 2 22 30 2054 2110 2047 2269
10527 4 2 22 30 1540 1512 1586 769
10528 4 2 22 30 900 824 1799 248
10529 4 2 22 30 760 173 569 1733
10530 4 2 22 30 1573 1949 2036 2115
10531 4 2 22 30 523 1213 522 2102
10532 4 2 22 30 1528 1756 1575 810
10533 4 2 22 30 1535 1748 229 1742
10534 4 2 22 30 1808 1846 2253 2272
10535 4 2 22 30 1169 1186 1175 2005
10536 4 2 22 30 1961 2229 2038 2308
10537 4 2 22 30 1728 752 169 657
10538 4 2 22 30 189 1517 190 1954
10539 4 2 22 30 1287 2090 2018 2323
10540 4 2 22 30 1945 2154 2084 2197
10541 4 2 22 30 1503 1509 2160 2264
10542 4 2 22 30 1787 1575 1756 810
10543 4 2 22 30 1840 2266 2212 2351
10544 4 2 22 30 1521 1574 1994 2301
10545 4 2 22 30 1855 1859 1726 747
10546 4 2 22 30 800 799 1578 1483
10547 4 2 22 30 1455 1966 694 1967
10548 4 2 22 30 185 1953 1472 2292
10549 4 2 22 30 2010 2215 2156 2216
10550 4 2 22 30 1455 1511 1459 1971
10551 4 2 22 30 1438 1436 683 2316
10552 4 2 22 30 795 2080 1488 2085
10553 4 2 22 30 218 1582 1745 1750
10554 4 2 22 30 1373 115 620 1183
10555 4 2 22 30 2158 2253 1846 2272
10556 4 2 22 30 837 2038 2090 2323
10557 4 2 22 30 1257 2186 2314 2355
10558 4 2 22 30 2119 2031 2172 2288
10559 4 2 22 30 1292 845 844 1518
10560 4 2 22 30 2058 2137 2181 2329
10561 4 2 22 30 1372 1202 1371 635
10562 4 2 22 30 1180 490 1192 2229
10563 4 2 22 30 477 2153 2101 2166
10564 4 2 22 30 1871 1814 1892 2182
10565 4 2 22 30 2044 2283 1305 2305
10566 4 2 22 30 1215 1212 519 2148
10567 4 2 22 30 1833 1810 1851 2194
10568 4 2 22 30 768 1603 1763 769
10569 4 2 22 30 180 1958 2290 2322
10570 4 2 22 30 188 186 1 1564
10571 4 2 22 30 1972 2019 2007 2075
10572 4 2 22 30 626 1380 635 2188
10573 4 2 22 30 1571 1449 1577 2023
10574 4 2 22 30 1295 1297 836 2207
10575 4 2 22 30 1526 128 1987 2138
10576 4 2 22 30 1958 2161 2290 2322
10577 4 2 22 30 1551 1968 1602 2117
10578 4 2 22 30 509 1176 1200 2227
10579 4 2 22 30 1473 821 2096 2312
10580 4 2 22 30 1691 235 890 2331
10581 4 2 22 30 214 218 213 1495
10582 4 2 22 30 1585 1445 1574 2282
10583 4 2 22 30 1830 350 351 2305
10584 4 2 22 30 1937 2104 1987 2202
10585 4 2 22 30 1430 1440 148 1441
10586 4 2 22 30 621 1701 622 2296
10587 4 2 22 30 150 689 1437 1509
10588 4 2 22 30 1481 1452 1520 2103
10589 4 2 22 30 1513 1954 2259 2309
10590 4 2 22 30 2015 2165 2016 2203
10591 4 2 22 30 1499 840 1288 1286
10592 4 2 22 30 914 276 45 1701
10593 4 2 22 30 1595 1454 1573 2035
10594 4 2 22 30 625 2188 1994 2295
10595 4 2 22 30 1439 1497 691 2192
10596 4 2 22 30 787 1604 1490 1560
10597 4 2 22 30 1444 1545 1549 1965
10598 4 2 22 30 2015 2116 2218 2219
10599 4 2 22 30 1430 684 2062 2304
10600 4 2 22 30 656 132 133 1403
10601 4 2 22 30 750 1729 172 659
10602 4 2 22 30 174 754 1733 1861
10603 4 2 22 30 1500 1782 1788 1754
10604 4 2 22 30 16 593 1697 866
10605 4 2 22 30 1190 1176 512 2295
10606 4 2 22 30 1743 217 1580 1582
10607 4 2 22 30 559 2283 1303 2305
10608 4 2 22 30 1604 1746 1770 1762
10609 4 2 22 30 42 832 907 261
10610 4 2 22 30 2071 2257 2072 2347
10611 4 2 22 30 248 824 36 901
10612 4 2 22 30 1998 2015 1939 2208
10613 4 2 22 30 1601 1505 1781 1780
10614 4 2 22 30 1766 1604 786 1560
10615 4 2 22 30 32 241 80 1692
10616 4 2 22 30 1485 1440 692 2037
10617 4 2 22 30 309 2261 1987 2262
10618 4 2 22 30 188 1564 1484 1950
10619 4 2 22 30 1090 2039 2042 2240
10620 4 2 22 30 1820 2221 1832 2253
10621 4 2 22 30 1583 1515 2033 2096
10622 4 2 22 30 1475 1979 1970 2063
10623 4 2 22 30 1491 2249 2078 2254
10624 4 2 22 30 33 826 1470 250
10625 4 2 22 30 1296 828 1294 2206
10626 4 2 22 30 1533 1597 1447 2049
10627 4 2 22 30 1508 1510 1446 2001
10628 4 2 22 30 1454 1476 1573 2035
10629 4 2 22 30 826 1798 250 899
10630 4 2 22 30 1485 1498 693 2151
10631 4 2 22 30 905 1802 834 263
10632 4 2 22 30 1985 2110 2054 2111
10633 4 2 22 30 1773 1603 1763 768
10634 4 2 22 30 1578 1553 798 1600
10635 4 2 22 30 689 1438 1437 2059
10636 4 2 22 30 585 1326 586 2311
10637 4 2 22 30 1998 2164 2100 2165
10638 4 2 22 30 1368 1371 1202 1170
10639 4 2 22 30 232 819 1569 820
10640 4 2 22 30 1498 2140 1963 2180
10641 4 2 22 30 902 826 33 250
10642 4 2 22 30 1958 1999 1547 2290
10643 4 2 22 30 1201 109 111 1181
10644 4 2 22 30 218 213 1495 1594
10645 4 2 22 30 263 43 834 908
10646 4 2 22 30 604 1715 1719 2312
10647 4 2 22 30 81 2305 2032 2352
10648 4 2 22 30 1744 1480 1599 1569
10649 4 2 22 30 640 1198 1185 1173
10650 4 2 22 30 1756 1575 1787 1737
10651 4 2 22 30 1764 1490 1604 1746
10652 4 2 22 30 774 1791 1753 1469
10653 4 2 22 30 1749 1580 790 1743
10654 4 2 22 30 1315 576 87 2267
10655 4 2 22 30 1372 642 1168 1376
10656 4 2 22 30 1998 2163 2100 2164
10657 4 2 22 30 241 1692 889 2307
10658 4 2 22 30 1454 1521 1476 1992
10659 4 2 22 30 117 1991 2227 2228
10660 4 2 22 30 1997 2113 63 2347
10661 4 2 22 30 1547 1958 1519 1999
10662 4 2 22 30 1450 1563 1577 2257
10663 4 2 22 30 1935 2141 2056 2260
10664 4 2 22 30 2120 2152 1990 2179
10665 4 2 22 30 1970 2143 2063 2187
10666 4 2 22 30 449 2039 2326 2330
10667 4 2 22 30 621 2115 1959 2296
10668 4 2 22 30 2046 2097 1939 2209
10669 4 2 22 30 620 1193 1170 1183
10670 4 2 22 30 1536 1446 1483 2127
10671 4 2 22 30 1454 1935 1511 2278
10672 4 2 22 30 494 1188 1178 2350
10673 4 2 22 30 1476 1454 1992 2035
10674 4 2 22 30 2072 2190 2071 2347
10675 4 2 22 30 832 1516 1289 1287
10676 4 2 22 30 835 2196 865 2291
10677 4 2 22 30 1691 557 556 2331
10678 4 2 22 30 1286 1499 840 839
10679 4 2 22 30 1481 816 2103 2225
10680 4 2 22 30 782 1598 1589 1492
10681 4 2 22 30 1589 1783 1598 782
10682 4 2 22 30 509 1200 508 2227
10683 4 2 22 30 1846 2158 2094 2253
10684 4 2 22 30 1975 2089 2088 2277
10685 4 2 22 30 792 2009 1487 2082
10686 4 2 22 30 1548 1443 1492 2184
10687 4 2 22 30 658 1727 751 750
10688 4 2 22 30 1461 785 1554 1560
10689 4 2 22 30 1764 1490 1774 788
10690 4 2 22 30 1827 1826 1809 2319
10691 4 2 22 30 2150 2243 2006 2244
10692 4 2 22 30 1580 216 217 1743
10693 4 2 22 30 1192 1180 599 1167
10694 4 2 22 30 1185 506 1198 2112
10695 4 2 22 30 837 1291 184 2323
10696 4 2 22 30 1790 1759 1736 1600
10697 4 2 22 30 1463 2249 2041 2297
10698 4 2 22 30 1838 1809 1854 2248
10699 4 2 22 30 1808 1852 1822 2286
10700 4 2 22 30 1729 1850 171 748
10701 4 2 22 30 1566 1937 1503 2202
10702 4 2 22 30 2120 2061 2152 2187
10703 4 2 22 30 1183 1193 485 2287
10704 4 2 22 30 1527 1446 1510 2001
10705 4 2 22 30 1538 1955 789 2078
10706 4 2 22 30 1914 555 1915 1812
10707 4 2 22 30 1444 180 1547 2290
10708 4 2 22 30 1530 1770 1604 1769
10709 4 2 22 30 1196 501 1181 2086
10710 4 2 22 30 1594 178 1526 2009
10711 4 2 22 30 1490 1764 1735 1746
10712 4 2 22 30 1516 832 261 1803
10713 4 2 22 30 1831 1806 1817 2024
10714 4 2 22 30 1515 1550 1583 2064
10715 4 2 22 30 1600 1739 1759 1757
10716 4 2 22 30 2336 2337 2255 2338
10717 4 2 22 30 2058 2137 2116 2181
10718 4 2 22 30 1967 2269 2114 2271
10719 4 2 22 30 1928 2072 1997 2347
10720 4 2 22 30 1947 1948 1443 2073
10721 4 2 22 30 1169 612 2005 2018
10722 4 2 22 30 229 26 1748 1535
10723 4 2 22 30 1847 280 281 2273
10724 4 2 22 30 692 1474 1475 1970
10725 4 2 22 30 1503 1937 2026 2202
10726 4 2 22 30 1459 1502 1537 2256
10727 4 2 22 30 183 1288 840 2332
10728 4 2 22 30 839 1290 190 2333
10729 4 2 22 30 1989 2238 2128 2251
10730 4 2 22 30 1574 1445 1994 2301
10731 4 2 22 30 490 1180 489 2229
10732 4 2 22 30 1599 764 765 1744
10733 4 2 22 30 1967 2043 2269 2271
10734 4 2 22 30 1491 1542 1463 1980
10735 4 2 22 30 1392 2104 1987 2138
10736 4 2 22 30 2153 2181 477 2329
10737 4 2 22 30 1603 1797 1763 769
10738 4 2 22 30 1775 1742 1734 2105
10739 4 2 22 30 2002 2048 2116 2137
10740 4 2 22 30 1810 1851 2194 2351
10741 4 2 22 30 2159 2211 2075 2306
10742 4 2 22 30 1989 2126 2238 2251
10743 4 2 22 30 1554 784 1589 783
10744 4 2 22 30 1841 1862 1815 2266
10745 4 2 22 30 263 265 1471 264
10746 4 2 22 30 1571 1559 1449 2230
10747 4 2 22 30 123 120 1382 124
10748 4 2 22 30 1938 2071 1450 2257
10749 4 2 22 30 1510 1596 1527 2258
10750 4 2 22 30 218 1495 1582 1594
10751 4 2 22 30 2028 2133 310 2280
10752 4 2 22 30 565 566 1690 2307
10753 4 2 22 30 1538 1491 1463 2249
10754 4 2 22 30 1935 1945 1511 2278
10755 4 2 22 30 1789 800 1578 1568
10756 4 2 22 30 245 823 895 894
10757 4 2 22 30 264 831 913 912
10758 4 2 22 30 888 232 889 820
10759 4 2 22 30 870 763 213 871
10760 4 2 22 30 1504 1572 1549 2283
10761 4 2 22 30 1523 1773 1763 1747
10762 4 2 22 30 1601 1556 1469 1740
10763 4 2 22 30 1526 2134 1987 2261
10764 4 2 22 30 2079 2006 2243 2348
10765 4 2 22 30 2058 2181 2153 2329
10766 4 2 22 30 1820 1846 1867 2253
10767 4 2 22 30 1939 2119 2172 2209
10768 4 2 22 30 191 1959 1453 2296
10769 4 2 22 30 2177 2184 1947 2210
10770 4 2 22 30 1458 1497 1542 2192
10771 4 2 22 30 1778 1760 1590 777
10772 4 2 22 30 2180 2301 2140 2359
10773 4 2 22 30 1568 800 1578 1483
10774 4 2 22 30 1462 1534 1536 1962
10775 4 2 22 30 786 1461 1766 1560
10776 4 2 22 30 1580 217 1495 1582
10777 4 2 22 30 1989 2127 2126 2251
10778 4 2 22 30 1604 1766 1461 1560
10779 4 2 22 30 1183 485 486 2287
10780 4 2 22 30 1483 1446 1506 2127
10781 4 2 22 30 1854 2248 1809 2319
10782 4 2 22 30 1513 1531 1585 1991
10783 4 2 22 30 1780 1740 1601 1760
10784 4 2 22 30 77 2283 2032 2305
10785 4 2 22 30 485 1207 1210 2123
10786 4 2 22 30 1503 2026 1956 2202
10787 4 2 22 30 1732 756 175 1902
10788 4 2 22 30 1940 2002 2015 2030
10789 4 2 22 30 262 263 265 1471
10790 4 2 22 30 1849 745 170 1728
10791 4 2 22 30 1866 1817 1827 2231
10792 4 2 22 30 828 198 854 855
10793 4 2 22 30 859 836 205 860
10794 4 2 22 30 1998 2165 2015 2208
10795 4 2 22 30 29 1691 890 244
10796 4 2 22 30 1930 2338 1995 2339
10797 4 2 22 30 900 258 607 901
10798 4 2 22 30 226 877 649 876
10799 4 2 22 30 628 907 906 270
10800 4 2 22 30 562 882 238 883
10801 4 2 22 30 1811 1806 1831 2024
10802 4 2 22 30 1549 1965 1504 2044
10803 4 2 22 30 1167 610 1349 1347
10804 4 2 22 30 1728 745 170 1860
10805 4 2 22 30 2006 2244 2242 2346
10806 4 2 22 30 2087 2315 2300 2343
10807 4 2 22 30 2016 2100 2053 2198
10808 4 2 22 30 1901 1865 1844 2195
10809 4 2 22 30 906 907 832 261
10810 4 2 22 30 1695 590 589 2291
10811 4 2 22 30 248 900 824 901
10812 4 2 22 30 2016 2100 2198 2268
10813 4 2 22 30 1462 1536 1566 1962
10814 4 2 22 30 177 1486 1581 2246
10815 4 2 22 30 1763 1466 1738 1603
10816 4 2 22 30 266 911 914 829
10817 4 2 22 30 821 896 893 247
10818 4 2 22 30 872 761 215 869
10819 4 2 22 30 890 234 887 818
10820 4 2 22 30 1287 837 2090 2323
10821 4 2 22 30 616 1201 111 1196
10822 4 2 22 30 1558 2033 1515 2096
10823 4 2 22 30 1695 589 1696 2291
10824 4 2 22 30 1844 1865 1810 2195
10825 4 2 22 30 2101 2153 517 2166
10826 4 2 22 30 1500 1789 1788 1736
10827 4 2 22 30 1969 2074 2070 2142
10828 4 2 22 30 513 1190 512 2295
10829 4 2 22 30 1958 2273 2161 2322
10830 4 2 22 30 803 1506 804 2157
10831 4 2 22 30 833 262 905 906
10832 4 2 22 30 249 899 825 900
10833 4 2 22 30 1972 1927 1975 2007
10834 4 2 22 30 1460 1489 1539 1952
10835 4 2 22 30 2007 2019 1973 2055
10836 4 2 22 30 1503 2026 1937 2262
10837 4 2 22 30 1508 1982 1510 2001
10838 4 2 22 30 2077 2136 1980 2249
10839 4 2 22 30 1826 1854 1809 2319
10840 4 2 22 30 2023 1961 2230 2308
10841 4 2 22 30 1961 2023 2021 2229
10842 4 2 22 30 1998 2164 2165 2208
10843 4 2 22 30 1173 1374 640 641
10844 4 2 22 30 840 1288 183 1456
10845 4 2 22 30 1772 1523 1773 767
10846 4 2 22 30 1170 1193 619 1182
10847 4 2 22 30 1962 2126 2125 2247
10848 4 2 22 30 1216 517 518 2166
10849 4 2 22 30 1947 2177 2073 2184
10850 4 2 22 30 836 859 1804 2250
10851 4 2 22 30 1935 1454 2260 2278
10852 4 2 22 30 2088 2300 2087 2315
10853 4 2 22 30 1724 656 1721 2246
10854 4 2 22 30 1294 1293 1296 2206
10855 4 2 22 30 836 205 1804 859
10856 4 2 22 30 1800 198 854 828
10857 4 2 22 30 815 1593 1481 2103
10858 4 2 22 30 2071 2072 1938 2190
10859 4 2 22 30 1930 2255 1995 2338
10860 4 2 22 30 1767 1466 1738 1763
10861 4 2 22 30 1292 843 1297 2207
10862 4 2 22 30 1566 1503 1956 2202
10863 4 2 22 30 1984 2000 2109 2168
10864 4 2 22 30 905 630 272 908
10865 4 2 22 30 564 884 240 881
10866 4 2 22 30 260 609 902 899
10867 4 2 22 30 647 228 875 878
10868 4 2 22 30 612 1201 1169 1181
10869 4 2 22 30 1351 1187 1348 1201
10870 4 2 22 30 1167 600 1350 1347
10871 4 2 22 30 1486 790 1538 1955
10872 4 2 22 30 1594 218 17 1750
10873 4 2 22 30 1818 1893 1807 2020
10874 4 2 22 30 180 1958 1547 2290
10875 4 2 22 30 230 1480 1744 1569
10876 4 2 22 30 764 1599 1751 1744
10877 4 2 22 30 1314 578 85 2178
10878 4 2 22 30 250 902 826 899
10879 4 2 22 30 1443 1948 1491 2254
10880 4 2 22 30 1555 1595 193 2196
10881 4 2 22 30 263 834 905 908
10882 4 2 22 30 1565 1486 1463 2249
10883 4 2 22 30 515 516 1171 2279
10884 4 2 22 30 178 18 17 1594
10885 4 2 22 30 1486 1565 1496 2014
10886 4 2 22 30 1445 1521 1574 1994
10887 4 2 22 30 1291 826 902 2323
10888 4 2 22 30 1992 2035 1454 2278
10889 4 2 22 30 859 2207 592 2250
10890 4 2 22 30 1370 1170 620 619
10891 4 2 22 30 1167 599 600 1347
10892 4 2 22 30 1959 2115 621 2287
10893 4 2 22 30 761 19 215 1580
10894 4 2 22 30 135 136 133 1403
10895 4 2 22 30 135 133 132 1403
10896 4 2 22 30 2006 2244 2243 2348
10897 4 2 22 30 2039 2240 1106 2326
10898 4 2 22 30 1515 1474 1550 2034
10899 4 2 22 30 1509 1460 1539 1946
10900 4 2 22 30 1503 1937 2134 2262
10901 4 2 22 30 1574 1498 1514 2180
10902 4 2 22 30 2136 2215 2041 2297
10903 4 2 22 30 1499 1286 1290 839
10904 4 2 22 30 1752 802 801 1568
10905 4 2 22 30 19 20 215 1580
10906 4 2 22 30 123 124 1382 640
10907 4 2 22 30 1485 693 1441 2151
10908 4 2 22 30 111 112 107 1362
10909 4 2 22 30 217 218 1495 1582
10910 4 2 22 30 785 1461 786 1560
10911 4 2 22 30 1938 2072 2071 2257
10912 4 2 22 30 1996 2122 2057 2237
10913 4 2 22 30 1747 1523 1773 1772
10914 4 2 22 30 686 1435 1432 1983
10915 4 2 22 30 2023 2229 1961 2308
10916 4 2 22 30 1779 1741 1464 1778
10917 4 2 22 30 813 814 1522 1747
10918 4 2 22 30 1506 2127 1446 2157
10919 4 2 22 30 1167 611 1348 1201
10920 4 2 22 30 2016 2186 2030 2200
10921 4 2 22 30 1993 2299 2079 2355
10922 4 2 22 30 756 755 1730 1904
10923 4 2 22 30 348 1906 1825 2352
10924 4 2 22 30 1529 1452 1593 2357
10925 4 2 22 30 1491 2051 1492 2254
10926 4 2 22 30 1937 1987 1526 2134
10927 4 2 22 30 1286 833 1499 834
10928 4 2 22 30 1495 213 763 1594
10929 4 2 22 30 1288 901 824 2332
10930 4 2 22 30 834 908 1290 2333
10931 4 2 22 30 1857 1892 1814 2182
10932 4 2 22 30 182 2230 1961 2308
10933 4 2 22 30 1455 1459 1572 2114
10934 4 2 22 30 2015 2208 2203 2219
10935 4 2 22 30 1490 1538 789 788
10936 4 2 22 30 196 1448 195 2012
10937 4 2 22 30 2040 2274 2217 2343
10938 4 2 22 30 1554 1492 1491 2051
10939 4 2 22 30 83 80 1308 84
10940 4 2 22 30 889 1692 32 242
10941 4 2 22 30 1167 1349 599 1347
10942 4 2 22 30 111 112 1362 616
10943 4 2 22 30 1458 1477 1550 1986
10944 4 2 22 30 783 1589 1554 1492
10945 4 2 22 30 1980 2041 1463 2249
10946 4 2 22 30 1469 1794 1601 1740
10947 4 2 22 30 1494 1737 1791 1785
10948 4 2 22 30 1551 1449 1602 1968
10949 4 2 22 30 1527 1506 1446 2157
10950 4 2 22 30 1500 1782 1598 1783
10951 4 2 22 30 2016 2165 2100 2268
10952 4 2 22 30 1513 1517 1531 1954
10953 4 2 22 30 1521 1511 1945 2278
10954 4 2 22 30 1990 2120 2179 2302
10955 4 2 22 30 1461 1777 785 1766
10956 4 2 22 30 1454 2017 2260 2278
10957 4 2 22 30 1933 2337 2336 2338
10958 4 2 22 30 1930 2336 2338 2339
10959 4 2 22 30 1604 787 786 1560
10960 4 2 22 30 1455 694 1964 1967
10961 4 2 22 30 523 1209 1213 2102
10962 4 2 22 30 185 3 4 852
10963 4 2 22 30 9 10 195 857
10964 4 2 22 30 636 1371 1202 635
10965 4 2 22 30 217 218 1582 1745
10966 4 2 22 30 1521 1963 1498 2140
10967 4 2 22 30 556 2290 235 2331
10968 4 2 22 30 135 136 1403 660
10969 4 2 22 30 2242 2244 2006 2348
10970 4 2 22 30 565 79 80 1308
10971 4 2 22 30 2057 2222 2055 2275
10972 4 2 22 30 1536 1534 1446 1989
10973 4 2 22 30 1987 2009 1937 2138
10974 4 2 22 30 216 215 20 1580
10975 4 2 22 30 111 107 106 1362
10976 4 2 22 30 186 1 2 847
10977 4 2 22 30 193 11 12 862
10978 4 2 22 30 1788 1782 1500 1736
10979 4 2 22 30 1492 1443 1491 2184
10980 4 2 22 30 2031 2237 2121 2288
10981 4 2 22 30 1987 1937 2202 2262
10982 4 2 22 30 1443 1548 1482 1947
10983 4 2 22 30 1478 1479 1519 2000
10984 4 2 22 30 1201 1348 1351 616
10985 4 2 22 30 2 1 186 1564
10986 4 2 22 30 181 1456 1558 1957
10987 4 2 22 30 1689 557 1691 2331
10988 4 2 22 30 1590 1760 776 777
10989 4 2 22 30 1513 2259 1546 2309
10990 4 2 22 30 1508 1446 1534 2001
10991 4 2 22 30 1452 1596 1510 2258
10992 4 2 22 30 213 18 763 1594
10993 4 2 22 30 1548 1947 1443 2184
10994 4 2 22 30 784 1757 1589 783
10995 4 2 22 30 218 18 1594 17
10996 4 2 22 30 826 1291 1470 1287
10997 4 2 22 30 2150 2244 2006 2346
10998 4 2 22 30 803 2107 1506 2157
10999 4 2 22 30 18 218 1594 213
11000 4 2 22 30 1559 1473 1602 2312
11001 4 2 22 30 2052 2168 2111 2233
11002 4 2 22 30 694 1479 1442 1964
11003 4 2 22 30 10 9 195 1448
11004 4 2 22 30 1750 17 1594 791
11005 4 2 22 30 1521 1454 1511 2278
11006 4 2 22 30 2015 2016 1940 2030
11007 4 2 22 30 1468 1595 1573 1949
11008 4 2 22 30 1179 1167 1348 1201
11009 4 2 22 30 1583 1558 1515 2096
11010 4 2 22 30 2015 2203 2116 2219
11011 4 2 22 30 2087 2315 2343 2354
11012 4 2 22 30 101 1344 602 2308
11013 4 2 22 30 1749 216 20 1580
11014 4 2 22 30 1946 1460 2133 2134
11015 4 2 22 30 278 279 1824 2161
11016 4 2 22 30 1375 1371 1202 636
11017 4 2 22 30 1510 1508 1520 1982
11018 4 2 22 30 2053 2016 2198 2199
11019 4 2 22 30 1475 2063 1546 2259
11020 4 2 22 30 2079 2242 2006 2348
11021 4 2 22 30 1928 1938 2072 2190
11022 4 2 22 30 1783 781 1598 782
11023 4 2 22 30 1594 1526 1487 2009
11024 4 2 22 30 1936 1946 1460 2133
11025 4 2 22 30 170 746 1728 1860
11026 4 2 22 30 2002 2116 2058 2137
11027 4 2 22 30 1936 1460 2028 2133
11028 4 2 22 30 822 246 1557 247
11029 4 2 22 30 198 828 1467 1801
11030 4 2 22 30 175 756 1732 1830
11031 4 2 22 30 1962 2125 2124 2247
11032 4 2 22 30 248 249 247 1557
11033 4 2 22 30 1440 692 152 1485
11034 4 2 22 30 859 836 2207 2250
11035 4 2 22 30 1582 1768 1735 1745
11036 4 2 22 30 1292 1518 1297 843
11037 4 2 22 30 1290 1286 1499 834
11038 4 2 22 30 1296 187 846 1467
11039 4 2 22 30 2028 2133 1460 2134
11040 4 2 22 30 198 828 1801 855
11041 4 2 22 30 1805 205 836 860
11042 4 2 22 30 846 1296 1293 2206
11043 4 2 22 30 808 1786 809 1465
11044 4 2 22 30 124 1369 640 1173
11045 4 2 22 30 152 1485 693 1441
11046 4 2 22 30 1298 76 556 2322
11047 4 2 22 30 1697 2196 1695 2291
11048 4 2 22 30 1485 152 1440 1441
11049 4 2 22 30 515 1171 1189 2279
11050 4 2 22 30 1450 1564 1563 2220
11051 4 2 22 30 1772 1771 1734 1480
11052 4 2 22 30 826 184 33 1470
11053 4 2 22 30 1478 1519 1984 2000
11054 4 2 22 30 1584 2196 1555 2291
11055 4 2 22 30 2165 2203 2015 2208
11056 4 2 22 30 1928 2190 2072 2347
11057 4 2 22 30 1455 1572 1967 2114
11058 4 2 22 30 1741 1795 1752 1464
11059 4 2 22 30 247 249 246 1557
11060 4 2 22 30 1292 844 1295 1518
11061 4 2 22 30 1514 1585 1574 2282
11062 4 2 22 30 565 1690 1692 2307
11063 4 2 22 30 1740 1794 1601 1760
11064 4 2 22 30 1560 1491 2078 2254
11065 4 2 22 30 602 2230 252 2308
11066 4 2 22 30 1454 1459 1511 1935
11067 4 2 22 30 2116 2137 2048 2317
11068 4 2 22 30 2155 2175 2068 2277
11069 4 2 22 30 1578 1790 798 799
11070 4 2 22 30 1555 193 835 2196
11071 4 2 22 30 181 35 36 897
11072 4 2 22 30 191 41 42 903
11073 4 2 22 30 179 27 28 885
11074 4 2 22 30 25 26 180 879
11075 4 2 22 30 178 17 18 868
11076 4 2 22 30 19 20 177 873
11077 4 2 22 30 1348 1187 1179 1201
11078 4 2 22 30 1181 111 1201 1196
11079 4 2 22 30 1461 1739 1777 1766
11080 4 2 22 30 234 230 233 1569
11081 4 2 22 30 2068 2175 2159 2277
11082 4 2 22 30 1780 1505 805 804
11083 4 2 22 30 832 42 1516 261
11084 4 2 22 30 2116 2048 2218 2317
11085 4 2 22 30 769 768 1603 1512
11086 4 2 22 30 846 187 1296 2206
11087 4 2 22 30 1502 1595 1555 2196
11088 4 2 22 30 2038 2214 1959 2287
11089 4 2 22 30 1292 2207 1295 2250
11090 4 2 22 30 1802 262 905 833
11091 4 2 22 30 899 825 1798 249
11092 4 2 22 30 906 833 262 1803
11093 4 2 22 30 825 1799 249 900
11094 4 2 22 30 2206 2240 2039 2326
11095 4 2 22 30 1571 1961 182 2230
11096 4 2 22 30 34 182 33 891
11097 4 2 22 30 43 44 189 909
11098 4 2 22 30 556 235 2290 2322
11099 4 2 22 30 1478 1519 1520 1984
11100 4 2 22 30 234 229 230 1569
11101 4 2 22 30 912 1705 274 275
11102 4 2 22 30 1591 1496 1936 1988
11103 4 2 22 30 1560 2051 1491 2254
11104 4 2 22 30 1454 2035 2017 2278
11105 4 2 22 30 1933 2255 2337 2338
11106 4 2 22 30 801 1788 1752 1568
11107 4 2 22 30 1935 2256 2067 2260
11108 4 2 22 30 816 817 1535 1742
11109 4 2 22 30 1930 2336 2255 2338
11110 4 2 22 30 815 1775 1522 1765
11111 4 2 22 30 2204 2282 2106 2325
11112 4 2 22 30 807 1785 808 1465
11113 4 2 22 30 1297 843 196 2207
11114 4 2 22 30 573 84 83 1308
11115 4 2 22 30 179 820 1524 2307
11116 4 2 22 30 1513 1475 1546 2259
11117 4 2 22 30 1475 1979 2063 2259
11118 4 2 22 30 1475 1513 1979 2259
11119 4 2 22 30 2116 2181 2137 2317
11120 4 2 22 30 2030 2314 2186 2355
11121 4 2 22 30 2031 2119 2237 2288
11122 4 2 22 30 1580 20 1749 790
11123 4 2 22 30 592 859 210 861
11124 4 2 22 30 579 854 204 856
11125 4 2 22 30 1763 1603 1773 1523
11126 4 2 22 30 2225 2273 1958 2322
11127 4 2 22 30 835 1555 2196 2291
11128 4 2 22 30 1519 1479 1545 2000
11129 4 2 22 30 2016 2199 2186 2200
11130 4 2 22 30 831 264 1471 830
11131 4 2 22 30 1201 611 1348 612
11132 4 2 22 30 1474 1515 1546 2034
11133 4 2 22 30 694 149 1442 1479
11134 4 2 22 30 111 1348 1201 616
11135 4 2 22 30 265 1471 264 830
11136 4 2 22 30 1491 1538 2078 2249
11137 4 2 22 30 1495 1526 1594 2099
11138 4 2 22 30 1981 2053 2016 2100
11139 4 2 22 30 771 1540 1758 1793
11140 4 2 22 30 1753 775 774 1469
11141 4 2 22 30 1928 1997 2190 2347
11142 4 2 22 30 1578 799 800 1789
11143 4 2 22 30 819 233 232 1569
11144 4 2 22 30 1586 1540 770 771
11145 4 2 22 30 27 764 1599 1751
11146 4 2 22 30 197 849 827 850
11147 4 2 22 30 864 206 865 835
11148 4 2 22 30 746 1849 170 1728
11149 4 2 22 30 1765 1522 814 1747
11150 4 2 22 30 800 1788 801 1568
11151 4 2 22 30 1295 194 844 2250
11152 4 2 22 30 557 2290 556 2331
11153 4 2 22 30 1771 1734 1480 1744
11154 4 2 22 30 2202 2262 2026 2265
11155 4 2 22 30 1474 1546 1970 2034
11156 4 2 22 30 184 826 1291 1470
11157 4 2 22 30 1545 1479 1966 2091
11158 4 2 22 30 1495 213 214 762
11159 4 2 22 30 789 788 1538 2078
11160 4 2 22 30 1502 1555 1584 2196
11161 4 2 22 30 1580 1749 216 1743
11162 4 2 22 30 1526 2099 128 2138
11163 4 2 22 30 1792 1494 1737 1791
11164 4 2 22 30 232 233 231 1569
11165 4 2 22 30 1547 1519 1567 1999
11166 4 2 22 30 1938 2118 2071 2190
11167 4 2 22 30 1464 1741 1761 1778
11168 4 2 22 30 2198 2199 2016 2200
11169 4 2 22 30 1295 2207 836 2250
11170 4 2 22 30 1546 1558 1456 1957
11171 4 2 22 30 31 79 886 78
11172 4 2 22 30 47 119 910 118
11173 4 2 22 30 23 129 874 133
11174 4 2 22 30 39 107 108 898
11175 4 2 22 30 31 79 32 886
11176 4 2 22 30 47 119 48 910
11177 4 2 22 30 1558 1957 1515 2033
11178 4 2 22 30 1297 1518 1295 836
11179 4 2 22 30 747 1727 1855 748
11180 4 2 22 30 1783 1500 1782 1736
11181 4 2 22 30 1591 1936 1460 2028
11182 4 2 22 30 1475 1970 1546 2063
11183 4 2 22 30 1521 1511 1498 1963
11184 4 2 22 30 180 235 2290 2331
11185 4 2 22 30 2147 2177 1947 2210
11186 4 2 22 30 1987 2104 2009 2138
11187 4 2 22 30 1495 763 213 762
11188 4 2 22 30 1201 1348 111 612
11189 4 2 22 30 1748 1535 817 1742
11190 4 2 22 30 187 828 1467 1296
11191 4 2 22 30 1517 1546 1456 2309
11192 4 2 22 30 1504 1549 1545 1965
11193 4 2 22 30 1859 746 1726 747
11194 4 2 22 30 1485 1514 1498 2037
11195 4 2 22 30 796 795 1762 1579
11196 4 2 22 30 1491 1560 1554 2051
11197 4 2 22 30 1989 2128 2127 2251
11198 4 2 22 30 1516 192 42 832
11199 4 2 22 30 214 217 218 1495
11200 4 2 22 30 1462 1566 1503 1956
11201 4 2 22 30 1374 640 1369 1173
11202 4 2 22 30 1793 1792 1494 1737
11203 4 2 22 30 1799 824 1557 248
11204 4 2 22 30 808 1785 1786 1465
11205 4 2 22 30 1466 1738 1776 1767
11206 4 2 22 30 2137 2048 2317 2318
11207 4 2 22 30 1526 1987 1937 2138
11208 4 2 22 30 2026 2262 2263 2265
11209 4 2 22 30 1545 1479 1504 1966
11210 4 2 22 30 770 1540 1758 771
11211 4 2 22 30 1762 796 1579 1796
11212 4 2 22 30 1516 1289 192 832
11213 4 2 22 30 1455 1479 694 1966
11214 4 2 22 30 1546 1957 1456 2309
11215 4 2 22 30 1513 1585 1475 1979
11216 4 2 22 30 788 1490 1538 1560
11217 4 2 22 30 1589 1757 1784 783
11218 4 2 22 30 1937 2009 1987 2104
11219 4 2 22 30 1467 187 4 1801
11220 4 2 22 30 1770 1762 795 1579
11221 4 2 22 30 1517 1513 1546 2309
11222 4 2 22 30 129 23 874 24
11223 4 2 22 30 108 40 39 898
11224 4 2 22 30 22 21 125 867
11225 4 2 22 30 30 29 76 880
11226 4 2 22 30 37 101 38 892
11227 4 2 22 30 1504 1455 1572 1967
11228 4 2 22 30 1469 1753 775 1794
11229 4 2 22 30 1735 1764 1490 1774
11230 4 2 22 30 1540 1758 1797 770
11231 4 2 22 30 1591 1496 1460 1936
11232 4 2 22 30 1295 1292 1518 1297
11233 4 2 22 30 1526 1937 2009 2138
11234 4 2 22 30 1546 1515 1558 1957
11235 4 2 22 30 1784 1589 783 782
11236 4 2 22 30 1526 2009 178 2138
11237 4 2 22 30 1769 1530 793 1768
11238 4 2 22 30 116 46 45 904
11239 4 2 22 30 1591 1526 1495 2099
11240 4 2 22 30 799 1578 1790 1789
11241 4 2 22 30 1781 1505 805 1780
11242 4 2 22 30 1591 1460 1526 2028
11243 4 2 22 30 1460 1526 2028 2134
11244 4 2 22 30 1530 793 794 1769
11245 4 2 22 30 1761 1795 1741 1464
11246 4 2 22 30 806 1505 805 1781
11247 4 2 22 30 1474 1546 1475 1970
11248 4 2 22 30 1538 1560 1491 2078
11249 4 2 22 30 1522 814 815 1765
11250 4 2 22 30 178 1594 1526 2099
11251 4 2 22 30 26 1748 1535 817
11252 4 2 22 30 1530 794 1770 1769
11253 4 2 22 30 1514 1475 1585 1979
11254 4 2 22 30 233 230 231 1569
11255 4 2 22 30 1526 178 2099 2138
11256 4 2 22 30 133 23 132 874
11257 4 2 22 30 32 79 80 886
11258 4 2 22 30 261 262 1516 1803
11259 4 2 22 30 249 250 1557 1798
11260 4 2 22 30 250 246 1557 245
11261 4 2 22 30 188 1467 1 1800
11262 4 2 22 30 96 589 858 13
11263 4 2 22 30 96 858 589 2012
11264 4 2 22 30 357 279 2109 948
11265 4 2 22 30 357 2109 279 2341
11266 4 2 22 30 593 98 863 16
11267 4 2 22 30 863 98 593 1949
11268 4 2 22 30 328 2177 2073 966
11269 4 2 22 30 2073 2177 328 2184
11270 4 2 22 30 2073 327 328 966
11271 4 2 22 30 328 327 2073 2184
11272 4 2 22 30 803 1795 1568 802
11273 4 2 22 30 803 1568 1795 1464
11274 4 2 22 30 2157 2195 2107 1899
11275 4 2 22 30 2157 2107 2195 804
11276 4 2 22 30 265 266 1471 830
11277 4 2 22 30 265 1471 266 1516
11278 4 2 22 30 1959 268 2038 116
11279 4 2 22 30 1959 2038 268 192
11280 4 2 22 30 838 268 2038 192
11281 4 2 22 30 199 841 2213 188
11282 4 2 22 30 2213 841 199 85
11283 4 2 22 30 2213 2178 199 188
11284 4 2 22 30 199 2178 2213 85
11285 4 2 22 30 2093 2356 2095 360
11286 4 2 22 30 2093 2095 2356 2169
11287 4 2 22 30 361 2095 2356 360
11288 4 2 22 30 361 2356 2095 2169
11289 4 2 22 30 2281 2305 2043 2283
11290 4 2 22 30 2281 2043 2305 350
11291 4 2 22 30 349 2305 2043 350
11292 4 2 22 30 2136 319 2077 978
11293 4 2 22 30 2136 2077 319 2249
11294 4 2 22 30 320 2077 319 978
11295 4 2 22 30 320 319 2077 2249
11296 4 2 22 30 288 289 2131 925
11297 4 2 22 30 288 2131 289 2258
11298 4 2 22 30 401 400 2076 962
11299 4 2 22 30 401 2076 400 2298
11300 4 2 22 30 2077 2076 400 962
11301 4 2 22 30 2077 400 2076 2298
11302 4 2 22 30 1967 2223 1964 1944
11303 4 2 22 30 1967 1964 2223 2269
11304 4 2 22 30 1932 1964 2223 1944
11305 4 2 22 30 1932 2223 1964 2269
11306 4 2 22 30 282 360 2093 927
11307 4 2 22 30 282 2093 360 2356
11308 4 2 22 30 2233 1984 1478 1983
11309 4 2 22 30 2233 1478 1984 2000
11310 4 2 22 30 125 22 2138 646
11311 4 2 22 30 125 2138 22 867
11312 4 2 22 30 220 2138 22 646
11313 4 2 22 30 220 22 2138 867
11314 4 2 22 30 2226 1789 2248 1837
11315 4 2 22 30 2226 2248 1789 1790
11316 4 2 22 30 807 1896 1785 1844
11317 4 2 22 30 807 1785 1896 2094
11318 4 2 22 30 1867 1785 1896 1844
11319 4 2 22 30 1867 1896 1785 2094
11320 4 2 22 30 186 1 2178 188
11321 4 2 22 30 186 2178 1 847
11322 4 2 22 30 199 2178 1 188
11323 4 2 22 30 199 1 2178 847
11324 4 2 22 30 2246 762 869 1722
11325 4 2 22 30 2246 869 762 761
11326 4 2 22 30 1854 2051 2319 1878
11327 4 2 22 30 2319 2051 1854 784
11328 4 2 22 30 978 398 2136 397
11329 4 2 22 30 2136 398 978 2077
11330 4 2 22 30 2081 300 2126 299
11331 4 2 22 30 2081 2126 300 1483
11332 4 2 22 30 245 822 1557 1559
11333 4 2 22 30 245 1557 822 246
11334 4 2 22 30 2330 209 844 194
11335 4 2 22 30 2330 844 209 98
11336 4 2 22 30 2250 844 209 194
11337 4 2 22 30 2250 209 844 98
11338 4 2 22 30 504 505 2063 1233
11339 4 2 22 30 504 2063 505 2259
11340 4 2 22 30 2148 2193 2166 519
11341 4 2 22 30 2166 2193 2148 475
11342 4 2 22 30 2012 2291 1448 195
11343 4 2 22 30 1448 2291 2012 590
11344 4 2 22 30 2226 1789 799 1790
11345 4 2 22 30 2226 799 1789 2081
11346 4 2 22 30 1755 1844 807 1785
11347 4 2 22 30 1755 807 1844 2195
11348 4 2 22 30 2260 97 1454 2256
11349 4 2 22 30 2260 1454 97 2017
11350 4 2 22 30 1735 875 2024 648
11351 4 2 22 30 2024 875 1735 1745
11352 4 2 22 30 876 1735 2022 648
11353 4 2 22 30 2022 1735 876 1743
11354 4 2 22 30 842 1588 1484 841
11355 4 2 22 30 842 1484 1588 1587
11356 4 2 22 30 2300 2088 1975 2247
11357 4 2 22 30 2300 1975 2088 2087
11358 4 2 22 30 2359 2325 68 72
11359 4 2 22 30 2359 68 2325 2180
11360 4 2 22 30 2210 333 2147 332
11361 4 2 22 30 2210 2147 333 2146
11362 4 2 22 30 984 2147 333 332
11363 4 2 22 30 1464 804 1506 1505
11364 4 2 22 30 1464 1506 804 803
11365 4 2 22 30 2162 344 1942 1960
11366 4 2 22 30 2162 1942 344 345
11367 4 2 22 30 253 39 107 106
11368 4 2 22 30 253 107 39 898
11369 4 2 22 30 58 2267 2071 87
11370 4 2 22 30 58 2071 2267 1995
11371 4 2 22 30 88 2071 2267 87
11372 4 2 22 30 88 2267 2071 1995
11373 4 2 22 30 2211 403 2159 2175
11374 4 2 22 30 2211 2159 403 404
11375 4 2 22 30 1039 2159 403 2175
11376 4 2 22 30 1039 403 2159 404
11377 4 2 22 30 273 48 119 910
11378 4 2 22 30 273 119 48 120
11379 4 2 22 30 2305 351 2281 350
11380 4 2 22 30 2305 2281 351 2044
11381 4 2 22 30 2086 500 1957 2033
11382 4 2 22 30 2144 1957 500 2033
11383 4 2 22 30 2168 2183 2093 2095
11384 4 2 22 30 2168 2093 2183 359
11385 4 2 22 30 377 2247 2089 378
11386 4 2 22 30 2089 2247 377 2238
11387 4 2 22 30 1 1467 198 1800
11388 4 2 22 30 1290 1471 1517 190
11389 4 2 22 30 1290 1517 1471 1499
11390 4 2 22 30 2273 2225 2109 281
11391 4 2 22 30 2273 2109 2225 1958
11392 4 2 22 30 1939 1926 1929 1932
11393 4 2 22 30 1939 1929 1926 1925
11394 4 2 22 30 1924 1977 1426 1943
11395 4 2 22 30 1924 1426 1977 1972
11396 4 2 22 30 1927 1426 1977 1943
11397 4 2 22 30 1927 1977 1426 1972
11398 4 2 22 30 2193 2166 2058 2181
11399 4 2 22 30 2193 2058 2166 519
11400 4 2 22 30 2352 52 2003 348
11401 4 2 22 30 2352 2003 52 2032
11402 4 2 22 30 2232 313 2025 312
11403 4 2 22 30 2232 2025 313 1988
11404 4 2 22 30 2209 419 2119 2172
11405 4 2 22 30 2209 2119 419 420
11406 4 2 22 30 1559 182 1470 34
11407 4 2 22 30 1559 1470 182 1571
11408 4 2 22 30 33 1470 182 34
11409 4 2 22 30 33 182 1470 1571
11410 4 2 22 30 767 1822 1773 1818
11411 4 2 22 30 767 1773 1822 2286
11412 4 2 22 30 2225 2356 283 2103
11413 4 2 22 30 283 2356 2225 282
11414 4 2 22 30 791 178 868 17
11415 4 2 22 30 791 868 178 2009
11416 4 2 22 30 1446 2157 2001 1527
11417 4 2 22 30 1446 2001 2157 2130
11418 4 2 22 30 2131 2001 2157 1527
11419 4 2 22 30 2131 2157 2001 2130
11420 4 2 22 30 581 582 2311 1326
11421 4 2 22 30 2311 582 581 2292
11422 4 2 22 30 2174 316 2297 2014
11423 4 2 22 30 2174 2297 316 317
11424 4 2 22 30 2302 1969 2303 1986
11425 4 2 22 30 2302 2303 1969 2142
11426 4 2 22 30 451 2345 2148 452
11427 4 2 22 30 451 2148 2345 2036
11428 4 2 22 30 482 2148 2345 452
11429 4 2 22 30 482 2345 2148 2036
11430 4 2 22 30 2357 2169 1452 2356
11431 4 2 22 30 2357 1452 2169 2132
11432 4 2 22 30 2086 2144 500 501
11433 4 2 22 30 500 2144 2086 1957
11434 4 2 22 30 2313 2271 1931 2114
11435 4 2 22 30 2313 1931 2271 56
11436 4 2 22 30 2166 475 1131 476
11437 4 2 22 30 2166 1131 475 2148
11438 4 2 22 30 2342 277 1999 2341
11439 4 2 22 30 2342 1999 277 49
11440 4 2 22 30 2311 2229 2139 489
11441 4 2 22 30 2311 2139 2229 2021
11442 4 2 22 30 1476 2188 1445 626
11443 4 2 22 30 1476 1445 2188 1994
11444 4 2 22 30 625 1445 2188 626
11445 4 2 22 30 625 2188 1445 1994
11446 4 2 22 30 2345 1110 2017 453
11447 4 2 22 30 2345 2017 1110 99
11448 4 2 22 30 2032 2305 2043 349
11449 4 2 22 30 2043 2305 2032 2283
11450 4 2 22 30 2224 352 1965 2044
11451 4 2 22 30 2224 1965 352 353
11452 4 2 22 30 1467 188 1564 1588
11453 4 2 22 30 1467 1564 188 1
11454 4 2 22 30 2044 561 1549 1965
11455 4 2 22 30 2044 1549 561 560
11456 4 2 22 30 2320 531 1277 530
11457 4 2 22 30 2320 1277 531 2179
11458 4 2 22 30 2112 508 2259 507
11459 4 2 22 30 2112 2259 508 1991
11460 4 2 22 30 2201 2259 508 507
11461 4 2 22 30 2201 508 2259 1991
11462 4 2 22 30 2340 2154 2197 2084
11463 4 2 22 30 2041 1489 2167 1570
11464 4 2 22 30 2041 2167 1489 2324
11465 4 2 22 30 602 601 2308 1346
11466 4 2 22 30 602 2308 601 2230
11467 4 2 22 30 2213 842 1484 841
11468 4 2 22 30 2213 1484 842 2008
11469 4 2 22 30 2133 2261 310 50
11470 4 2 22 30 310 2261 2133 2028
11471 4 2 22 30 1785 1867 2253 1820
11472 4 2 22 30 2253 1867 1785 2094
11473 4 2 22 30 2012 2291 207 589
11474 4 2 22 30 207 2291 2012 195
11475 4 2 22 30 829 1700 1544 830
11476 4 2 22 30 1544 1700 829 1525
11477 4 2 22 30 1544 1471 829 830
11478 4 2 22 30 829 1471 1544 1525
11479 4 2 22 30 2171 1022 1073 2089
11480 4 2 22 30 2171 1073 1022 1045
11481 4 2 22 30 644 1907 745 127
11482 4 2 22 30 644 745 1907 1839
11483 4 2 22 30 2345 1110 1099 597
11484 4 2 22 30 2345 1099 1110 453
11485 4 2 22 30 2303 1986 1542 1458
11486 4 2 22 30 2303 1542 1986 1969
11487 4 2 22 30 1477 1542 1986 1458
11488 4 2 22 30 1477 1986 1542 1969
11489 4 2 22 30 2263 1503 2262 2026
11490 4 2 22 30 2263 2262 1503 2134
11491 4 2 22 30 2074 1221 530 529
11492 4 2 22 30 2074 530 1221 2070
11493 4 2 22 30 2310 2324 55 2069
11494 4 2 22 30 55 2324 2310 2216
11495 4 2 22 30 1769 2080 793 794
11496 4 2 22 30 793 2080 1769 2024
11497 4 2 22 30 177 790 1580 1486
11498 4 2 22 30 1580 790 177 20
11499 4 2 22 30 2266 1782 2248 2212
11500 4 2 22 30 2266 2248 1782 1788
11501 4 2 22 30 2266 2081 1837 1788
11502 4 2 22 30 2266 1837 2081 1862
11503 4 2 22 30 2268 1144 2164 467
11504 4 2 22 30 2268 2164 1144 2165
11505 4 2 22 30 319 2136 318 989
11506 4 2 22 30 319 318 2136 2249
11507 4 2 22 30 2234 2317 61 457
11508 4 2 22 30 61 2317 2234 2048
11509 4 2 22 30 2137 2056 2154 2223
11510 4 2 22 30 2137 2154 2056 2329
11511 4 2 22 30 871 1723 220 1720
11512 4 2 22 30 871 220 1723 2099
11513 4 2 22 30 645 220 1723 1720
11514 4 2 22 30 645 1723 220 2099
11515 4 2 22 30 2122 2169 2057 363
11516 4 2 22 30 2057 2169 2122 2095
11517 4 2 22 30 2131 292 933 291
11518 4 2 22 30 2131 933 292 2130
11519 4 2 22 30 177 761 1580 19
11520 4 2 22 30 177 1580 761 1581
11521 4 2 22 30 2247 2126 379 378
11522 4 2 22 30 2247 379 2126 2125
11523 4 2 22 30 942 379 2126 378
11524 4 2 22 30 942 2126 379 2125
11525 4 2 22 30 300 2081 1853 299
11526 4 2 22 30 300 1853 2081 2226
11527 4 2 22 30 2188 627 1476 1992
11528 4 2 22 30 2188 1476 627 626
11529 4 2 22 30 2144 1235 538 537
11530 4 2 22 30 2144 538 1235 2143
11531 4 2 22 30 991 2091 431 432
11532 4 2 22 30 431 2091 991 2029
11533 4 2 22 30 2241 1503 1462 688
11534 4 2 22 30 2241 1462 1503 1956
11535 4 2 22 30 2235 348 2003 1931
11536 4 2 22 30 2235 2003 348 347
11537 4 2 22 30 2096 896 1718 821
11538 4 2 22 30 1715 1718 896 821
11539 4 2 22 30 1715 896 1718 1716
11540 4 2 22 30 1465 806 1556 1505
11541 4 2 22 30 986 2073 403 404
11542 4 2 22 30 986 403 2073 2076
11543 4 2 22 30 2121 413 2335 414
11544 4 2 22 30 2121 2335 413 2108
11545 4 2 22 30 2203 2200 1146 2165
11546 4 2 22 30 1155 1146 2200 2165
11547 4 2 22 30 1155 2200 1146 471
11548 4 2 22 30 2235 348 426 971
11549 4 2 22 30 2235 426 348 1931
11550 4 2 22 30 2241 1431 1976 682
11551 4 2 22 30 2241 1976 1431 1927
11552 4 2 22 30 1428 1976 1431 682
11553 4 2 22 30 1428 1431 1976 1927
11554 4 2 22 30 42 191 1516 41
11555 4 2 22 30 42 1516 191 1453
11556 4 2 22 30 1525 1516 191 41
11557 4 2 22 30 1525 191 1516 1453
11558 4 2 22 30 2199 527 1260 1279
11559 4 2 22 30 1220 2098 531 532
11560 4 2 22 30 531 2098 1220 2070
11561 4 2 22 30 345 2235 423 988
11562 4 2 22 30 423 2235 345 1942
11563 4 2 22 30 2183 1008 997 2110
11564 4 2 22 30 2183 997 1008 1030
11565 4 2 22 30 2119 422 1054 421
11566 4 2 22 30 2119 1054 422 2097
11567 4 2 22 30 2179 1262 1252 1261
11568 4 2 22 30 2179 1252 1262 2152
11569 4 2 22 30 2189 913 1703 1702
11570 4 2 22 30 1705 1703 913 1702
11571 4 2 22 30 775 1590 1794 776
11572 4 2 22 30 1794 1590 775 1469
11573 4 2 22 30 436 2293 460 1122
11574 4 2 22 30 460 2293 436 1942
11575 4 2 22 30 1708 829 2296 1701
11576 4 2 22 30 1708 2296 829 1525
11577 4 2 22 30 2310 2025 393 392
11578 4 2 22 30 2310 393 2025 2069
11579 4 2 22 30 950 393 2025 392
11580 4 2 22 30 950 2025 393 2069
11581 4 2 22 30 2282 1979 1514 1585
11582 4 2 22 30 2282 1514 1979 2106
11583 4 2 22 30 2148 2330 2036 451
11584 4 2 22 30 2036 2330 2148 2115
11585 4 2 22 30 2125 381 303 2124
11586 4 2 22 30 2125 303 381 922
11587 4 2 22 30 1464 1780 1760 1761
11588 4 2 22 30 1464 1760 1780 1601
11589 4 2 22 30 178 220 2009 868
11590 4 2 22 30 178 2009 220 2138
11591 4 2 22 30 2229 488 2311 2038
11592 4 2 22 30 2229 2311 488 489
11593 4 2 22 30 1839 2104 1987 644
11594 4 2 22 30 1987 2104 1839 308
11595 4 2 22 30 2229 491 2021 490
11596 4 2 22 30 2229 2021 491 2023
11597 4 2 22 30 2229 1191 1180 489
11598 4 2 22 30 2229 1180 1191 102
11599 4 2 22 30 1947 1443 2074 1493
11600 4 2 22 30 1477 1443 2074 1969
11601 4 2 22 30 1477 2074 1443 1493
11602 4 2 22 30 2239 1443 2074 1947
11603 4 2 22 30 2239 2074 1443 1969
11604 4 2 22 30 2169 286 364 941
11605 4 2 22 30 2169 364 286 2132
11606 4 2 22 30 2086 606 616 2033
11607 4 2 22 30 2086 616 606 1362
11608 4 2 22 30 130 1816 2174 136
11609 4 2 22 30 130 2174 1816 1858
11610 4 2 22 30 896 181 1716 253
11611 4 2 22 30 606 1716 181 253
11612 4 2 22 30 2220 849 2292 1710
11613 4 2 22 30 2220 2292 849 827
11614 4 2 22 30 1756 1466 1528 1575
11615 4 2 22 30 1528 1466 1756 1776
11616 4 2 22 30 2281 2283 1504 2044
11617 4 2 22 30 1504 2283 2281 2043
11618 4 2 22 30 1504 2029 2281 2044
11619 4 2 22 30 2281 2029 1504 2043
11620 4 2 22 30 237 764 885 27
11621 4 2 22 30 237 885 764 1960
11622 4 2 22 30 179 885 764 27
11623 4 2 22 30 179 764 885 1960
11624 4 2 22 30 2252 412 2083 2108
11625 4 2 22 30 2252 2083 412 411
11626 4 2 22 30 2146 412 2083 411
11627 4 2 22 30 2213 1484 2284 1950
11628 4 2 22 30 2213 2284 1484 2008
11629 4 2 22 30 1198 641 1173 640
11630 4 2 22 30 1173 641 1198 1184
11631 4 2 22 30 89 582 853 7
11632 4 2 22 30 89 853 582 1953
11633 4 2 22 30 201 853 582 7
11634 4 2 22 30 201 582 853 1953
11635 4 2 22 30 1948 2211 2239 1924
11636 4 2 22 30 2239 2211 1948 2073
11637 4 2 22 30 2241 1989 1534 1962
11638 4 2 22 30 2241 1534 1989 1974
11639 4 2 22 30 2038 192 1561 838
11640 4 2 22 30 2038 1561 192 1959
11641 4 2 22 30 286 2158 2258 287
11642 4 2 22 30 2258 2158 286 2357
11643 4 2 22 30 2258 2132 286 287
11644 4 2 22 30 286 2132 2258 2357
11645 4 2 22 30 2291 1448 1555 1584
11646 4 2 22 30 2291 1555 1448 195
11647 4 2 22 30 2293 439 463 1120
11648 4 2 22 30 2293 463 439 1933
11649 4 2 22 30 798 1578 1483 1553
11650 4 2 22 30 798 1483 1578 799
11651 4 2 22 30 2278 60 2056 2101
11652 4 2 22 30 2278 2056 60 2260
11653 4 2 22 30 2297 395 317 2136
11654 4 2 22 30 2297 317 395 970
11655 4 2 22 30 640 1185 2112 123
11656 4 2 22 30 640 2112 1185 1198
11657 4 2 22 30 2255 2145 337 1930
11658 4 2 22 30 2255 337 2145 2013
11659 4 2 22 30 2336 338 416 1930
11660 4 2 22 30 2336 416 338 987
11661 4 2 22 30 1776 1529 1767 812
11662 4 2 22 30 1776 1767 1529 1466
11663 4 2 22 30 2320 1277 1248 1260
11664 4 2 22 30 1248 1277 2320 2053
11665 4 2 22 30 1248 2199 2320 1260
11666 4 2 22 30 2320 2199 1248 2053
11667 4 2 22 30 2175 1032 400 1059
11668 4 2 22 30 2175 400 1032 2155
11669 4 2 22 30 825 824 1557 1799
11670 4 2 22 30 825 1557 824 1499
11671 4 2 22 30 2350 495 1968 494
11672 4 2 22 30 2350 1968 495 2117
11673 4 2 22 30 2286 1832 1808 1852
11674 4 2 22 30 2286 1808 1832 2253
11675 4 2 22 30 2353 431 2281 2029
11676 4 2 22 30 993 431 2281 430
11677 4 2 22 30 993 2281 431 2029
11678 4 2 22 30 2354 2216 2010 2156
11679 4 2 22 30 2354 2010 2216 2217
11680 4 2 22 30 2098 1551 1986 1550
11681 4 2 22 30 2145 2339 58 2118
11682 4 2 22 30 58 2339 2145 1930
11683 4 2 22 30 58 1995 2145 2118
11684 4 2 22 30 2145 1995 58 1930
11685 4 2 22 30 2293 439 2213 1933
11686 4 2 22 30 2293 2213 439 438
11687 4 2 22 30 2271 1931 2032 52
11688 4 2 22 30 2271 2032 1931 2114
11689 4 2 22 30 2344 382 2300 2124
11690 4 2 22 30 2344 2300 382 383
11691 4 2 22 30 2344 382 304 928
11692 4 2 22 30 2344 304 382 2124
11693 4 2 22 30 2205 1512 2255 2045
11694 4 2 22 30 2205 2255 1512 1586
11695 4 2 22 30 2169 2222 1982 2095
11696 4 2 22 30 1982 2222 2169 2132
11697 4 2 22 30 2336 338 2255 339
11698 4 2 22 30 2336 2255 338 1930
11699 4 2 22 30 464 1933 1117 463
11700 4 2 22 30 464 1117 1933 2338
11701 4 2 22 30 439 1117 1933 463
11702 4 2 22 30 439 1933 1117 2338
11703 4 2 22 30 2298 2073 403 2076
11704 4 2 22 30 2298 403 2073 2211
11705 4 2 22 30 2355 2004 1993 2030
11706 4 2 22 30 2355 1993 2004 2079
11707 4 2 22 30 1149 2181 1143 1150
11708 4 2 22 30 1143 2181 1149 2116
11709 4 2 22 30 1529 1767 1522 1466
11710 4 2 22 30 1522 1767 1529 813
11711 4 2 22 30 2356 1520 2169 1452
11712 4 2 22 30 2356 2169 1520 2093
11713 4 2 22 30 2132 2169 1520 1452
11714 4 2 22 30 584 1093 442 1320
11715 4 2 22 30 442 1093 584 443
11716 4 2 22 30 2353 2342 2111 53
11717 4 2 22 30 2353 2111 2342 2233
11718 4 2 22 30 764 179 1599 1541
11719 4 2 22 30 764 1599 179 27
11720 4 2 22 30 1828 130 1834 650
11721 4 2 22 30 1828 1834 130 1858
11722 4 2 22 30 329 2212 328 2065
11723 4 2 22 30 329 328 2212 1863
11724 4 2 22 30 1882 328 2212 2065
11725 4 2 22 30 1882 2212 328 1863
11726 4 2 22 30 1480 765 1744 1599
11727 4 2 22 30 1480 1744 765 1771
11728 4 2 22 30 2256 1537 93 1502
11729 4 2 22 30 2256 93 1537 2149
11730 4 2 22 30 1467 197 1 198
11731 4 2 22 30 1467 1 197 1564
11732 4 2 22 30 2237 2097 2031 1996
11733 4 2 22 30 2237 2031 2097 2119
11734 4 2 22 30 1964 693 1455 1944
11735 4 2 22 30 1964 1455 693 694
11736 4 2 22 30 2306 1064 1023 2159
11737 4 2 22 30 2306 1023 1064 1071
11738 4 2 22 30 2049 336 1869 2013
11739 4 2 22 30 2049 1869 336 335
11740 4 2 22 30 116 621 904 45
11741 4 2 22 30 116 904 621 1959
11742 4 2 22 30 267 904 621 45
11743 4 2 22 30 267 621 904 1959
11744 4 2 22 30 2173 1515 2064 1550
11745 4 2 22 30 2173 2064 1515 67
11746 4 2 22 30 2311 1112 1094 445
11747 4 2 22 30 2311 1094 1112 586
11748 4 2 22 30 597 1104 1092 1099
11749 4 2 22 30 597 1092 1104 598
11750 4 2 22 30 793 1488 1530 794
11751 4 2 22 30 1530 1488 793 1487
11752 4 2 22 30 2122 2169 361 2095
11753 4 2 22 30 361 2169 2122 362
11754 4 2 22 30 1973 1431 1925 1927
11755 4 2 22 30 1973 1925 1431 1929
11756 4 2 22 30 1426 1925 1431 1927
11757 4 2 22 30 1426 1431 1925 1929
11758 4 2 22 30 2206 845 2326 2039
11759 4 2 22 30 2206 2326 845 846
11760 4 2 22 30 1780 1464 804 1761
11761 4 2 22 30 804 1464 1780 1505
11762 4 2 22 30 2033 1172 1205 110
11763 4 2 22 30 2033 1205 1172 499
11764 4 2 22 30 2050 341 1870 342
11765 4 2 22 30 2050 1870 341 2045
11766 4 2 22 30 2342 277 355 916
11767 4 2 22 30 2342 355 277 2341
11768 4 2 22 30 2116 2030 2002 2058
11769 4 2 22 30 2116 2002 2030 2015
11770 4 2 22 30 2266 1779 1754 2212
11771 4 2 22 30 2266 1754 1779 1741
11772 4 2 22 30 587 1101 1332 588
11773 4 2 22 30 587 1332 1101 1100
11774 4 2 22 30 2307 2349 2003 566
11775 4 2 22 30 2003 2349 2307 1524
11776 4 2 22 30 1939 2209 1998 2208
11777 4 2 22 30 1939 1998 2209 2172
11778 4 2 22 30 2164 1998 2209 2208
11779 4 2 22 30 2164 2209 1998 2172
11780 4 2 22 30 2351 1794 1740 1760
11781 4 2 22 30 2351 1740 1794 2194
11782 4 2 22 30 2351 1779 2266 2212
11783 4 2 22 30 2351 2266 1779 1778
11784 4 2 22 30 2224 568 1304 569
11785 4 2 22 30 2224 1304 568 2044
11786 4 2 22 30 2182 284 283 1892
11787 4 2 22 30 2182 283 284 2103
11788 4 2 22 30 2183 1008 356 1030
11789 4 2 22 30 2183 356 1008 2111
11790 4 2 22 30 2225 1481 2093 2103
11791 4 2 22 30 2225 2093 1481 1958
11792 4 2 22 30 2244 1276 2348 1258
11793 4 2 22 30 2244 2348 1276 2243
11794 4 2 22 30 2232 1855 1859 658
11795 4 2 22 30 2232 1859 1855 312
11796 4 2 22 30 906 2090 629 2018
11797 4 2 22 30 906 629 2090 628
11798 4 2 22 30 1387 629 2090 2018
11799 4 2 22 30 1387 2090 629 628
11800 4 2 22 30 2288 2336 419 418
11801 4 2 22 30 419 2336 2288 2172
11802 4 2 22 30 2289 331 1874 332
11803 4 2 22 30 2289 1874 331 2027
11804 4 2 22 30 334 2289 1873 333
11805 4 2 22 30 1873 2289 334 2049
11806 4 2 22 30 2158 1787 1756 810
11807 4 2 22 30 2158 1756 1787 2253
11808 4 2 22 30 851 2220 200 1711
11809 4 2 22 30 200 2220 851 850
11810 4 2 22 30 1762 2319 1796 1739
11811 4 2 22 30 1796 2319 1762 2231
11812 4 2 22 30 2138 125 2104 2009
11813 4 2 22 30 2138 2104 125 646
11814 4 2 22 30 809 2158 1596 810
11815 4 2 22 30 1596 2158 809 2094
11816 4 2 22 30 2084 2278 1992 1521
11817 4 2 22 30 1992 2278 2084 2197
11818 4 2 22 30 1700 2189 1704 1544
11819 4 2 22 30 1704 2189 1700 1703
11820 4 2 22 30 1567 2092 1519 1545
11821 4 2 22 30 1519 2092 1567 1999
11822 4 2 22 30 2092 2000 1519 1545
11823 4 2 22 30 1519 2000 2092 1999
11824 4 2 22 30 2092 2342 2000 1545
11825 4 2 22 30 2000 2342 2092 1999
11826 4 2 22 30 2205 337 2255 2013
11827 4 2 22 30 2205 2255 337 338
11828 4 2 22 30 617 1182 483 1195
11829 4 2 22 30 617 483 1182 618
11830 4 2 22 30 2282 1445 1991 1585
11831 4 2 22 30 2282 1991 1445 2228
11832 4 2 22 30 1944 2002 1932 1926
11833 4 2 22 30 1944 1932 2002 2223
11834 4 2 22 30 1823 1731 1730 755
11835 4 2 22 30 1823 1730 1731 1916
11836 4 2 22 30 2287 2123 486 2214
11837 4 2 22 30 2287 486 2123 485
11838 4 2 22 30 82 83 1813 84
11839 4 2 22 30 82 1813 83 1843
11840 4 2 22 30 571 1821 1812 1807
11841 4 2 22 30 1812 1821 571 572
11842 4 2 22 30 2205 340 2255 339
11843 4 2 22 30 2205 2255 340 2045
11844 4 2 22 30 2303 1978 2304 2192
11845 4 2 22 30 2303 2304 1978 1924
11846 4 2 22 30 1427 2304 1978 2192
11847 4 2 22 30 1427 1978 2304 1924
11848 4 2 22 30 1735 1774 1582 1743
11849 4 2 22 30 1735 1582 1774 1490
11850 4 2 22 30 1580 1582 1774 1743
11851 4 2 22 30 1580 1774 1582 1490
11852 4 2 22 30 2166 519 1212 2148
11853 4 2 22 30 2166 1212 519 518
11854 4 2 22 30 2082 304 2344 2080
11855 4 2 22 30 2082 2344 304 305
11856 4 2 22 30 2196 866 2291 1697
11857 4 2 22 30 2196 2291 866 865
11858 4 2 22 30 864 2291 866 1697
11859 4 2 22 30 864 866 2291 865
11860 4 2 22 30 2304 1924 1934 1426
11861 4 2 22 30 2304 1934 1924 2303
11862 4 2 22 30 1194 2287 1183 486
11863 4 2 22 30 1183 2287 1194 115
11864 4 2 22 30 2085 303 1866 2080
11865 4 2 22 30 2085 1866 303 302
11866 4 2 22 30 2276 1887 323 1868
11867 4 2 22 30 2276 323 1887 2051
11868 4 2 22 30 2347 1125 443 444
11869 4 2 22 30 2347 443 1125 2190
11870 4 2 22 30 181 821 1557 35
11871 4 2 22 30 1557 1456 181 35
11872 4 2 22 30 181 1456 1557 1558
11873 4 2 22 30 2189 1705 913 831
11874 4 2 22 30 2189 913 1705 1703
11875 4 2 22 30 2324 1952 2310 2167
11876 4 2 22 30 2324 2310 1952 2069
11877 4 2 22 30 2105 881 564 563
11878 4 2 22 30 564 881 2105 2020
11879 4 2 22 30 564 1312 2105 563
11880 4 2 22 30 2105 1312 564 2020
11881 4 2 22 30 2336 2288 416 417
11882 4 2 22 30 2336 416 2288 2172
11883 4 2 22 30 1828 2022 651 650
11884 4 2 22 30 651 2022 1828 1806
11885 4 2 22 30 1461 1762 1766 1604
11886 4 2 22 30 1766 1762 1461 1739
11887 4 2 22 30 2235 2313 2234 2046
11888 4 2 22 30 2234 2313 2235 1931
11889 4 2 22 30 1179 615 496 1187
11890 4 2 22 30 496 615 1179 614
11891 4 2 22 30 1512 2255 1451 1501
11892 4 2 22 30 1451 2255 1512 2045
11893 4 2 22 30 2255 1586 2013 1501
11894 4 2 22 30 2255 2013 1586 2205
11895 4 2 22 30 2247 2089 1975 2238
11896 4 2 22 30 2247 1975 2089 2088
11897 4 2 22 30 1571 2021 2023 1577
11898 4 2 22 30 2023 2021 1571 1961
11899 4 2 22 30 2085 1553 796 797
11900 4 2 22 30 2085 796 1553 1488
11901 4 2 22 30 1579 796 1553 797
11902 4 2 22 30 1579 1553 796 1488
11903 4 2 22 30 1789 1568 1500 1788
11904 4 2 22 30 1500 1568 1789 1578
11905 4 2 22 30 39 253 1716 106
11906 4 2 22 30 39 1716 253 896
11907 4 2 22 30 195 196 857 10
11908 4 2 22 30 857 196 195 2012
11909 4 2 22 30 2191 1474 1986 1458
11910 4 2 22 30 2191 1986 1474 2034
11911 4 2 22 30 1550 1986 1474 1458
11912 4 2 22 30 1550 1474 1986 2034
11913 4 2 22 30 1189 114 1375 636
11914 4 2 22 30 1189 1375 114 1171
11915 4 2 22 30 2020 570 1893 1807
11916 4 2 22 30 2020 1893 570 82
11917 4 2 22 30 1843 1893 570 1807
11918 4 2 22 30 1843 570 1893 82
11919 4 2 22 30 2219 2293 462 461
11920 4 2 22 30 462 2293 2219 2209
11921 4 2 22 30 48 273 1702 913
11922 4 2 22 30 48 1702 273 120
11923 4 2 22 30 2329 1151 477 1163
11924 4 2 22 30 2329 477 1151 2181
11925 4 2 22 30 1013 2155 1032 1056
11926 4 2 22 30 1032 2155 1013 2354
11927 4 2 22 30 180 26 2322 879
11928 4 2 22 30 180 2322 26 817
11929 4 2 22 30 236 2322 26 879
11930 4 2 22 30 236 26 2322 817
11931 4 2 22 30 2130 1989 1446 2001
11932 4 2 22 30 2130 1446 1989 2128
11933 4 2 22 30 2286 1886 767 2045
11934 4 2 22 30 2286 767 1886 1822
11935 4 2 22 30 1870 767 1886 2045
11936 4 2 22 30 1870 1886 767 1822
11937 4 2 22 30 1935 2149 2256 1459
11938 4 2 22 30 2256 2149 1935 2067
11939 4 2 22 30 2256 1337 595 591
11940 4 2 22 30 2256 595 1337 2067
11941 4 2 22 30 2257 1328 584 2071
11942 4 2 22 30 2257 584 1328 580
11943 4 2 22 30 215 217 1495 1580
11944 4 2 22 30 215 1495 217 214
11945 4 2 22 30 813 1593 1522 814
11946 4 2 22 30 813 1522 1593 1529
11947 4 2 22 30 1564 827 2220 186
11948 4 2 22 30 2220 827 1564 1563
11949 4 2 22 30 1551 2098 1477 2070
11950 4 2 22 30 1551 1477 2098 1986
11951 4 2 22 30 1969 1477 2098 2070
11952 4 2 22 30 1969 2098 1477 1986
11953 4 2 22 30 118 630 908 47
11954 4 2 22 30 908 630 118 2333
11955 4 2 22 30 908 269 118 47
11956 4 2 22 30 118 269 908 2333
11957 4 2 22 30 251 101 902 37
11958 4 2 22 30 251 902 101 2323
11959 4 2 22 30 609 902 101 37
11960 4 2 22 30 609 101 902 2323
11961 4 2 22 30 1103 2213 437 438
11962 4 2 22 30 437 2213 1103 2042
11963 4 2 22 30 2071 1450 1995 1938
11964 4 2 22 30 2071 1995 1450 88
11965 4 2 22 30 635 1189 1202 636
11966 4 2 22 30 635 1202 1189 1177
11967 4 2 22 30 607 108 901 40
11968 4 2 22 30 607 901 108 2332
11969 4 2 22 30 257 901 108 40
11970 4 2 22 30 257 108 901 2332
11971 4 2 22 30 2258 2001 1527 1510
11972 4 2 22 30 2258 1527 2001 2131
11973 4 2 22 30 2114 1459 2149 1971
11974 4 2 22 30 2114 2149 1459 1572
11975 4 2 22 30 1305 2283 560 559
11976 4 2 22 30 560 2283 1305 2044
11977 4 2 22 30 2279 635 1379 636
11978 4 2 22 30 2279 1379 635 2188
11979 4 2 22 30 2239 2303 1981 2142
11980 4 2 22 30 1981 2303 2239 1924
11981 4 2 22 30 818 180 890 25
11982 4 2 22 30 818 890 180 2331
11983 4 2 22 30 235 890 180 25
11984 4 2 22 30 235 180 890 2331
11985 4 2 22 30 1464 1760 1590 1778
11986 4 2 22 30 1590 1760 1464 1601
11987 4 2 22 30 2308 102 2038 101
11988 4 2 22 30 2308 2038 102 2229
11989 4 2 22 30 2256 1459 1454 1935
11990 4 2 22 30 2256 1454 1459 1502
11991 4 2 22 30 1597 1792 1791 1494
11992 4 2 22 30 1597 1791 1792 773
11993 4 2 22 30 2303 1458 2191 1986
11994 4 2 22 30 2303 2191 1458 2192
11995 4 2 22 30 177 221 872 19
11996 4 2 22 30 872 221 177 2246
11997 4 2 22 30 872 761 177 19
11998 4 2 22 30 177 761 872 2246
11999 4 2 22 30 2322 75 2225 2273
12000 4 2 22 30 2322 2225 75 76
12001 4 2 22 30 835 195 864 9
12002 4 2 22 30 835 864 195 2291
12003 4 2 22 30 207 864 195 9
12004 4 2 22 30 207 195 864 2291
12005 4 2 22 30 241 179 889 28
12006 4 2 22 30 241 889 179 2307
12007 4 2 22 30 820 889 179 28
12008 4 2 22 30 820 179 889 2307
12009 4 2 22 30 640 124 1185 123
12010 4 2 22 30 640 1185 124 1173
12011 4 2 22 30 1175 124 1185 1173
12012 4 2 22 30 2267 1950 577 2178
12013 4 2 22 30 2267 577 1950 1995
12014 4 2 22 30 1564 577 1950 2178
12015 4 2 22 30 1564 1950 577 1995
12016 4 2 22 30 618 1202 1170 1182
12017 4 2 22 30 618 1170 1202 1371
12018 4 2 22 30 780 2065 1492 781
12019 4 2 22 30 1492 2065 780 1552
12020 4 2 22 30 1492 1598 780 781
12021 4 2 22 30 780 1598 1492 1552
12022 4 2 22 30 2301 1498 1521 1574
12023 4 2 22 30 2301 1521 1498 2140
12024 4 2 22 30 1477 2070 2074 1551
12025 4 2 22 30 2074 2070 1477 1969
12026 4 2 22 30 2150 2140 2180 1963
12027 4 2 22 30 2150 2180 2140 2359
12028 4 2 22 30 1560 785 2051 786
12029 4 2 22 30 1560 2051 785 1554
12030 4 2 22 30 2287 619 1366 620
12031 4 2 22 30 2287 1366 619 2115
12032 4 2 22 30 2332 2333 2018 1286
12033 4 2 22 30 2018 2333 2332 2005
12034 4 2 22 30 2271 1967 1572 2114
12035 4 2 22 30 2271 1572 1967 2043
12036 4 2 22 30 2268 2016 2200 2198
12037 4 2 22 30 2268 2200 2016 2165
12038 4 2 22 30 2178 1564 188 1950
12039 4 2 22 30 2178 188 1564 186
12040 4 2 22 30 1999 2000 2109 1519
12041 4 2 22 30 1999 2109 2000 2341
12042 4 2 22 30 788 1560 2078 787
12043 4 2 22 30 2078 1560 788 1538
12044 4 2 22 30 1800 854 188 828
12045 4 2 22 30 1294 188 854 828
12046 4 2 22 30 1294 854 188 199
12047 4 2 22 30 200 578 848 6
12048 4 2 22 30 200 848 578 2178
12049 4 2 22 30 85 848 578 6
12050 4 2 22 30 85 578 848 2178
12051 4 2 22 30 602 101 892 38
12052 4 2 22 30 892 101 602 2308
12053 4 2 22 30 892 252 602 38
12054 4 2 22 30 602 252 892 2308
12055 4 2 22 30 76 556 880 29
12056 4 2 22 30 76 880 556 2322
12057 4 2 22 30 235 880 556 29
12058 4 2 22 30 235 556 880 2322
12059 4 2 22 30 641 632 1991 1383
12060 4 2 22 30 1991 632 641 2112
12061 4 2 22 30 1991 2227 641 1383
12062 4 2 22 30 641 2227 1991 2112
12063 4 2 22 30 2342 1545 1479 2000
12064 4 2 22 30 1479 1545 2342 2091
12065 4 2 22 30 1479 2233 2342 2000
12066 4 2 22 30 2342 2233 1479 2091
12067 4 2 22 30 2233 2358 1442 1479
12068 4 2 22 30 1442 2358 2233 1983
12069 4 2 22 30 2233 1442 1432 1479
12070 4 2 22 30 1432 1442 2233 1983
12071 4 2 22 30 2233 1432 686 1479
12072 4 2 22 30 686 1432 2233 1983
12073 4 2 22 30 2233 686 1478 1479
12074 4 2 22 30 1478 686 2233 1983
12075 4 2 22 30 2195 2266 2107 1899
12076 4 2 22 30 804 1761 2266 2195
12077 4 2 22 30 2266 1761 804 803
12078 4 2 22 30 2266 2107 804 2195
12079 4 2 22 30 804 2107 2266 803
12080 4 2 22 30 268 2038 2090 838
12081 4 2 22 30 268 2090 2038 116
12082 4 2 22 30 550 1243 2197 551
12083 4 2 22 30 2197 1243 550 2340
12084 4 2 22 30 2197 2154 550 551
12085 4 2 22 30 550 2154 2197 2340
12086 4 2 22 30 527 2320 2199 1260
12087 4 2 22 30 2199 2320 527 2198
12088 4 2 22 30 2147 333 411 984
12089 4 2 22 30 2147 411 333 2146
12090 4 2 22 30 2093 359 2095 2183
12091 4 2 22 30 2095 359 2093 360
12092 4 2 22 30 359 2122 2095 2183
12093 4 2 22 30 2095 2122 359 360
12094 4 2 22 30 359 1057 2122 2183
12095 4 2 22 30 2122 1057 359 360
12096 4 2 22 30 1818 1814 2286 2020
12097 4 2 22 30 2286 1814 1818 1822
12098 4 2 22 30 2286 1773 1818 2020
12099 4 2 22 30 1818 1773 2286 1822
12100 4 2 22 30 1473 181 1557 1558
12101 4 2 22 30 1557 181 1473 821
12102 4 2 22 30 124 122 1185 123
12103 4 2 22 30 124 1185 122 1175
12104 4 2 22 30 372 943 2128 294
12105 4 2 22 30 2128 943 372 2130
12106 4 2 22 30 293 2157 2128 294
12107 4 2 22 30 2128 2157 293 2130
12108 4 2 22 30 943 293 2128 294
12109 4 2 22 30 2128 293 943 2130
12110 4 2 22 30 459 1118 1942 435
12111 4 2 22 30 1942 1118 459 2234
12112 4 2 22 30 434 2270 1942 435
12113 4 2 22 30 1942 2270 434 2234
12114 4 2 22 30 1118 434 1942 435
12115 4 2 22 30 1942 434 1118 2234
12116 4 2 22 30 896 1718 181 2096
12117 4 2 22 30 896 181 1718 1716
12118 4 2 22 30 606 181 1718 2096
12119 4 2 22 30 606 1718 181 1716
12120 4 2 22 30 1785 1465 1755 1556
12121 4 2 22 30 1785 1755 1465 807
12122 4 2 22 30 806 1755 1465 1556
12123 4 2 22 30 806 1465 1755 807
12124 4 2 22 30 2200 1146 472 2203
12125 4 2 22 30 2200 472 1146 471
12126 4 2 22 30 609 610 2018 1354
12127 4 2 22 30 2018 610 609 2323
12128 4 2 22 30 2018 608 609 1354
12129 4 2 22 30 609 608 2018 2323
12130 4 2 22 30 607 612 2018 2332
12131 4 2 22 30 2018 612 607 1355
12132 4 2 22 30 2018 608 607 2332
12133 4 2 22 30 607 608 2018 1355
12134 4 2 22 30 630 637 2018 1388
12135 4 2 22 30 2018 637 630 2333
12136 4 2 22 30 2018 629 630 1388
12137 4 2 22 30 630 629 2018 2333
12138 4 2 22 30 412 2083 2335 2146
12139 4 2 22 30 412 2335 2083 2108
12140 4 2 22 30 225 20 1955 790
12141 4 2 22 30 225 1955 20 873
12142 4 2 22 30 177 1955 20 790
12143 4 2 22 30 177 20 1955 873
12144 4 2 22 30 344 969 1942 2284
12145 4 2 22 30 1942 969 344 422
12146 4 2 22 30 421 2209 1942 2284
12147 4 2 22 30 1942 2209 421 422
12148 4 2 22 30 969 421 1942 2284
12149 4 2 22 30 1942 421 969 422
12150 4 2 22 30 2110 431 2054 2353
12151 4 2 22 30 2110 2054 431 430
12152 4 2 22 30 2281 2054 431 2353
12153 4 2 22 30 2281 431 2054 430
12154 4 2 22 30 2169 1520 1982 2132
12155 4 2 22 30 2169 1982 1520 2093
12156 4 2 22 30 1307 565 2003 566
12157 4 2 22 30 2003 565 1307 2162
12158 4 2 22 30 2003 574 1307 566
12159 4 2 22 30 1307 574 2003 2162
12160 4 2 22 30 479 2137 2141 2329
12161 4 2 22 30 479 2141 2137 2318
12162 4 2 22 30 2056 2141 2137 2329
12163 4 2 22 30 2056 2137 2141 2318
12164 4 2 22 30 1495 1581 654 762
12165 4 2 22 30 654 1581 1495 1591
12166 4 2 22 30 654 1725 1495 762
12167 4 2 22 30 1495 1725 654 1591
12168 4 2 22 30 854 188 1 1800
12169 4 2 22 30 854 1 188 199
12170 4 2 23 31 1444 1569 1524 2361
12171 4 2 23 31 1604 1490 1560 2367
12172 4 2 23 31 1553 1578 1483 2379
12173 4 2 23 31 1604 1530 1490 2369
12174 4 2 23 31 1490 1582 1580 2377
12175 4 2 23 31 1473 1583 1558 2375
12176 4 2 23 31 1483 1506 1446 2379
12177 4 2 23 31 1457 1524 1541 2361
12178 4 2 23 31 1573 2363 1476 2378
12179 4 2 23 31 1601 1590 1469 2366
12180 4 2 23 31 1505 1556 1465 2360
12181 4 2 23 31 1603 1523 1466 2368
12182 4 2 23 31 1488 1553 1483 2367
12183 4 2 23 31 1454 1573 1476 2378
12184 4 2 23 31 1516 1499 1471 2376
12185 4 2 23 31 1554 1492 1589 2367
12186 4 2 23 31 1572 1457 1537 2370
12187 4 2 23 31 1447 1592 1501 2365
12188 4 2 23 31 1600 1589 1500 2379
12189 4 2 23 31 1505 1601 1556 2360
12190 4 2 23 31 1563 1472 1467 2373
12191 4 2 23 31 1452 2372 2368 2374
12192 4 2 23 31 1593 1481 1452 2374
12193 4 2 23 31 1480 1535 1522 2374
12194 4 2 23 31 1518 1587 1588 2370
12195 4 2 23 31 1544 1525 1471 2376
12196 4 2 23 31 1593 1452 2368 2374
12197 4 2 23 31 1505 1464 1601 2379
12198 4 2 23 31 1599 1524 1569 2361
12199 4 2 23 31 1541 1524 1599 2361
12200 4 2 23 31 1601 1464 1590 2379
12201 4 2 23 31 1565 1496 1489 2377
12202 4 2 23 31 1506 2372 1446 2379
12203 4 2 23 31 1461 1554 1589 2367
12204 4 2 23 31 1604 1560 1461 2367
12205 4 2 23 31 1615 1451 1484 1501
12206 4 2 23 31 1500 1589 1598 2379
12207 4 2 23 31 1544 1476 1525 2363
12208 4 2 23 31 1527 1505 1465 2372
12209 4 2 23 31 1579 1530 1604 2367
12210 4 2 23 31 1523 1480 1522 2361
12211 4 2 23 31 1530 1582 1490 2369
12212 4 2 23 31 1573 1595 1468 2378
12213 4 2 23 31 1573 1543 1453 2363
12214 4 2 23 31 1466 1540 1603 2368
12215 4 2 23 31 1494 1597 1447 2365
12216 4 2 23 31 1516 1561 1470 2373
12217 4 2 23 31 1592 1628 1482 1493
12218 4 2 23 31 1506 1505 1527 2372
12219 4 2 23 31 1600 1461 1589 2367
12220 4 2 23 31 1495 1580 1582 2377
12221 4 2 23 31 1451 1562 1512 2365
12222 4 2 23 31 1541 1451 1507 2370
12223 4 2 23 31 1506 1505 2372 2379
12224 4 2 23 31 1543 1573 1468 2364
12225 4 2 23 31 1538 1560 1490 2377
12226 4 2 23 31 1528 1596 1465 2368
12227 4 2 23 31 1518 1468 1555 2378
12228 4 2 23 31 1601 1469 1556 2360
12229 4 2 23 31 1560 2367 1490 2377
12230 4 2 23 31 1520 2372 1452 2374
12231 4 2 23 31 1541 1457 2361 2370
12232 4 2 23 31 1461 1560 1554 2367
12233 4 2 23 31 1533 1597 1469 2360
12234 4 2 23 31 1582 1594 1495 2369
12235 4 2 23 31 1587 1484 1588 2370
12236 4 2 23 31 1470 1499 1516 2375
12237 4 2 23 31 1523 1512 1562 2365
12238 4 2 23 31 1533 1469 1590 2366
12239 4 2 23 31 1472 1543 1467 2373
12240 4 2 23 31 1604 1461 1579 2367
12241 4 2 23 31 1465 1575 1528 2368
12242 4 2 23 31 1579 1488 1530 2367
12243 4 2 23 31 1541 1507 1457 2370
12244 4 2 23 31 1480 1599 1569 2361
12245 4 2 23 31 1564 1588 1484 2380
12246 4 2 23 31 1628 1493 1592 2380
12247 4 2 23 31 1444 1535 1569 2374
12248 4 2 23 31 1585 1445 1531 2376
12249 4 2 23 31 1533 1532 1482 2366
12250 4 2 23 31 1578 1600 1500 2379
12251 4 2 23 31 1620 1492 1554 2367
12252 4 2 23 31 1466 1523 1522 2368
12253 4 2 23 31 1451 1541 1562 2361
12254 4 2 23 31 1567 1547 1444 2374
12255 4 2 23 31 1618 1620 1612 2367
12256 4 2 23 31 1561 1453 1543 2373
12257 4 2 23 31 1456 1499 1557 2375
12258 4 2 23 31 1465 1556 1494 2360
12259 4 2 23 31 1562 1480 1523 2361
12260 4 2 23 31 1461 1600 1579 2367
12261 4 2 23 31 1518 1555 1448 2378
12262 4 2 23 31 1456 1557 1558 2375
12263 4 2 23 31 1467 1518 1588 2364
12264 4 2 23 31 1444 1569 2361 2374
12265 4 2 23 31 1579 1600 1553 2367
12266 4 2 23 31 1561 1516 1453 2363
12267 4 2 23 31 1553 1488 1579 2367
12268 4 2 23 31 1557 1473 1558 2375
12269 4 2 23 31 1619 1608 1618 2372
12270 4 2 23 31 1588 1564 1467 2380
12271 4 2 23 31 1573 1525 1476 2363
12272 4 2 23 31 1562 1541 1599 2361
12273 4 2 23 31 1559 1449 1602 2375
12274 4 2 23 31 1540 1466 1575 2368
12275 4 2 23 31 1505 1601 2360 2379
12276 4 2 23 31 1540 1494 1447 2365
12277 4 2 23 31 1447 1501 1586 2365
12278 4 2 23 31 1618 2367 1483 2379
12279 4 2 23 31 1451 1512 1501 2365
12280 4 2 23 31 1541 2361 1451 2370
12281 4 2 23 31 1529 1522 1593 2368
12282 4 2 23 31 1523 1603 1512 2365
12283 4 2 23 31 1457 1624 1549 1524
12284 4 2 23 31 1595 1573 1454 2378
12285 4 2 23 31 1598 1492 1552 2366
12286 4 2 23 31 1604 1490 2367 2369
12287 4 2 23 31 1544 1531 1445 2376
12288 4 2 23 31 1599 1480 1562 2361
12289 4 2 23 31 1592 1533 1628 1447
12290 4 2 23 31 1495 1591 1581 2377
12291 4 2 23 31 1483 1446 1618 2379
12292 4 2 23 31 1457 1572 1624 2370
12293 4 2 23 31 1548 1482 1532 2366
12294 4 2 23 31 1592 1493 1450 2380
12295 4 2 23 31 1564 1484 1501 2380
12296 4 2 23 31 1577 1472 1563 2373
12297 4 2 23 31 1588 2370 1484 2380
12298 4 2 23 31 1597 1494 1469 2360
12299 4 2 23 31 1551 1449 1493 2371
12300 4 2 23 31 1491 1554 1620 1492
12301 4 2 23 31 1615 1451 1501 2365
12302 4 2 23 31 1518 1448 1587 2370
12303 4 2 23 31 1593 1452 1529 2368
12304 4 2 23 31 1556 1469 1494 2360
12305 4 2 23 31 1553 1483 2367 2379
12306 4 2 23 31 1615 1501 1484 2380
12307 4 2 23 31 2360 2372 1505 2379
12308 4 2 23 31 1573 1468 2364 2378
12309 4 2 23 31 1505 2360 1465 2372
12310 4 2 23 31 1456 1558 1546 2362
12311 4 2 23 31 1499 1456 1517 2376
12312 4 2 23 31 1568 1483 1578 2379
12313 4 2 23 31 1628 1533 1592 1482
12314 4 2 23 31 1593 2368 1522 2374
12315 4 2 23 31 1543 1468 1518 2364
12316 4 2 23 31 1525 1573 1453 2363
12317 4 2 23 31 1507 1451 1484 2370
12318 4 2 23 31 1473 1559 1602 2375
12319 4 2 23 31 1520 1452 1481 2374
12320 4 2 23 31 1546 1627 1513 2376
12321 4 2 23 31 1515 1558 1583 2371
12322 4 2 23 31 1464 1552 1590 2379
12323 4 2 23 31 1605 2366 1492 2367
12324 4 2 23 31 1571 1449 1559 2375
12325 4 2 23 31 1456 1499 2375 2376
12326 4 2 23 31 1568 1506 1483 2379
12327 4 2 23 31 1487 1488 1566 2369
12328 4 2 23 31 1546 1558 1515 2362
12329 4 2 23 31 1523 2361 1522 2368
12330 4 2 23 31 1615 1484 1451 2370
12331 4 2 23 31 1490 2369 1582 2377
12332 4 2 23 31 1501 1628 1592 2380
12333 4 2 23 31 1628 1501 1592 2365
12334 4 2 23 31 1525 1453 1516 2363
12335 4 2 23 31 1583 2371 1558 2375
12336 4 2 23 31 1548 1532 1552 2366
12337 4 2 23 31 1482 1628 1605 1493
12338 4 2 23 31 1444 1549 1624 1524
12339 4 2 23 31 1456 1558 2362 2375
12340 4 2 23 31 1630 1460 1496 1489
12341 4 2 23 31 1543 1518 1467 2364
12342 4 2 23 31 1447 1628 1592 2365
12343 4 2 23 31 1603 2365 1523 2368
12344 4 2 23 31 1530 1488 1487 2369
12345 4 2 23 31 1492 1605 1548 2366
12346 4 2 23 31 1496 1581 1591 2377
12347 4 2 23 31 1533 1590 1532 2366
12348 4 2 23 31 1468 1595 1555 2378
12349 4 2 23 31 1528 1452 1596 2368
12350 4 2 23 31 1572 1537 1606 2370
12351 4 2 23 31 1624 1524 1457 2361
12352 4 2 23 31 1527 1465 1596 2372
12353 4 2 23 31 1520 1510 1452 2372
12354 4 2 23 31 1522 1529 1466 2368
12355 4 2 23 31 1501 1512 1586 2365
12356 4 2 23 31 1526 1495 1594 2369
12357 4 2 23 31 1577 1450 1493 2380
12358 4 2 23 31 1567 1444 1624 2374
12359 4 2 23 31 1600 2367 1589 2379
12360 4 2 23 31 1472 1561 1543 2373
12361 4 2 23 31 1581 1580 1495 2377
12362 4 2 23 31 1501 2365 1628 2380
12363 4 2 23 31 1465 2368 1596 2372
12364 4 2 23 31 1582 1487 1594 2369
12365 4 2 23 31 1483 1536 1619 1446
12366 4 2 23 31 1533 1482 1628 2366
12367 4 2 23 31 1601 1590 2366 2379
12368 4 2 23 31 1495 2369 1591 2377
12369 4 2 23 31 1563 2373 1467 2380
12370 4 2 23 31 1546 1517 1456 2376
12371 4 2 23 31 1586 1540 1447 2365
12372 4 2 23 31 1451 2361 1562 2365
12373 4 2 23 31 1506 1464 1505 2379
12374 4 2 23 31 1516 2373 1470 2375
12375 4 2 23 31 1507 1537 1457 2370
12376 4 2 23 31 1496 1591 1630 2377
12377 4 2 23 31 1572 1624 1549 1457
12378 4 2 23 31 1604 2367 1530 2369
12379 4 2 23 31 1492 1548 1552 2366
12380 4 2 23 31 1500 1598 1552 2379
12381 4 2 23 31 1476 1454 1621 1521
12382 4 2 23 31 1563 1467 1564 2380
12383 4 2 23 31 1494 2360 1597 2365
12384 4 2 23 31 1585 1621 1445 2376
12385 4 2 23 31 1621 1574 1585 1445
12386 4 2 23 31 1476 2363 1621 2378
12387 4 2 23 31 1593 1522 1481 2374
12388 4 2 23 31 1557 1499 1470 2375
12389 4 2 23 31 1566 1526 1487 2369
12390 4 2 23 31 1605 1482 1548 2366
12391 4 2 23 31 1545 1567 1444 1624
12392 4 2 23 31 1454 1476 1621 2378
12393 4 2 23 31 1480 1522 2361 2374
12394 4 2 23 31 1535 1444 1547 2374
12395 4 2 23 31 1499 1517 1471 2376
12396 4 2 23 31 1588 1467 2364 2380
12397 4 2 23 31 1614 1621 2363 2364
12398 4 2 23 31 1621 1544 1476 1445
12399 4 2 23 31 1530 1487 1582 2369
12400 4 2 23 31 1601 1469 2360 2366
12401 4 2 23 31 1555 1584 1448 2378
12402 4 2 23 31 1453 2363 1543 2373
12403 4 2 23 31 1490 2367 2369 2377
12404 4 2 23 31 1531 1513 1585 2376
12405 4 2 23 31 1457 1624 2361 2370
12406 4 2 23 31 1572 1537 1459 1606
12407 4 2 23 31 1618 1446 2372 2379
12408 4 2 23 31 1571 1470 1561 2373
12409 4 2 23 31 1554 1560 1620 2367
12410 4 2 23 31 1598 2366 1552 2379
12411 4 2 23 31 1571 1577 1449 2373
12412 4 2 23 31 1628 1618 1608 2360
12413 4 2 23 31 1523 1562 2361 2365
12414 4 2 23 31 1459 1454 1626 2378
12415 4 2 23 31 1471 1531 1544 2376
12416 4 2 23 31 1515 2362 1558 2371
12417 4 2 23 31 1627 1585 1513 2376
12418 4 2 23 31 1449 2371 1602 2375
12419 4 2 23 31 1606 1537 1459 2378
12420 4 2 23 31 1544 2363 1525 2376
12421 4 2 23 31 1470 1571 1559 2375
12422 4 2 23 31 1624 1444 1524 2361
12423 4 2 23 31 1518 1588 2364 2370
12424 4 2 23 31 1606 2370 1537 2378
12425 4 2 23 31 1543 2363 1573 2364
12426 4 2 23 31 1538 1490 1580 2377
12427 4 2 23 31 1512 1603 1540 2365
12428 4 2 23 31 1526 1566 1503 2369
12429 4 2 23 31 1615 2365 1501 2380
12430 4 2 23 31 1529 1452 1528 2368
12431 4 2 23 31 1614 1606 1621 2364
12432 4 2 23 31 1596 2368 1452 2372
12433 4 2 23 31 1615 1606 1614 2364
12434 4 2 23 31 1463 1538 1486 2377
12435 4 2 23 31 1526 1591 1495 2369
12436 4 2 23 31 1445 1621 1574 1521
12437 4 2 23 31 1507 1484 1587 2370
12438 4 2 23 31 1575 1466 1528 2368
12439 4 2 23 31 1552 1532 1590 2366
12440 4 2 23 31 1495 1582 2369 2377
12441 4 2 23 31 1558 2371 2362 2375
12442 4 2 23 31 1535 1481 1522 2374
12443 4 2 23 31 1530 2367 1488 2369
12444 4 2 23 31 1518 2364 1468 2378
12445 4 2 23 31 1546 1456 2362 2376
12446 4 2 23 31 1445 1476 1621 1521
12447 4 2 23 31 1629 2372 1520 2374
12448 4 2 23 31 1501 1592 1450 2380
12449 4 2 23 31 1568 1578 1500 2379
12450 4 2 23 31 1571 1472 1577 2373
12451 4 2 23 31 1533 2360 1469 2366
12452 4 2 23 31 1573 2364 2363 2378
12453 4 2 23 31 1602 1449 1551 2371
12454 4 2 23 31 1484 2370 1615 2380
12455 4 2 23 31 1486 1565 1463 2377
12456 4 2 23 31 1540 2365 1603 2368
12457 4 2 23 31 1547 1567 1519 2374
12458 4 2 23 31 1559 1473 1557 2375
12459 4 2 23 31 1628 1614 1493 2380
12460 4 2 23 31 1507 1448 1537 2370
12461 4 2 23 31 1577 2373 1563 2380
12462 4 2 23 31 1459 1502 1454 2378
12463 4 2 23 31 1608 1629 1624 2374
12464 4 2 23 31 1508 1510 1520 2372
12465 4 2 23 31 1552 1464 1500 2379
12466 4 2 23 31 1620 1554 1491 1560
12467 4 2 23 31 1543 2364 1467 2373
12468 4 2 23 31 1516 2363 1561 2373
12469 4 2 23 31 1620 1605 1492 2367
12470 4 2 23 31 1528 1466 1529 2368
12471 4 2 23 31 1450 1577 1563 2380
12472 4 2 23 31 1527 1446 1506 2372
12473 4 2 23 31 1483 1619 1618 1446
12474 4 2 23 31 1548 1492 1443 1605
12475 4 2 23 31 1526 1594 1487 2369
12476 4 2 23 31 1501 1450 1564 2380
12477 4 2 23 31 1571 2373 1449 2375
12478 4 2 23 31 2368 2372 1608 2374
12479 4 2 23 31 1477 1443 1605 1493
12480 4 2 23 31 1605 1628 1482 2366
12481 4 2 23 31 1518 1448 2370 2378
12482 4 2 23 31 1544 1445 1621 2376
12483 4 2 23 31 1521 1621 1574 1626
12484 4 2 23 31 1513 1517 1546 2376
12485 4 2 23 31 1577 1449 1614 1493
12486 4 2 23 31 2364 2370 1588 2380
12487 4 2 23 31 1545 1444 1549 1624
12488 4 2 23 31 1561 2363 1453 2373
12489 4 2 23 31 1460 1591 1630 1496
12490 4 2 23 31 1585 1627 1574 1621
12491 4 2 23 31 1496 1486 1581 2377
12492 4 2 23 31 1557 1470 1559 2375
12493 4 2 23 31 1572 1606 1624 2370
12494 4 2 23 31 1506 1568 1464 2379
12495 4 2 23 31 2360 2368 1465 2372
12496 4 2 23 31 1463 1565 1613 2377
12497 4 2 23 31 1601 2366 2360 2379
12498 4 2 23 31 1482 1605 1443 1493
12499 4 2 23 31 1537 1584 1502 2378
12500 4 2 23 31 1624 1615 1608 2361
12501 4 2 23 31 1451 1615 2361 2365
12502 4 2 23 31 1522 2368 2361 2374
12503 4 2 23 31 1630 1526 1503 2369
12504 4 2 23 31 1614 1621 2362 2363
12505 4 2 23 31 1615 1451 2361 2370
12506 4 2 23 31 1614 1449 1577 2373
12507 4 2 23 31 1496 1565 1486 2377
12508 4 2 23 31 1507 1587 1448 2370
12509 4 2 23 31 1547 1519 1481 2374
12510 4 2 23 31 1510 1596 1452 2372
12511 4 2 23 31 1618 2366 1605 2367
12512 4 2 23 31 1621 1476 1544 2363
12513 4 2 23 31 1628 1605 1618 2366
12514 4 2 23 31 1540 1586 1512 2365
12515 4 2 23 31 1537 1502 1459 2378
12516 4 2 23 31 1523 2365 2361 2368
12517 4 2 23 31 1552 2366 1590 2379
12518 4 2 23 31 1583 1550 1515 2371
12519 4 2 23 31 1531 1517 1513 2376
12520 4 2 23 31 1531 1471 1517 2376
12521 4 2 23 31 1605 1443 1548 1482
12522 4 2 23 31 1492 1620 1491 1605
12523 4 2 23 31 1571 1561 1472 2373
12524 4 2 23 31 1533 1628 2360 2366
12525 4 2 23 31 1459 1626 1606 2378
12526 4 2 23 31 1498 1521 1574 1626
12527 4 2 23 31 1477 1605 1616 1493
12528 4 2 23 31 1481 1519 1520 2374
12529 4 2 23 31 1477 1550 1551 2371
12530 4 2 23 31 1456 2375 2362 2376
12531 4 2 23 31 1491 1538 1463 2377
12532 4 2 23 31 1624 1549 1504 1572
12533 4 2 23 31 1454 1621 1626 2378
12534 4 2 23 31 1488 1483 1612 2367
12535 4 2 23 31 1630 1591 2369 2377
12536 4 2 23 31 1614 1493 1449 2371
12537 4 2 23 31 1619 1612 1536 1483
12538 4 2 23 31 1485 1611 1514 1627
12539 4 2 23 31 1630 1612 1620 2369
12540 4 2 23 31 1612 1488 1536 1483
12541 4 2 23 31 1500 1464 1568 2379
12542 4 2 23 31 1618 1605 1620 2367
12543 4 2 23 31 1486 1580 1581 2377
12544 4 2 23 31 1606 2364 1615 2370
12545 4 2 23 31 1583 1602 1551 2371
12546 4 2 23 31 1526 1630 1591 2369
12547 4 2 23 31 1613 1622 1463 2377
12548 4 2 23 31 1547 1481 1535 2374
12549 4 2 23 31 1624 1444 2361 2374
12550 4 2 23 31 1470 2373 1571 2375
12551 4 2 23 31 1624 1615 2361 2370
12552 4 2 23 31 1612 1483 1618 2367
12553 4 2 23 31 1627 1621 1585 2376
12554 4 2 23 31 1614 1605 1628 1493
12555 4 2 23 31 1612 2367 1620 2369
12556 4 2 23 31 1627 1574 1514 1585
12557 4 2 23 31 1608 2372 1629 2374
12558 4 2 23 31 1521 1454 1621 1626
12559 4 2 23 31 1494 2360 2365 2368
12560 4 2 23 31 1620 1560 1538 2377
12561 4 2 23 31 1608 1624 2361 2374
12562 4 2 23 31 1577 1493 1614 2380
12563 4 2 23 31 1615 1628 2365 2380
12564 4 2 23 31 1614 1616 1493 2371
12565 4 2 23 31 1467 2373 2364 2380
12566 4 2 23 31 1584 1555 1502 2378
12567 4 2 23 31 1627 1475 1546 1513
12568 4 2 23 31 1608 2360 1618 2372
12569 4 2 23 31 1621 2363 1544 2376
12570 4 2 23 31 1516 2363 2373 2375
12571 4 2 23 31 1443 1492 1491 1605
12572 4 2 23 31 1459 1625 1572 1606
12573 4 2 23 31 1503 1526 1630 1460
12574 4 2 23 31 1502 1555 1595 2378
12575 4 2 23 31 2363 2364 1543 2373
12576 4 2 23 31 1613 1620 1622 2377
12577 4 2 23 31 1607 1550 1616 2371
12578 4 2 23 31 1620 2367 1560 2377
12579 4 2 23 31 1595 1454 1502 2378
12580 4 2 23 31 1616 1605 1614 1493
12581 4 2 23 31 1619 1618 1446 2372
12582 4 2 23 31 1546 2362 1607 2376
12583 4 2 23 31 1624 1606 1615 2370
12584 4 2 23 31 1591 1630 1526 1460
12585 4 2 23 31 1605 1620 1491 1622
12586 4 2 23 31 1538 1620 1491 1560
12587 4 2 23 31 1565 1489 1613 2377
12588 4 2 23 31 1564 1450 1563 2380
12589 4 2 23 31 1504 1545 1549 1624
12590 4 2 23 31 1518 2370 2364 2378
12591 4 2 23 31 1612 1619 1618 1483
12592 4 2 23 31 1542 1622 1463 1570
12593 4 2 23 31 1618 2372 2360 2379
12594 4 2 23 31 1615 2370 2364 2380
12595 4 2 23 31 1613 1539 1630 1460
12596 4 2 23 31 1462 1612 1536 1534
12597 4 2 23 31 1625 1624 1572 1606
12598 4 2 23 31 1620 1538 1491 2377
12599 4 2 23 31 1510 1527 1596 2372
12600 4 2 23 31 1624 1504 1625 1572
12601 4 2 23 31 1613 1463 1622 1570
12602 4 2 23 31 1608 1619 1629 2372
12603 4 2 23 31 1486 1538 1580 2377
12604 4 2 23 31 1503 1566 1612 2369
12605 4 2 23 31 1606 1626 1621 2378
12606 4 2 23 31 1605 1616 1622 1542
12607 4 2 23 31 1630 1620 1613 2377
12608 4 2 23 31 1626 1454 1459 1511
12609 4 2 23 31 1628 1608 1615 2365
12610 4 2 23 31 1614 1615 2364 2380
12611 4 2 23 31 1489 1565 1613 1463
12612 4 2 23 31 1614 2373 1577 2380
12613 4 2 23 31 1477 1616 1550 2371
12614 4 2 23 31 1504 1545 1624 1610
12615 4 2 23 31 1615 1614 1628 2380
12616 4 2 23 31 1509 1617 1503 688
12617 4 2 23 31 1627 1546 1607 2376
12618 4 2 23 31 1550 1583 1551 2371
12619 4 2 23 31 1628 2360 1608 2365
12620 4 2 23 31 1623 1609 155 1497
12621 4 2 23 31 1510 1446 1527 2372
12622 4 2 23 31 1477 1458 1616 1542
12623 4 2 23 31 1497 151 698 690
12624 4 2 23 31 1630 1539 1617 1460
12625 4 2 23 31 1570 1613 1576 698
12626 4 2 23 31 1613 1539 1460 1489
12627 4 2 23 31 1606 1459 1625 1626
12628 4 2 23 31 1460 1630 1613 1489
12629 4 2 23 31 1566 1612 1488 1536
12630 4 2 23 31 699 691 151 1497
12631 4 2 23 31 1503 1612 1630 2369
12632 4 2 23 31 1475 1627 1585 1513
12633 4 2 23 31 1514 700 1485 1627
12634 4 2 23 31 1607 1458 1616 1550
12635 4 2 23 31 1609 699 155 1497
12636 4 2 23 31 1536 1612 1619 1534
12637 4 2 23 31 1612 1566 1488 2369
12638 4 2 23 31 1611 1574 1621 1626
12639 4 2 23 31 1617 1509 154 688
12640 4 2 23 31 2366 2367 1618 2379
12641 4 2 23 31 1488 2367 1612 2369
12642 4 2 23 31 1626 1521 1454 1511
12643 4 2 23 31 1611 1574 1627 1621
12644 4 2 23 31 1463 1491 1622 1542
12645 4 2 23 31 1614 2364 2363 2373
12646 4 2 23 31 699 700 1474 1607
12647 4 2 23 31 1477 1616 1458 1550
12648 4 2 23 31 1479 1478 1629 686
12649 4 2 23 31 1613 1489 1463 1570
12650 4 2 23 31 1574 1611 1498 1626
12651 4 2 23 31 1612 1462 1503 696
12652 4 2 23 31 1617 1613 1539 1630
12653 4 2 23 31 1485 700 156 1611
12654 4 2 23 31 1628 1618 2360 2366
12655 4 2 23 31 696 1617 154 688
12656 4 2 23 31 687 1619 695 696
12657 4 2 23 31 1546 1515 1607 2362
12658 4 2 23 31 1446 1536 1619 1534
12659 4 2 23 31 1520 1519 1629 2374
12660 4 2 23 31 1625 1504 1624 1610
12661 4 2 23 31 1626 1459 1625 1511
12662 4 2 23 31 700 1474 1607 1627
12663 4 2 23 31 1611 1485 700 1627
12664 4 2 23 31 1520 1508 1629 1478
12665 4 2 23 31 1620 2369 2367 2377
12666 4 2 23 31 1511 1455 1625 693
12667 4 2 23 31 686 1629 153 695
12668 4 2 23 31 1479 1504 1455 1610
12669 4 2 23 31 1611 1574 1514 1627
12670 4 2 23 31 1515 1550 1607 2371
12671 4 2 23 31 1608 2361 1615 2365
12672 4 2 23 31 1607 2362 1515 2371
12673 4 2 23 31 1614 2362 2371 2375
12674 4 2 23 31 1474 1458 1609 1607
12675 4 2 23 31 1612 1566 1462 1536
12676 4 2 23 31 1570 1542 1622 1623
12677 4 2 23 31 1612 1503 1617 696
12678 4 2 23 31 1566 1462 1503 1612
12679 4 2 23 31 697 1576 1613 698
12680 4 2 23 31 1539 1613 1576 1489
12681 4 2 23 31 1625 1455 1504 1610
12682 4 2 23 31 1629 1624 1545 1610
12683 4 2 23 31 1504 1455 1625 1572
12684 4 2 23 31 1479 694 149 1610
12685 4 2 23 31 1607 1474 1458 1550
12686 4 2 23 31 1572 1455 1625 1459
12687 4 2 23 31 2362 2375 2363 2376
12688 4 2 23 31 699 151 155 1497
12689 4 2 23 31 1620 1630 2369 2377
12690 4 2 23 31 1606 2364 2370 2378
12691 4 2 23 31 1613 1570 1623 698
12692 4 2 23 31 1619 1508 1534 687
12693 4 2 23 31 1462 1612 1534 696
12694 4 2 23 31 1630 1617 1503 1460
12695 4 2 23 31 1570 1622 1613 1623
12696 4 2 23 31 696 1503 1617 688
12697 4 2 23 31 1630 1503 1617 1612
12698 4 2 23 31 1489 1613 1576 1570
12699 4 2 23 31 692 700 156 1485
12700 4 2 23 31 700 691 699 1474
12701 4 2 23 31 1608 2368 2360 2372
12702 4 2 23 31 1576 697 689 690
12703 4 2 23 31 696 1462 1503 688
12704 4 2 23 31 1509 150 154 688
12705 4 2 23 31 1534 1612 1619 696
12706 4 2 23 31 2361 2368 1608 2374
12707 4 2 23 31 1474 1609 699 1607
12708 4 2 23 31 156 152 692 1485
12709 4 2 23 31 1498 1611 1485 693
12710 4 2 23 31 155 1623 1497 698
12711 4 2 23 31 687 1534 1619 696
12712 4 2 23 31 1455 1625 1459 1511
12713 4 2 23 31 1618 2360 2366 2379
12714 4 2 23 31 1625 1626 1511 701
12715 4 2 23 31 689 150 154 1509
12716 4 2 23 31 1519 1629 1545 1479
12717 4 2 23 31 1626 1498 1521 1511
12718 4 2 23 31 1545 1504 1479 1610
12719 4 2 23 31 692 1514 1475 1627
12720 4 2 23 31 1478 1629 1520 1519
12721 4 2 23 31 1576 1570 698 690
12722 4 2 23 31 156 1485 1611 701
12723 4 2 23 31 1497 151 155 698
12724 4 2 23 31 691 700 692 1474
12725 4 2 23 31 1623 1570 1542 1497
12726 4 2 23 31 697 1576 698 690
12727 4 2 23 31 1608 2365 2360 2368
12728 4 2 23 31 1474 1607 1515 1550
12729 4 2 23 31 2361 2365 1608 2368
12730 4 2 23 31 1609 1458 691 1497
12731 4 2 23 31 1576 697 1613 1539
12732 4 2 23 31 1514 1574 1611 1498
12733 4 2 23 31 1514 1475 1627 1585
12734 4 2 23 31 1508 1619 695 687
12735 4 2 23 31 154 697 1509 1617
12736 4 2 23 31 694 153 149 1610
12737 4 2 23 31 1622 1616 1609 1542
12738 4 2 23 31 695 686 1508 687
12739 4 2 23 31 1609 1622 1542 1623
12740 4 2 23 31 2362 2363 1621 2376
12741 4 2 23 31 693 1485 152 701
12742 4 2 23 31 1613 697 1617 1539
12743 4 2 23 31 1619 1508 1446 1534
12744 4 2 23 31 696 687 1534 688
12745 4 2 23 31 1515 1607 1474 1546
12746 4 2 23 31 697 689 154 1509
12747 4 2 23 31 1485 692 700 1514
12748 4 2 23 31 1485 156 152 701
12749 4 2 23 31 1539 1509 1617 1460
12750 4 2 23 31 696 1534 1462 688
12751 4 2 23 31 691 699 1609 1497
12752 4 2 23 31 1479 1629 1545 1610
12753 4 2 23 31 1508 1619 1629 695
12754 4 2 23 31 1503 1617 1509 1460
12755 4 2 23 31 1458 1609 1616 1542
12756 4 2 23 31 1616 1609 1458 1607
12757 4 2 23 31 1611 1498 1626 701
12758 4 2 23 31 153 694 702 1610
12759 4 2 23 31 1519 1478 1629 1479
12760 4 2 23 31 686 1508 1478 695
12761 4 2 23 31 1614 2364 2373 2380
12762 4 2 23 31 1458 1609 1542 1497
12763 4 2 23 31 1514 692 700 1627
12764 4 2 23 31 693 1625 1511 701
12765 4 2 23 31 1479 1455 694 1610
12766 4 2 23 31 1623 1542 1609 1497
12767 4 2 23 31 1508 1629 1478 695
12768 4 2 23 31 1617 697 1509 1539
12769 4 2 23 31 1611 1485 1514 1498
12770 4 2 23 31 693 702 1625 701
12771 4 2 23 31 689 697 1576 1539
12772 4 2 23 31 1455 1625 702 1610
12773 4 2 23 31 697 689 1509 1539
12774 4 2 23 31 1498 1611 693 701
12775 4 2 23 31 693 1611 1485 701
12776 4 2 23 31 686 1478 1629 695
12777 4 2 23 31 1455 702 694 1610
12778 4 2 23 31 1607 1614 1621 2362
12779 4 2 23 31 1621 1607 2376 1627
12780 4 2 23 31 1621 2376 1607 2362
12781 4 2 23 31 1567 1519 1624 1545
12782 4 2 23 31 1567 1624 1519 2374
12783 4 2 23 31 1629 1624 1519 1545
12784 4 2 23 31 1629 1519 1624 2374
12785 4 2 23 31 2379 1589 2366 2367
12786 4 2 23 31 2379 2366 1589 1598
12787 4 2 23 31 1492 2366 1589 2367
12788 4 2 23 31 1492 1589 2366 1598
12789 4 2 23 31 2379 1553 1600 2367
12790 4 2 23 31 2379 1600 1553 1578
12791 4 2 23 31 2368 1540 1494 1575
12792 4 2 23 31 2368 1494 1540 2365
12793 4 2 23 31 2376 1516 2375 2363
12794 4 2 23 31 2376 2375 1516 1499
12795 4 2 23 31 2374 1480 1569 2361
12796 4 2 23 31 2374 1569 1480 1535
12797 4 2 23 31 2368 1494 1465 1575
12798 4 2 23 31 2368 1465 1494 2360
12799 4 2 23 31 2365 1597 1628 2360
12800 4 2 23 31 2365 1628 1597 1447
12801 4 2 23 31 1533 1628 1597 2360
12802 4 2 23 31 1533 1597 1628 1447
12803 4 2 23 31 2376 1525 1516 2363
12804 4 2 23 31 2376 1516 1525 1471
12805 4 2 23 31 1622 2377 1491 1463
12806 4 2 23 31 1491 2377 1622 1620
12807 4 2 23 31 2378 1448 1537 1584
12808 4 2 23 31 2378 1537 1448 2370
12809 4 2 23 31 2375 1583 1602 1473
12810 4 2 23 31 2375 1602 1583 2371
12811 4 2 23 31 1477 1605 1542 1616
12812 4 2 23 31 1477 1542 1605 1443
12813 4 2 23 31 2364 1621 2378 1606
12814 4 2 23 31 2364 2378 1621 2363
12815 4 2 23 31 2372 1508 1629 1520
12816 4 2 23 31 2372 1629 1508 1619
12817 4 2 23 31 1489 1630 2377 1496
12818 4 2 23 31 1489 2377 1630 1613
12819 4 2 23 31 2371 1477 1493 1551
12820 4 2 23 31 2371 1493 1477 1616
12821 4 2 23 31 1542 1605 1491 1622
12822 4 2 23 31 1542 1491 1605 1443
12823 4 2 23 31 1627 1474 1546 1475
12824 4 2 23 31 1627 1546 1474 1607
12825 4 2 23 31 698 1497 1570 1623
12826 4 2 23 31 698 1570 1497 690
12827 4 2 23 31 2375 1614 2363 2373
12828 4 2 23 31 2375 2363 1614 2362
12829 4 2 23 31 2372 1508 1446 1619
12830 4 2 23 31 2372 1446 1508 1510
12831 4 2 23 31 2375 1614 1449 2371
12832 4 2 23 31 2375 1449 1614 2373
12833 4 2 23 31 149 1610 1629 1479
12834 4 2 23 31 1629 1610 149 153
12835 4 2 23 31 1629 686 149 1479
12836 4 2 23 31 149 686 1629 153
12837 4 2 23 31 1609 691 1474 699
12838 4 2 23 31 1609 1474 691 1458
12839 4 2 23 31 1627 692 1474 1475
12840 4 2 23 31 1627 1474 692 700
12841 4 2 23 31 702 1455 693 1625
12842 4 2 23 31 693 1455 702 694
12843 4 2 23 31 1511 701 1498 693
12844 4 2 23 31 1498 701 1511 1626
12845 4 2 23 31 1607 1614 2371 1616
12846 4 2 23 31 1607 2371 1614 2362
12847 4 2 24 32 1614 1606 1615 2383
12848 4 2 24 32 1628 1614 1615 2384
12849 4 2 24 32 1624 1606 1625 2383
12850 4 2 24 32 1624 1608 1615 2381
12851 4 2 24 32 1629 1608 1624 2381
12852 4 2 24 32 711 159 1643 1639
12853 4 2 24 32 1618 1608 1619 2382
12854 4 2 24 32 1647 1625 1624 1610
12855 4 2 24 32 1610 1629 1624 1636
12856 4 2 24 32 703 157 1632 1648
12857 4 2 24 32 1624 1647 1610 1636
12858 4 2 24 32 158 707 1632 1639
12859 4 2 24 32 160 714 1643 1648
12860 4 2 24 32 1605 1628 1618 2384
12861 4 2 24 32 1621 1606 1614 2383
12862 4 2 24 32 1621 1614 1607 2383
12863 4 2 24 32 1624 1625 1647 2383
12864 4 2 24 32 1629 1624 1636 2381
12865 4 2 24 32 1606 1626 1625 2383
12866 4 2 24 32 1605 1618 1620 2384
12867 4 2 24 32 1617 1613 1630 2382
12868 4 2 24 32 1620 1630 1613 2382
12869 4 2 24 32 1638 2381 1642 2384
12870 4 2 24 32 1607 1614 1616 2384
12871 4 2 24 32 1605 1614 1628 2384
12872 4 2 24 32 1638 2382 2381 2384
12873 4 2 24 32 1612 1618 1619 2382
12874 4 2 24 32 1627 1621 1607 2383
12875 4 2 24 32 1622 1620 1613 2384
12876 4 2 24 32 1624 1647 1636 2381
12877 4 2 24 32 1614 1615 2381 2383
12878 4 2 24 32 1621 1626 1606 2383
12879 4 2 24 32 1614 2381 1615 2384
12880 4 2 24 32 1620 1618 1612 2382
12881 4 2 24 32 1630 1620 1612 2382
12882 4 2 24 32 1649 1633 712 715
12883 4 2 24 32 1617 1630 1612 2382
12884 4 2 24 32 1631 2381 1641 2382
12885 4 2 24 32 1650 1646 1634 715
12886 4 2 24 32 1607 2383 1614 2384
12887 4 2 24 32 717 2381 1647 2383
12888 4 2 24 32 1636 1629 1619 695
12889 4 2 24 32 1631 1651 1635 2381
12890 4 2 24 32 1631 706 1651 2381
12891 4 2 24 32 1623 1622 1613 2384
12892 4 2 24 32 1644 1635 1649 1651
12893 4 2 24 32 1605 1616 1614 2384
12894 4 2 24 32 1612 1619 696 2382
12895 4 2 24 32 1634 704 1650 715
12896 4 2 24 32 1633 1635 1649 1644
12897 4 2 24 32 1642 2381 717 2383
12898 4 2 24 32 1613 1617 697 2382
12899 4 2 24 32 1624 1647 2381 2383
12900 4 2 24 32 155 1642 1609 1623
12901 4 2 24 32 708 1634 1640 1646
12902 4 2 24 32 1605 1620 1622 2384
12903 4 2 24 32 1619 1636 695 1631
12904 4 2 24 32 1627 1607 1642 2383
12905 4 2 24 32 1646 708 1634 715
12906 4 2 24 32 1635 705 1649 1651
12907 4 2 24 32 1625 1626 1647 2383
12908 4 2 24 32 1642 699 155 1609
12909 4 2 24 32 1637 697 1617 2382
12910 4 2 24 32 696 1619 1631 2382
12911 4 2 24 32 1641 2381 1638 2382
12912 4 2 24 32 1607 1642 700 1627
12913 4 2 24 32 706 1635 1631 1651
12914 4 2 24 32 155 1642 1623 1638
12915 4 2 24 32 1635 1641 1631 2381
12916 4 2 24 32 1644 1649 715 716
12917 4 2 24 32 1635 1649 705 1633
12918 4 2 24 32 704 1634 708 715
12919 4 2 24 32 1618 2382 1620 2384
12920 4 2 24 32 707 708 1634 1640
12921 4 2 24 32 1620 2382 1613 2384
12922 4 2 24 32 1631 695 1619 696
12923 4 2 24 32 710 1631 1641 2382
12924 4 2 24 32 1646 1634 703 1650
12925 4 2 24 32 1644 1635 1651 2381
12926 4 2 24 32 1642 1638 713 2381
12927 4 2 24 32 1644 1633 1635 1641
12928 4 2 24 32 1644 1649 1633 712
12929 4 2 24 32 1643 1632 1652 1648
12930 4 2 24 32 1651 1647 717 2381
12931 4 2 24 32 1617 1612 1637 2382
12932 4 2 24 32 1642 1645 1627 2383
12933 4 2 24 32 703 704 1650 1634
12934 4 2 24 32 712 1633 708 715
12935 4 2 24 32 1623 1613 1638 2384
12936 4 2 24 32 1647 1651 706 2381
12937 4 2 24 32 1632 1639 707 1643
12938 4 2 24 32 703 1632 1643 1648
12939 4 2 24 32 1611 1645 701 2383
12940 4 2 24 32 1639 1632 1652 1643
12941 4 2 24 32 1645 700 1642 1627
12942 4 2 24 32 715 714 1650 1646
12943 4 2 24 32 1610 1647 702 1636
12944 4 2 24 32 1609 1607 1616 2384
12945 4 2 24 32 1611 1621 1627 2383
12946 4 2 24 32 1637 1638 697 2382
12947 4 2 24 32 1607 1642 2383 2384
12948 4 2 24 32 1616 1605 1622 2384
12949 4 2 24 32 1613 2382 1638 2384
12950 4 2 24 32 1625 1647 702 1610
12951 4 2 24 32 1645 1611 1627 2383
12952 4 2 24 32 1613 697 1638 2382
12953 4 2 24 32 1611 1626 1621 2383
12954 4 2 24 32 1636 706 1631 2381
12955 4 2 24 32 709 1635 1633 1641
12956 4 2 24 32 1626 1625 1647 701
12957 4 2 24 32 1614 2383 2381 2384
12958 4 2 24 32 1611 1645 156 701
12959 4 2 24 32 712 1646 708 1640
12960 4 2 24 32 701 1645 717 2383
12961 4 2 24 32 696 1631 1637 2382
12962 4 2 24 32 1651 1649 1644 716
12963 4 2 24 32 1642 1607 1609 2384
12964 4 2 24 32 715 712 1646 708
12965 4 2 24 32 698 1623 1613 1638
12966 4 2 24 32 1644 1641 1635 2381
12967 4 2 24 32 1631 1635 710 1641
12968 4 2 24 32 1612 696 1637 2382
12969 4 2 24 32 1641 1644 1633 712
12970 4 2 24 32 1636 1647 706 2381
12971 4 2 24 32 1641 1633 709 712
12972 4 2 24 32 712 1644 1649 715
12973 4 2 24 32 1641 713 1638 2381
12974 4 2 24 32 701 1645 156 717
12975 4 2 24 32 698 155 1623 1638
12976 4 2 24 32 1651 717 1644 2381
12977 4 2 24 32 710 1641 1638 2382
12978 4 2 24 32 702 706 153 1636
12979 4 2 24 32 1644 717 1642 2381
12980 4 2 24 32 1609 1642 699 1607
12981 4 2 24 32 1637 710 1638 2382
12982 4 2 24 32 712 711 1646 1640
12983 4 2 24 32 1645 1642 717 2383
12984 4 2 24 32 697 154 710 1637
12985 4 2 24 32 1610 702 153 1636
12986 4 2 24 32 707 703 1632 1643
12987 4 2 24 32 696 1617 1612 1637
12988 4 2 24 32 710 697 1637 1638
12989 4 2 24 32 1638 155 1642 713
12990 4 2 24 32 700 699 1642 1607
12991 4 2 24 32 1637 1631 710 2382
12992 4 2 24 32 1635 706 705 1651
12993 4 2 24 32 1609 1622 1623 2384
12994 4 2 24 32 700 1645 1611 1627
12995 4 2 24 32 706 702 1647 1636
12996 4 2 24 32 708 709 1633 712
12997 4 2 24 32 701 717 1647 2383
12998 4 2 24 32 704 705 1649 1633
12999 4 2 24 32 1643 703 1648 714
13000 4 2 24 32 698 1613 697 1638
13001 4 2 24 32 1642 713 1644 2381
13002 4 2 24 32 157 1652 1632 1648
13003 4 2 24 32 1647 1626 701 2383
13004 4 2 24 32 1650 703 1646 714
13005 4 2 24 32 1643 1652 160 1648
13006 4 2 24 32 1632 1652 158 1639
13007 4 2 24 32 2381 2383 1642 2384
13008 4 2 24 32 711 707 1639 1643
13009 4 2 24 32 1611 701 1626 2383
13010 4 2 24 32 1616 1622 1609 2384
13011 4 2 24 32 154 697 1617 1637
13012 4 2 24 32 153 1629 1610 1636
13013 4 2 24 32 1639 1652 159 1643
13014 4 2 24 32 707 703 1643 714
13015 4 2 24 32 1641 1644 713 2381
13016 4 2 24 32 1644 1651 716 717
13017 4 2 24 32 1645 156 700 1611
13018 4 2 24 32 157 158 1632 1652
13019 4 2 24 32 1643 711 707 714
13020 4 2 24 32 1635 709 710 1641
13021 4 2 24 32 713 712 1644 1641
13022 4 2 24 32 702 1647 1625 701
13023 4 2 24 32 159 160 1643 1652
13024 4 2 24 32 154 1617 696 1637
13025 4 2 24 32 1652 157 160 1648
13026 4 2 24 32 1636 153 1629 695
13027 4 2 24 32 1652 159 158 1639
13028 4 2 24 32 1631 2382 1636 2381
13029 4 2 24 32 1631 1636 2382 1619
13030 4 2 24 32 1623 2384 1642 1609
13031 4 2 24 32 1642 2384 1623 1638
13032 4 2 24 32 2381 1629 2382 1636
13033 4 2 24 32 2381 2382 1629 1608
13034 4 2 24 32 1619 2382 1629 1636
13035 4 2 24 32 1619 1629 2382 1608
13036 4 2 24 32 2384 1618 1608 1628
13037 4 2 24 32 1608 1615 2384 1628
13038 4 2 24 32 2384 1615 1608 2381
13039 4 2 24 32 2383 1615 1624 1606
13040 4 2 24 32 2383 1624 1615 2381
13041 4 2 24 32 715 1633 704 1649
13042 4 2 24 32 715 704 1633 708
13043 4 2 24 32 707 714 1646 703
13044 4 2 24 32 1646 714 707 711
13045 4 2 24 32 1646 1634 707 703
13046 4 2 24 32 1608 2384 2382 1618
13047 4 2 24 32 2382 2384 1608 2381
13048 4 2 24 32 707 1646 1640 1634
13049 4 2 24 32 1640 1646 707 711
13050 4 2 25 33 688 1653 1434 1433
13051 4 2 25 33 150 728 688 1433
13052 4 2 25 33 1432 149 721 686
13053 4 2 25 33 1435 686 1432 1653
13054 4 2 25 33 1433 1653 1434 1655
13055 4 2 25 33 1434 682 1433 1655
13056 4 2 25 33 1418 1668 723 737
13057 4 2 25 33 1664 1418 723 737
13058 4 2 25 33 1433 682 146 1655
13059 4 2 25 33 681 1432 145 1655
13060 4 2 25 33 1432 1435 1653 1655
13061 4 2 25 33 728 1653 688 1433
13062 4 2 25 33 721 1432 686 1653
13063 4 2 25 33 1435 1432 681 1655
13064 4 2 25 33 1653 154 150 688
13065 4 2 25 33 153 149 686 1653
13066 4 2 25 33 689 1438 1671 1437
13067 4 2 25 33 689 1671 150 1437
13068 4 2 25 33 687 1653 1435 1434
13069 4 2 25 33 142 673 1408 1670
13070 4 2 25 33 673 677 672 1687
13071 4 2 25 33 1407 1659 1656 723
13072 4 2 25 33 1656 1659 1407 730
13073 4 2 25 33 1663 694 685 693
13074 4 2 25 33 694 685 1442 1663
13075 4 2 25 33 691 1688 684 692
13076 4 2 25 33 685 1663 693 1441
13077 4 2 25 33 1433 728 1653 1655
13078 4 2 25 33 721 1432 1653 1655
13079 4 2 25 33 1651 1647 706 1661
13080 4 2 25 33 737 677 738 1687
13081 4 2 25 33 1433 146 728 1655
13082 4 2 25 33 1432 721 145 1655
13083 4 2 25 33 1661 1651 1647 717
13084 4 2 25 33 703 157 1648 1666
13085 4 2 25 33 686 149 721 1653
13086 4 2 25 33 728 1653 150 688
13087 4 2 25 33 160 714 1648 1666
13088 4 2 25 33 138 664 1414 1665
13089 4 2 25 33 142 673 1670 167
13090 4 2 25 33 692 152 1680 1440
13091 4 2 25 33 678 144 1414 1665
13092 4 2 25 33 1440 1680 1681 735
13093 4 2 25 33 1646 739 1686 732
13094 4 2 25 33 673 142 1411 1684
13095 4 2 25 33 727 154 1653 1637
13096 4 2 25 33 1636 720 153 1653
13097 4 2 25 33 664 161 1665 138
13098 4 2 25 33 1681 684 692 1440
13099 4 2 25 33 159 711 1643 1685
13100 4 2 25 33 144 678 166 1665
13101 4 2 25 33 1434 1653 1435 1655
13102 4 2 25 33 145 721 1442 1663
13103 4 2 25 33 142 673 167 1684
13104 4 2 25 33 667 730 731 1677
13105 4 2 25 33 158 707 1639 1675
13106 4 2 25 33 140 668 163 1670
13107 4 2 25 33 1441 148 1663 735
13108 4 2 25 33 723 663 724 1668
13109 4 2 25 33 664 161 138 1657
13110 4 2 25 33 140 668 1657 163
13111 4 2 25 33 668 140 1408 1670
13112 4 2 25 33 663 724 1659 723
13113 4 2 25 33 741 713 740 1682
13114 4 2 25 33 166 678 738 1665
13115 4 2 25 33 1662 719 1649 1667
13116 4 2 25 33 161 664 1665 724
13117 4 2 25 33 167 673 1670 744
13118 4 2 25 33 1649 1662 1667 733
13119 4 2 25 33 1438 1671 1437 1672
13120 4 2 25 33 144 678 1684 166
13121 4 2 25 33 1440 1681 148 735
13122 4 2 25 33 163 668 1657 731
13123 4 2 25 33 664 161 1657 724
13124 4 2 25 33 1440 152 1680 735
13125 4 2 25 33 146 139 728 1655
13126 4 2 25 33 163 668 731 1670
13127 4 2 25 33 1659 667 730 731
13128 4 2 25 33 707 158 1632 1660
13129 4 2 25 33 157 703 1632 1660
13130 4 2 25 33 1668 737 677 738
13131 4 2 25 33 1653 150 154 728
13132 4 2 25 33 149 153 721 1653
13133 4 2 25 33 1653 1435 686 687
13134 4 2 25 33 166 678 1684 738
13135 4 2 25 33 1676 1640 725 739
13136 4 2 25 33 167 673 744 1684
13137 4 2 25 33 664 138 1405 1657
13138 4 2 25 33 140 668 1405 1657
13139 4 2 25 33 1633 726 1658 1654
13140 4 2 25 33 1658 719 1633 1654
13141 4 2 25 33 1673 1671 1638 713
13142 4 2 25 33 663 664 724 1416
13143 4 2 25 33 733 715 1686 732
13144 4 2 25 33 137 145 721 1655
13145 4 2 25 33 1645 1680 156 734
13146 4 2 25 33 1671 728 150 1437
13147 4 2 25 33 1653 1636 706 1631
13148 4 2 25 33 1631 710 1653 1637
13149 4 2 25 33 687 1653 1434 688
13150 4 2 25 33 156 152 1661 735
13151 4 2 25 33 721 145 137 1663
13152 4 2 25 33 678 677 738 1416
13153 4 2 25 33 741 713 1682 1680
13154 4 2 25 33 714 160 1643 1685
13155 4 2 25 33 1436 1438 683 1678
13156 4 2 25 33 693 1663 694 1661
13157 4 2 25 33 739 159 1675 168
13158 4 2 25 33 727 1653 154 728
13159 4 2 25 33 720 721 153 1653
13160 4 2 25 33 721 153 149 1661
13161 4 2 25 33 1680 152 156 735
13162 4 2 25 33 1663 148 143 735
13163 4 2 25 33 144 678 1411 1684
13164 4 2 25 33 671 743 1683 742
13165 4 2 25 33 1406 731 1659 724
13166 4 2 25 33 1688 691 1680 692
13167 4 2 25 33 1437 1671 728 1672
13168 4 2 25 33 692 1680 1681 1440
13169 4 2 25 33 146 682 670 1655
13170 4 2 25 33 669 681 145 1655
13171 4 2 25 33 671 1674 743 742
13172 4 2 25 33 725 726 708 1676
13173 4 2 25 33 713 1673 741 740
13174 4 2 25 33 1682 713 1642 1680
13175 4 2 25 33 682 1434 1435 1655
13176 4 2 25 33 718 157 1666 162
13177 4 2 25 33 143 148 1681 735
13178 4 2 25 33 732 160 165 1666
13179 4 2 25 33 739 159 168 1685
13180 4 2 25 33 672 667 673 1677
13181 4 2 25 33 725 158 1660 164
13182 4 2 25 33 157 718 1660 162
13183 4 2 25 33 723 722 662 1664
13184 4 2 25 33 1688 1439 691 684
13185 4 2 25 33 735 156 1680 734
13186 4 2 25 33 1645 1642 1680 717
13187 4 2 25 33 725 158 164 1675
13188 4 2 25 33 719 720 705 1654
13189 4 2 25 33 694 149 153 1661
13190 4 2 25 33 732 160 1685 165
13191 4 2 25 33 728 139 729 1655
13192 4 2 25 33 718 719 704 1658
13193 4 2 25 33 726 1658 725 708
13194 4 2 25 33 735 1661 156 734
13195 4 2 25 33 724 1668 1416 738
13196 4 2 25 33 684 147 1688 1439
13197 4 2 25 33 734 716 1682 733
13198 4 2 25 33 736 1663 143 735
13199 4 2 25 33 722 137 721 1655
13200 4 2 25 33 721 137 722 1663
13201 4 2 25 33 671 676 1412 1683
13202 4 2 25 33 153 721 720 1661
13203 4 2 25 33 663 664 1406 724
13204 4 2 25 33 736 676 1664 737
13205 4 2 25 33 690 1438 1436 1678
13206 4 2 25 33 706 1662 1651 1661
13207 4 2 25 33 722 1656 723 662
13208 4 2 25 33 1437 728 146 1672
13209 4 2 25 33 714 160 732 1666
13210 4 2 25 33 1661 1662 1651 717
13211 4 2 25 33 155 699 1642 1680
13212 4 2 25 33 736 143 1681 735
13213 4 2 25 33 668 1657 724 664
13214 4 2 25 33 157 718 1666 703
13215 4 2 25 33 711 159 739 1685
13216 4 2 25 33 1674 1672 742 1409
13217 4 2 25 33 1667 715 733 732
13218 4 2 25 33 1672 1438 1671 1678
13219 4 2 25 33 726 709 727 1654
13220 4 2 25 33 668 667 1406 731
13221 4 2 25 33 1681 1413 143 736
13222 4 2 25 33 666 729 1656 730
13223 4 2 25 33 707 158 725 1675
13224 4 2 25 33 744 743 672 1677
13225 4 2 25 33 704 719 718 1667
13226 4 2 25 33 147 683 1678 1436
13227 4 2 25 33 154 1653 696 688
13228 4 2 25 33 662 666 1404 1656
13229 4 2 25 33 153 686 695 1653
13230 4 2 25 33 150 154 728 1671
13231 4 2 25 33 157 158 164 1660
13232 4 2 25 33 1683 676 736 737
13233 4 2 25 33 734 1662 716 733
13234 4 2 25 33 705 720 719 1662
13235 4 2 25 33 1634 725 718 1658
13236 4 2 25 33 672 676 671 1683
13237 4 2 25 33 718 703 1660 707
13238 4 2 25 33 672 743 744 1687
13239 4 2 25 33 701 152 693 1661
13240 4 2 25 33 1653 710 727 1637
13241 4 2 25 33 706 720 1636 1653
13242 4 2 25 33 165 159 160 1685
13243 4 2 25 33 1674 729 666 730
13244 4 2 25 33 157 718 703 1660
13245 4 2 25 33 707 158 1660 725
13246 4 2 25 33 154 727 728 1671
13247 4 2 25 33 702 694 153 1661
13248 4 2 25 33 678 1665 664 738
13249 4 2 25 33 139 146 670 1655
13250 4 2 25 33 703 718 1634 707
13251 4 2 25 33 727 709 726 1673
13252 4 2 25 33 701 156 152 1661
13253 4 2 25 33 714 160 1685 732
13254 4 2 25 33 151 698 690 1678
13255 4 2 25 33 712 715 1646 1686
13256 4 2 25 33 1671 1438 690 1678
13257 4 2 25 33 1631 1635 706 1654
13258 4 2 25 33 710 1635 1631 1654
13259 4 2 25 33 1671 1673 741 713
13260 4 2 25 33 1678 1688 151 741
13261 4 2 25 33 1642 1682 1680 717
13262 4 2 25 33 671 666 672 1674
13263 4 2 25 33 157 162 160 1666
13264 4 2 25 33 145 137 669 1655
13265 4 2 25 33 1663 661 1664 1417
13266 4 2 25 33 732 711 1685 714
13267 4 2 25 33 698 1671 155 1638
13268 4 2 25 33 1684 738 678 673
13269 4 2 25 33 164 158 159 1675
13270 4 2 25 33 1406 668 724 664
13271 4 2 25 33 1664 1663 1417 675
13272 4 2 25 33 700 156 1680 692
13273 4 2 25 33 740 1686 712 739
13274 4 2 25 33 1688 151 147 1678
13275 4 2 25 33 156 152 1680 692
13276 4 2 25 33 139 146 728 1672
13277 4 2 25 33 1662 706 720 1661
13278 4 2 25 33 1680 1645 717 734
13279 4 2 25 33 1418 723 662 1664
13280 4 2 25 33 665 1672 1674 1409
13281 4 2 25 33 717 1661 1662 734
13282 4 2 25 33 1653 154 696 1637
13283 4 2 25 33 695 1636 153 1653
13284 4 2 25 33 685 145 1442 1663
13285 4 2 25 33 699 155 1688 1680
13286 4 2 25 33 742 671 1674 1409
13287 4 2 25 33 164 162 157 1660
13288 4 2 25 33 673 1684 738 744
13289 4 2 25 33 1682 1680 717 734
13290 4 2 25 33 740 712 1676 739
13291 4 2 25 33 666 1674 671 1409
13292 4 2 25 33 1657 731 668 724
13293 4 2 25 33 666 1407 1656 662
13294 4 2 25 33 1435 681 682 1655
13295 4 2 25 33 708 726 1658 1633
13296 4 2 25 33 1658 719 704 1633
13297 4 2 25 33 707 1660 718 725
13298 4 2 25 33 1671 1438 689 690
13299 4 2 25 33 1670 668 731 673
13300 4 2 25 33 1672 728 139 729
13301 4 2 25 33 1671 150 154 689
13302 4 2 25 33 1437 683 1438 1672
13303 4 2 25 33 710 1673 1671 1638
13304 4 2 25 33 1650 1667 718 732
13305 4 2 25 33 717 1645 156 734
13306 4 2 25 33 146 150 728 1437
13307 4 2 25 33 151 1688 691 699
13308 4 2 25 33 725 1634 718 707
13309 4 2 25 33 1418 1664 676 737
13310 4 2 25 33 725 707 1675 711
13311 4 2 25 33 165 168 159 1685
13312 4 2 25 33 739 711 1685 732
13313 4 2 25 33 732 1646 711 714
13314 4 2 25 33 1665 724 664 738
13315 4 2 25 33 729 1672 1674 665
13316 4 2 25 33 715 1646 1686 732
13317 4 2 25 33 731 1670 673 744
13318 4 2 25 33 1663 685 148 1441
13319 4 2 25 33 165 160 162 1666
13320 4 2 25 33 719 704 1649 1667
13321 4 2 25 33 708 1640 725 1676
13322 4 2 25 33 1673 727 710 1671
13323 4 2 25 33 715 1649 1667 733
13324 4 2 25 33 742 1688 1678 741
13325 4 2 25 33 698 155 1671 1678
13326 4 2 25 33 1640 712 1676 708
13327 4 2 25 33 700 1680 156 1645
13328 4 2 25 33 728 150 146 1433
13329 4 2 25 33 147 742 1688 1678
13330 4 2 25 33 705 706 1662 1651
13331 4 2 25 33 145 149 721 1432
13332 4 2 25 33 722 661 1664 1663
13333 4 2 25 33 716 1651 1662 717
13334 4 2 25 33 1664 1663 675 736
13335 4 2 25 33 711 739 1646 732
13336 4 2 25 33 1653 686 695 687
13337 4 2 25 33 1653 687 696 688
13338 4 2 25 33 168 164 159 1675
13339 4 2 25 33 153 720 706 1661
13340 4 2 25 33 674 147 683 1678
13341 4 2 25 33 689 154 1671 697
13342 4 2 25 33 665 1410 1672 1409
13343 4 2 25 33 717 156 1661 734
13344 4 2 25 33 1674 666 665 1409
13345 4 2 25 33 675 143 1413 736
13346 4 2 25 33 1406 668 731 724
13347 4 2 25 33 147 684 1688 679
13348 4 2 25 33 708 707 725 1640
13349 4 2 25 33 739 725 1675 711
13350 4 2 25 33 680 685 148 1663
13351 4 2 25 33 706 720 153 1636
13352 4 2 25 33 727 710 154 1637
13353 4 2 25 33 690 698 1671 1678
13354 4 2 25 33 164 158 157 1679
13355 4 2 25 33 727 154 710 1671
13356 4 2 25 33 673 672 744 1687
13357 4 2 25 33 665 729 139 1655
13358 4 2 25 33 661 722 137 1663
13359 4 2 25 33 1672 683 1438 1678
13360 4 2 25 33 741 1688 155 1680
13361 4 2 25 33 1635 705 706 1654
13362 4 2 25 33 664 1416 678 738
13363 4 2 25 33 675 1663 143 736
13364 4 2 25 33 165 160 159 1679
13365 4 2 25 33 137 722 661 1655
13366 4 2 25 33 720 706 705 1654
13367 4 2 25 33 704 1634 1658 708
13368 4 2 25 33 690 1436 151 1678
13369 4 2 25 33 1659 1407 663 723
13370 4 2 25 33 1406 1659 667 663
13371 4 2 25 33 148 684 1681 1440
13372 4 2 25 33 723 663 1668 1418
13373 4 2 25 33 1688 691 699 1680
13374 4 2 25 33 162 157 160 1679
13375 4 2 25 33 1683 676 737 1687
13376 4 2 25 33 685 137 145 1663
13377 4 2 25 33 151 1688 1439 691
13378 4 2 25 33 1688 151 155 699
13379 4 2 25 33 676 1683 672 1687
13380 4 2 25 33 680 137 685 1663
13381 4 2 25 33 680 137 1663 1417
13382 4 2 25 33 1683 743 672 1687
13383 4 2 25 33 673 672 1677 744
13384 4 2 25 33 1663 143 680 1417
13385 4 2 25 33 151 155 698 1678
13386 4 2 25 33 667 1407 1659 730
13387 4 2 25 33 158 164 159 1679
13388 4 2 25 33 662 663 723 1418
13389 4 2 25 33 725 1640 707 711
13390 4 2 25 33 1678 155 1671 741
13391 4 2 25 33 710 709 1635 1654
13392 4 2 25 33 164 157 162 1679
13393 4 2 25 33 1440 148 152 735
13394 4 2 25 33 1663 137 661 1417
13395 4 2 25 33 705 706 720 1662
13396 4 2 25 33 709 710 727 1654
13397 4 2 25 33 148 143 680 1663
13398 4 2 25 33 676 1412 1683 675
13399 4 2 25 33 662 1415 1418 1664
13400 4 2 25 33 1418 1668 737 677
13401 4 2 25 33 1640 725 739 711
13402 4 2 25 33 1662 716 717 734
13403 4 2 25 33 1417 1663 143 675
13404 4 2 25 33 152 148 1441 735
13405 4 2 25 33 702 153 706 1661
13406 4 2 25 33 721 149 145 1442
13407 4 2 25 33 715 714 732 1650
13408 4 2 25 33 665 139 670 1655
13409 4 2 25 33 740 712 1686 1682
13410 4 2 25 33 1436 147 151 1678
13411 4 2 25 33 1641 709 1673 712
13412 4 2 25 33 1686 1644 712 715
13413 4 2 25 33 154 710 1671 697
13414 4 2 25 33 1656 722 661 662
13415 4 2 25 33 703 704 718 1650
13416 4 2 25 33 1416 1668 663 677
13417 4 2 25 33 165 162 160 1679
13418 4 2 25 33 662 663 1407 723
13419 4 2 25 33 1676 1673 709 712
13420 4 2 25 33 742 1681 141 1688
13421 4 2 25 33 1661 701 156 717
13422 4 2 25 33 146 683 1437 1672
13423 4 2 25 33 1416 664 724 738
13424 4 2 25 33 709 726 1673 1676
13425 4 2 25 33 147 151 1688 1439
13426 4 2 25 33 147 679 1688 141
13427 4 2 25 33 159 168 165 1679
13428 4 2 25 33 1656 729 666 665
13429 4 2 25 33 1673 710 1641 1638
13430 4 2 25 33 715 714 1646 732
13431 4 2 25 33 661 669 137 1655
13432 4 2 25 33 730 666 1674 1677
13433 4 2 25 33 1646 739 712 1686
13434 4 2 25 33 708 1658 704 1633
13435 4 2 25 33 1676 1673 712 740
13436 4 2 25 33 712 1644 1686 1682
13437 4 2 25 33 1664 1415 1418 676
13438 4 2 25 33 739 1640 712 1676
13439 4 2 25 33 1681 1412 141 679
13440 4 2 25 33 674 147 1678 141
13441 4 2 25 33 1650 704 1667 715
13442 4 2 25 33 710 1671 697 1638
13443 4 2 25 33 148 684 143 1681
13444 4 2 25 33 1681 143 1413 679
13445 4 2 25 33 737 676 1418 677
13446 4 2 25 33 717 716 1682 734
13447 4 2 25 33 709 708 1676 712
13448 4 2 25 33 1681 1688 684 679
13449 4 2 25 33 1640 739 712 711
13450 4 2 25 33 672 1674 666 1677
13451 4 2 25 33 667 666 1407 730
13452 4 2 25 33 703 1632 1660 707
13453 4 2 25 33 662 661 1656 1404
13454 4 2 25 33 1688 1681 141 679
13455 4 2 25 33 168 159 164 1679
13456 4 2 25 33 1681 141 1412 742
13457 4 2 25 33 1647 702 706 1661
13458 4 2 25 33 1661 1647 701 717
13459 4 2 25 33 665 666 1656 1404
13460 4 2 25 33 677 676 672 1687
13461 4 2 25 33 742 141 1672 1678
13462 4 2 25 33 725 1634 707 708
13463 4 2 25 33 703 704 1634 718
13464 4 2 25 33 1672 674 683 1678
13465 4 2 25 33 1634 718 704 1658
13466 4 2 25 33 725 1634 708 1658
13467 4 2 25 33 143 1681 684 679
13468 4 2 25 33 1415 662 661 1664
13469 4 2 25 33 715 1667 1650 732
13470 4 2 25 33 718 704 1667 1650
13471 4 2 25 33 722 661 662 1664
13472 4 2 25 33 677 737 676 1687
13473 4 2 25 33 673 667 731 1677
13474 4 2 25 33 739 1646 712 711
13475 4 2 25 33 726 709 708 1676
13476 4 2 25 33 711 1643 1685 714
13477 4 2 25 33 155 151 1688 741
13478 4 2 25 33 1666 1648 703 714
13479 4 2 25 33 666 667 672 1677
13480 4 2 25 33 672 743 1674 1677
13481 4 2 25 33 1674 743 672 671
13482 4 2 25 33 1659 1407 667 663
13483 4 2 25 33 719 705 1633 1654
13484 4 2 25 33 666 729 1674 665
13485 4 2 25 33 716 1649 715 733
13486 4 2 25 33 704 705 719 1649
13487 4 2 25 33 141 674 1672 1678
13488 4 2 25 33 1682 1642 1644 717
13489 4 2 25 33 1415 1664 675 676
13490 4 2 25 33 1672 674 141 1409
13491 4 2 25 33 661 1415 1664 1417
13492 4 2 25 33 696 1631 1653 1637
13493 4 2 25 33 1653 695 1636 1631
13494 4 2 25 33 1664 675 676 736
13495 4 2 25 33 151 155 1678 741
13496 4 2 25 33 1415 1664 1417 675
13497 4 2 25 33 668 667 731 673
13498 4 2 25 33 1639 1675 707 711
13499 4 2 25 33 672 743 1683 671
13500 4 2 25 33 1631 1653 695 696
13501 4 2 25 33 1405 138 140 1657
13502 4 2 25 33 738 673 744 1687
13503 4 2 25 33 727 710 709 1673
13504 4 2 25 33 676 675 1683 736
13505 4 2 25 33 704 705 1633 719
13506 4 2 25 33 742 1672 141 1409
13507 4 2 25 33 1668 663 724 1416
13508 4 2 25 33 671 1412 141 742
13509 4 2 25 33 1652 157 158 1679
13510 4 2 25 33 713 712 1641 740
13511 4 2 25 33 146 139 683 1672
13512 4 2 25 33 1656 1407 723 662
13513 4 2 25 33 1633 709 726 1654
13514 4 2 25 33 1662 1649 705 1651
13515 4 2 25 33 1662 1649 1651 716
13516 4 2 25 33 1662 1649 716 733
13517 4 2 25 33 704 1649 1667 715
13518 4 2 25 33 140 138 1425 1669
13519 4 2 25 33 1638 1641 1673 713
13520 4 2 25 33 1649 705 719 1662
13521 4 2 25 33 1404 665 670 1655
13522 4 2 25 33 1404 669 661 1655
13523 4 2 25 33 666 1656 1407 730
13524 4 2 25 33 158 157 1632 1660
13525 4 2 25 33 730 667 666 1677
13526 4 2 25 33 1665 138 144 1414
13527 4 2 25 33 1416 1668 677 738
13528 4 2 25 33 1652 159 160 1679
13529 4 2 25 33 724 1659 1406 663
13530 4 2 25 33 1410 674 139 1672
13531 4 2 25 33 1657 668 1405 664
13532 4 2 25 33 144 142 1684 1411
13533 4 2 25 33 708 709 726 1633
13534 4 2 25 33 713 1642 1644 1682
13535 4 2 25 33 713 712 740 1644
13536 4 2 25 33 144 142 1425 1669
13537 4 2 25 33 742 141 147 1688
13538 4 2 25 33 674 683 139 1672
13539 4 2 25 33 1659 667 731 1406
13540 4 2 25 33 744 673 731 1677
13541 4 2 25 33 697 1671 689 690
13542 4 2 25 33 716 1682 1644 717
13543 4 2 25 33 141 671 742 1409
13544 4 2 25 33 1411 1684 678 673
13545 4 2 25 33 147 141 742 1678
13546 4 2 25 33 160 159 1643 1685
13547 4 2 25 33 1673 710 709 1641
13548 4 2 25 33 1648 157 160 1666
13549 4 2 25 33 713 1641 1673 740
13550 4 2 25 33 1642 1680 700 1645
13551 4 2 25 33 1414 1665 664 678
13552 4 2 25 33 1670 142 140 1408
13553 4 2 25 33 682 669 1655 681
13554 4 2 25 33 699 1642 1680 700
13555 4 2 25 33 1413 1412 1681 679
13556 4 2 25 33 712 1673 1641 740
13557 4 2 25 33 691 699 1680 700
13558 4 2 25 33 698 697 1671 1638
13559 4 2 25 33 1671 697 698 690
13560 4 2 25 33 668 1670 1408 673
13561 4 2 25 33 1680 691 700 692
13562 4 2 25 33 693 694 702 1661
13563 4 2 25 33 159 158 1639 1675
13564 4 2 25 33 1652 160 157 1679
13565 4 2 25 33 1672 1410 674 1409
13566 4 2 25 33 663 1668 1418 677
13567 4 2 25 33 1633 705 1635 1654
13568 4 2 25 33 138 144 1425 1669
13569 4 2 25 33 1404 670 669 1655
13570 4 2 25 33 740 713 1644 1682
13571 4 2 25 33 1652 158 159 1679
13572 4 2 25 33 1644 712 740 1682
13573 4 2 25 33 1425 142 140 1669
13574 4 2 25 33 701 693 702 1661
13575 4 2 25 33 1633 1635 709 1654
13576 4 2 25 33 695 1653 687 696
13577 4 2 25 33 669 682 1655 670
13578 4 2 25 33 702 1647 701 1661
13579 4 2 25 33 694 149 721 1442
13580 4 2 25 33 721 149 694 1661
13581 4 2 25 33 721 1663 694 1442
13582 4 2 25 33 694 1663 721 1661
13583 4 2 25 33 1663 693 735 1661
13584 4 2 25 33 1663 735 693 1441
13585 4 2 25 33 152 735 693 1661
13586 4 2 25 33 152 693 735 1441
13587 4 2 25 33 159 1675 711 739
13588 4 2 25 33 159 711 1675 1639
13589 4 2 25 33 706 1653 1654 720
13590 4 2 25 33 1654 1653 706 1631
13591 4 2 25 33 1653 710 1654 727
13592 4 2 25 33 1653 1654 710 1631
13593 4 2 25 33 713 1671 155 741
13594 4 2 25 33 713 155 1671 1638
13595 4 2 25 33 1688 692 1681 684
13596 4 2 25 33 1681 692 1688 1680
13597 4 2 25 33 1657 138 163 161
13598 4 2 25 33 1657 163 138 140
13599 4 2 25 33 1669 163 138 161
13600 4 2 25 33 1669 138 163 140
13601 4 2 25 33 1684 144 167 142
13602 4 2 25 33 1684 167 144 166
13603 4 2 25 33 1669 167 144 142
13604 4 2 25 33 1669 144 167 166
13605 4 2 25 33 665 1655 1656 729
13606 4 2 25 33 1656 1655 665 1404
13607 4 2 25 33 661 1655 1656 1404
13608 4 2 25 33 1656 1655 661 722
13609 4 2 25 33 138 1665 166 161
13610 4 2 25 33 166 1665 138 144
13611 4 2 25 33 166 1669 138 161
13612 4 2 25 33 138 1669 166 144
13613 4 2 25 33 1680 713 155 741
13614 4 2 25 33 1680 155 713 1642
13615 4 2 25 33 1670 142 163 140
13616 4 2 25 33 1670 163 142 167
13617 4 2 25 33 1669 163 142 140
13618 4 2 25 33 1669 142 163 167
13619 4 2 25 33 742 1412 1683 671
13620 4 2 25 33 742 1683 1412 1681
13621 4 2 25 33 1683 736 1412 1681
13622 4 2 25 33 1683 1412 736 675
13623 4 2 25 33 1413 1412 736 1681
13624 4 2 25 33 1413 736 1412 675
13625 4 2 25 33 715 1644 1682 1686
13626 4 2 25 33 1682 1644 715 716
13627 4 2 25 33 1682 733 715 1686
13628 4 2 25 33 715 733 1682 716
13629 4 2 25 33 665 1672 139 729
13630 4 2 25 33 665 139 1672 1410
13631 4 2 25 33 673 738 677 1687
13632 4 2 25 33 673 677 738 678
13633 4 2 25 33 1666 703 732 714
13634 4 2 25 33 1666 732 703 718
13635 4 2 25 33 1650 732 703 714
13636 4 2 25 33 1650 703 732 718
$EndElements
